Journal_Name,year,e_issn,policy,policy_year,Field,All_Fields,JCR_Abbrev,sum_bar,sum_inf,sum_eligible,n_bar_or_informative,sum_only_bar,sum_only_inf,sum_bar_and_inf,n_articles,p_bar,p_informative,p_eligible,p_only_bar,p_only_inf,p_bar_and_inf
Acta Neuropathologica,2010,1432-0533,0,,Neurosciences,Clinical Neurology; Neurosciences; Pathology,ACTA NEUROPATHOL,29,14,38,38,24,9,5,79,0.7631578947368421,0.3684210526315789,0.4810126582278481,0.631578947368421,0.2368421052631578,0.131578947368421
Acta Neuropathologica,2011,1432-0533,0,,Neurosciences,Clinical Neurology; Neurosciences; Pathology,ACTA NEUROPATHOL,40,24,53,53,29,13,11,77,0.7547169811320755,0.4528301886792453,0.6883116883116883,0.5471698113207547,0.2452830188679245,0.2075471698113207
Acta Neuropathologica,2012,1432-0533,0,,Neurosciences,Clinical Neurology; Neurosciences; Pathology,ACTA NEUROPATHOL,51,34,67,67,33,16,18,93,0.7611940298507462,0.5074626865671642,0.7204301075268817,0.4925373134328358,0.2388059701492537,0.2686567164179104
Acta Neuropathologica,2013,1432-0533,0,,Neurosciences,Clinical Neurology; Neurosciences; Pathology,ACTA NEUROPATHOL,55,32,70,70,38,15,17,93,0.7857142857142857,0.4571428571428571,0.7526881720430108,0.5428571428571428,0.2142857142857142,0.2428571428571428
Acta Neuropathologica,2014,1432-0533,0,,Neurosciences,Clinical Neurology; Neurosciences; Pathology,ACTA NEUROPATHOL,40,23,50,50,27,10,13,77,0.8,0.46,0.6493506493506493,0.54,0.2,0.26
Acta Neuropathologica,2015,1432-0533,0,,Neurosciences,Clinical Neurology; Neurosciences; Pathology,ACTA NEUROPATHOL,49,41,69,69,28,20,21,83,0.7101449275362319,0.5942028985507246,0.8313253012048193,0.4057971014492754,0.2898550724637681,0.3043478260869565
Acta Neuropathologica,2016,1432-0533,0,,Neurosciences,Clinical Neurology; Neurosciences; Pathology,ACTA NEUROPATHOL,49,32,59,59,27,10,22,72,0.8305084745762712,0.5423728813559322,0.8194444444444444,0.4576271186440678,0.1694915254237288,0.3728813559322034
Acta Neuropathologica,2017,1432-0533,0,,Neurosciences,Clinical Neurology; Neurosciences; Pathology,ACTA NEUROPATHOL,47,42,65,65,23,18,24,89,0.7230769230769231,0.6461538461538462,0.7303370786516854,0.3538461538461538,0.2769230769230769,0.3692307692307692
Acta Neuropathologica,2018,1432-0533,0,,Neurosciences,Clinical Neurology; Neurosciences; Pathology,ACTA NEUROPATHOL,41,50,66,66,16,25,25,88,0.6212121212121212,0.7575757575757576,0.75,0.2424242424242424,0.3787878787878788,0.3787878787878788
Acta Neuropathologica,2019,1432-0533,0,,Neurosciences,Clinical Neurology; Neurosciences; Pathology,ACTA NEUROPATHOL,41,56,69,69,13,28,28,82,0.5942028985507246,0.8115942028985508,0.8414634146341463,0.1884057971014492,0.4057971014492754,0.4057971014492754
Acta Neuropathologica,2020,1432-0533,0,,Neurosciences,Clinical Neurology; Neurosciences; Pathology,ACTA NEUROPATHOL,32,58,68,68,10,36,22,83,0.4705882352941176,0.8529411764705882,0.8192771084337349,0.1470588235294117,0.5294117647058824,0.3235294117647059
Acta Neuropathologica,2021,1432-0533,0,,Neurosciences,Clinical Neurology; Neurosciences; Pathology,ACTA NEUROPATHOL,31,67,73,73,6,42,25,87,0.4246575342465753,0.9178082191780822,0.8390804597701149,0.0821917808219178,0.5753424657534246,0.3424657534246575
Acta Neuropathologica,2022,1432-0533,0,,Neurosciences,Clinical Neurology; Neurosciences; Pathology,ACTA NEUROPATHOL,24,61,65,65,4,41,20,77,0.3692307692307692,0.9384615384615383,0.8441558441558441,0.0615384615384615,0.6307692307692307,0.3076923076923077
Acta Neuropathologica,2023,1432-0533,0,,Neurosciences,Clinical Neurology; Neurosciences; Pathology,ACTA NEUROPATHOL,25,64,68,68,4,43,21,84,0.3676470588235294,0.9411764705882352,0.8095238095238095,0.0588235294117647,0.6323529411764706,0.3088235294117647
Acta Neuropathologica,2024,1432-0533,0,,Neurosciences,Clinical Neurology; Neurosciences; Pathology,ACTA NEUROPATHOL,28,102,108,108,6,80,22,128,0.2592592592592592,0.9444444444444444,0.84375,0.0555555555555555,0.7407407407407407,0.2037037037037037
Acta Neuropathologica,2025,1432-0533,0,,Neurosciences,Clinical Neurology; Neurosciences; Pathology,ACTA NEUROPATHOL,25,78,83,83,5,58,20,94,0.3012048192771084,0.9397590361445785,0.8829787234042553,0.0602409638554216,0.6987951807228916,0.2409638554216867
Acta Pharmacologica Sinica,2010,1745-7254,1,2013,Pharmacology & Pharmacy,"Chemistry, Multidisciplinary; Pharmacology & Pharmacy",ACTA PHARMACOL SIN,139,27,141,141,114,2,25,171,0.9858156028368794,0.1914893617021276,0.8245614035087719,0.8085106382978723,0.0141843971631205,0.1773049645390071
Acta Pharmacologica Sinica,2011,1745-7254,1,2013,Pharmacology & Pharmacy,"Chemistry, Multidisciplinary; Pharmacology & Pharmacy",ACTA PHARMACOL SIN,123,17,125,125,108,2,15,155,0.984,0.136,0.8064516129032258,0.864,0.016,0.12
Acta Pharmacologica Sinica,2012,1745-7254,1,2013,Pharmacology & Pharmacy,"Chemistry, Multidisciplinary; Pharmacology & Pharmacy",ACTA PHARMACOL SIN,113,22,123,123,101,10,12,152,0.91869918699187,0.1788617886178861,0.8092105263157895,0.8211382113821138,0.08130081300813,0.0975609756097561
Acta Pharmacologica Sinica,2013,1745-7254,1,2013,Pharmacology & Pharmacy,"Chemistry, Multidisciplinary; Pharmacology & Pharmacy",ACTA PHARMACOL SIN,119,29,124,124,95,5,24,143,0.9596774193548387,0.2338709677419354,0.8671328671328671,0.7661290322580645,0.0403225806451612,0.1935483870967742
Acta Pharmacologica Sinica,2014,1745-7254,1,2013,Pharmacology & Pharmacy,"Chemistry, Multidisciplinary; Pharmacology & Pharmacy",ACTA PHARMACOL SIN,132,23,133,133,110,1,22,149,0.9924812030075189,0.1729323308270676,0.8926174496644296,0.8270676691729323,0.0075187969924812,0.1654135338345864
Acta Pharmacologica Sinica,2015,1745-7254,1,2013,Pharmacology & Pharmacy,"Chemistry, Multidisciplinary; Pharmacology & Pharmacy",ACTA PHARMACOL SIN,89,22,95,95,73,6,16,119,0.936842105263158,0.231578947368421,0.7983193277310925,0.7684210526315789,0.0631578947368421,0.1684210526315789
Acta Pharmacologica Sinica,2016,1745-7254,1,2013,Pharmacology & Pharmacy,"Chemistry, Multidisciplinary; Pharmacology & Pharmacy",ACTA PHARMACOL SIN,119,34,124,124,90,5,29,138,0.9596774193548387,0.2741935483870967,0.8985507246376812,0.7258064516129032,0.0403225806451612,0.2338709677419354
Acta Pharmacologica Sinica,2017,1745-7254,1,2013,Pharmacology & Pharmacy,"Chemistry, Multidisciplinary; Pharmacology & Pharmacy",ACTA PHARMACOL SIN,111,28,113,113,85,2,26,127,0.9823008849557522,0.247787610619469,0.889763779527559,0.7522123893805309,0.0176991150442477,0.2300884955752212
Acta Pharmacologica Sinica,2018,1745-7254,1,2013,Pharmacology & Pharmacy,"Chemistry, Multidisciplinary; Pharmacology & Pharmacy",ACTA PHARMACOL SIN,122,37,130,130,93,8,29,142,0.9384615384615383,0.2846153846153846,0.9154929577464788,0.7153846153846154,0.0615384615384615,0.2230769230769231
Acta Pharmacologica Sinica,2019,1745-7254,1,2013,Pharmacology & Pharmacy,"Chemistry, Multidisciplinary; Pharmacology & Pharmacy",ACTA PHARMACOL SIN,127,51,133,133,82,6,45,148,0.9548872180451128,0.3834586466165413,0.8986486486486487,0.6165413533834586,0.0451127819548872,0.3383458646616541
Acta Pharmacologica Sinica,2020,1745-7254,1,2013,Pharmacology & Pharmacy,"Chemistry, Multidisciplinary; Pharmacology & Pharmacy",ACTA PHARMACOL SIN,112,35,115,115,80,3,32,127,0.9739130434782608,0.3043478260869565,0.905511811023622,0.6956521739130435,0.0260869565217391,0.2782608695652174
Acta Pharmacologica Sinica,2021,1745-7254,1,2013,Pharmacology & Pharmacy,"Chemistry, Multidisciplinary; Pharmacology & Pharmacy",ACTA PHARMACOL SIN,155,77,169,169,92,14,63,175,0.9171597633136096,0.4556213017751479,0.9657142857142856,0.5443786982248521,0.0828402366863905,0.3727810650887574
Acta Pharmacologica Sinica,2022,1745-7254,1,2013,Pharmacology & Pharmacy,"Chemistry, Multidisciplinary; Pharmacology & Pharmacy",ACTA PHARMACOL SIN,172,144,215,215,71,43,101,224,0.8,0.6697674418604651,0.9598214285714286,0.3302325581395349,0.2,0.4697674418604651
Acta Pharmacologica Sinica,2023,1745-7254,1,2013,Pharmacology & Pharmacy,"Chemistry, Multidisciplinary; Pharmacology & Pharmacy",ACTA PHARMACOL SIN,113,132,173,173,41,60,72,179,0.653179190751445,0.7630057803468208,0.9664804469273744,0.2369942196531791,0.3468208092485549,0.4161849710982659
Acta Pharmacologica Sinica,2024,1745-7254,1,2013,Pharmacology & Pharmacy,"Chemistry, Multidisciplinary; Pharmacology & Pharmacy",ACTA PHARMACOL SIN,94,145,167,167,22,73,72,171,0.562874251497006,0.8682634730538922,0.9766081871345028,0.1317365269461078,0.437125748502994,0.4311377245508982
Acta Pharmacologica Sinica,2025,1745-7254,1,2013,Pharmacology & Pharmacy,"Chemistry, Multidisciplinary; Pharmacology & Pharmacy",ACTA PHARMACOL SIN,124,198,228,228,30,104,94,239,0.543859649122807,0.868421052631579,0.9539748953974896,0.131578947368421,0.4561403508771929,0.4122807017543859
Acta Physiologica,2010,1748-1716,0,,Physiology,Physiology,ACTA PHYSIOL,57,12,63,63,51,6,6,82,0.9047619047619048,0.1904761904761904,0.7682926829268293,0.8095238095238095,0.0952380952380952,0.0952380952380952
Acta Physiologica,2011,1748-1716,0,,Physiology,Physiology,ACTA PHYSIOL,68,12,71,71,59,3,9,86,0.9577464788732394,0.1690140845070422,0.8255813953488372,0.8309859154929577,0.0422535211267605,0.1267605633802817
Acta Physiologica,2012,1748-1716,0,,Physiology,Physiology,ACTA PHYSIOL,59,7,60,60,53,1,6,81,0.9833333333333332,0.1166666666666666,0.7407407407407407,0.8833333333333333,0.0166666666666666,0.1
Acta Physiologica,2013,1748-1716,0,,Physiology,Physiology,ACTA PHYSIOL,68,8,69,69,61,1,7,85,0.9855072463768116,0.1159420289855072,0.8117647058823529,0.8840579710144928,0.0144927536231884,0.1014492753623188
Acta Physiologica,2014,1748-1716,0,,Physiology,Physiology,ACTA PHYSIOL,97,19,101,101,82,4,15,113,0.9603960396039604,0.1881188118811881,0.8938053097345132,0.8118811881188119,0.0396039603960396,0.1485148514851485
Acta Physiologica,2015,1748-1716,0,,Physiology,Physiology,ACTA PHYSIOL,66,17,68,68,51,2,15,75,0.9705882352941176,0.25,0.9066666666666666,0.75,0.0294117647058823,0.2205882352941176
Acta Physiologica,2016,1748-1716,0,,Physiology,Physiology,ACTA PHYSIOL,47,5,48,48,43,1,4,54,0.9791666666666666,0.1041666666666666,0.8888888888888888,0.8958333333333334,0.0208333333333333,0.0833333333333333
Acta Physiologica,2017,1748-1716,0,,Physiology,Physiology,ACTA PHYSIOL,56,17,61,61,44,5,12,66,0.918032786885246,0.2786885245901639,0.9242424242424242,0.7213114754098361,0.081967213114754,0.1967213114754098
Acta Physiologica,2018,1748-1716,0,,Physiology,Physiology,ACTA PHYSIOL,68,25,77,77,52,9,16,83,0.8831168831168831,0.3246753246753247,0.927710843373494,0.6753246753246753,0.1168831168831168,0.2077922077922078
Acta Physiologica,2019,1748-1716,0,,Physiology,Physiology,ACTA PHYSIOL,61,31,75,75,44,14,17,80,0.8133333333333334,0.4133333333333333,0.9375,0.5866666666666667,0.1866666666666666,0.2266666666666666
Acta Physiologica,2020,1748-1716,0,,Physiology,Physiology,ACTA PHYSIOL,44,33,57,57,24,13,20,59,0.7719298245614035,0.5789473684210527,0.9661016949152542,0.4210526315789473,0.2280701754385964,0.3508771929824561
Acta Physiologica,2021,1748-1716,0,,Physiology,Physiology,ACTA PHYSIOL,47,56,75,75,19,28,28,77,0.6266666666666667,0.7466666666666667,0.974025974025974,0.2533333333333333,0.3733333333333333,0.3733333333333333
Acta Physiologica,2022,1748-1716,0,,Physiology,Physiology,ACTA PHYSIOL,32,45,55,55,10,23,22,57,0.5818181818181818,0.8181818181818182,0.9649122807017544,0.1818181818181818,0.4181818181818181,0.4
Acta Physiologica,2023,1748-1716,0,,Physiology,Physiology,ACTA PHYSIOL,23,40,48,48,8,25,15,53,0.4791666666666667,0.8333333333333334,0.9056603773584906,0.1666666666666666,0.5208333333333334,0.3125
Acta Physiologica,2024,1748-1716,0,,Physiology,Physiology,ACTA PHYSIOL,31,67,79,79,12,48,19,86,0.3924050632911392,0.8481012658227848,0.9186046511627908,0.1518987341772152,0.6075949367088608,0.240506329113924
Acta Physiologica,2025,1748-1716,0,,Physiology,Physiology,ACTA PHYSIOL,26,68,73,73,5,47,21,80,0.3561643835616438,0.9315068493150684,0.9125,0.0684931506849315,0.6438356164383562,0.2876712328767123
Aging Male,2010,1473-0790,0,,Urology & Nephrology,Endocrinology & Metabolism; Urology & Nephrology,AGING MALE,8,3,11,11,8,3,0,33,0.7272727272727273,0.2727272727272727,0.3333333333333333,0.7272727272727273,0.2727272727272727,0.0
Aging Male,2011,1473-0790,0,,Urology & Nephrology,Endocrinology & Metabolism; Urology & Nephrology,AGING MALE,7,6,11,11,5,4,2,37,0.6363636363636364,0.5454545454545454,0.2972972972972973,0.4545454545454545,0.3636363636363636,0.1818181818181818
Aging Male,2012,1473-0790,0,,Urology & Nephrology,Endocrinology & Metabolism; Urology & Nephrology,AGING MALE,9,7,14,14,7,5,2,39,0.6428571428571429,0.5,0.358974358974359,0.5,0.3571428571428571,0.1428571428571428
Aging Male,2013,1473-0790,0,,Urology & Nephrology,Endocrinology & Metabolism; Urology & Nephrology,AGING MALE,4,4,8,8,4,4,0,26,0.5,0.5,0.3076923076923077,0.5,0.5,0.0
Aging Male,2014,1473-0790,0,,Urology & Nephrology,Endocrinology & Metabolism; Urology & Nephrology,AGING MALE,9,2,11,11,9,2,0,36,0.8181818181818182,0.1818181818181818,0.3055555555555556,0.8181818181818182,0.1818181818181818,0.0
Aging Male,2015,1473-0790,0,,Urology & Nephrology,Endocrinology & Metabolism; Urology & Nephrology,AGING MALE,13,3,14,14,11,1,2,37,0.9285714285714286,0.2142857142857142,0.3783783783783784,0.7857142857142857,0.0714285714285714,0.1428571428571428
Aging Male,2016,1473-0790,0,,Urology & Nephrology,Endocrinology & Metabolism; Urology & Nephrology,AGING MALE,5,1,5,5,4,0,1,36,1.0,0.2,0.1388888888888889,0.8,0.0,0.2
Aging Male,2017,1473-0790,0,,Urology & Nephrology,Endocrinology & Metabolism; Urology & Nephrology,AGING MALE,7,2,9,9,7,2,0,34,0.7777777777777778,0.2222222222222222,0.2647058823529412,0.7777777777777778,0.2222222222222222,0.0
Aging Male,2018,1473-0790,0,,Urology & Nephrology,Endocrinology & Metabolism; Urology & Nephrology,AGING MALE,7,2,9,9,7,2,0,37,0.7777777777777778,0.2222222222222222,0.2432432432432432,0.7777777777777778,0.2222222222222222,0.0
Aging Male,2019,1473-0790,0,,Urology & Nephrology,Endocrinology & Metabolism; Urology & Nephrology,AGING MALE,2,3,5,5,2,3,0,24,0.4,0.6,0.2083333333333333,0.4,0.6,0.0
Aging Male,2020,1473-0790,0,,Urology & Nephrology,Endocrinology & Metabolism; Urology & Nephrology,AGING MALE,24,14,34,34,20,10,4,175,0.7058823529411765,0.4117647058823529,0.1942857142857142,0.5882352941176471,0.2941176470588235,0.1176470588235294
Aging Male,2021,1473-0790,0,,Urology & Nephrology,Endocrinology & Metabolism; Urology & Nephrology,AGING MALE,1,2,3,3,1,2,0,15,0.3333333333333333,0.6666666666666666,0.2,0.3333333333333333,0.6666666666666666,0.0
Aging Male,2022,1473-0790,0,,Urology & Nephrology,Endocrinology & Metabolism; Urology & Nephrology,AGING MALE,1,4,5,5,1,4,0,23,0.2,0.8,0.217391304347826,0.2,0.8,0.0
Aging Male,2023,1473-0790,0,,Urology & Nephrology,Endocrinology & Metabolism; Urology & Nephrology,AGING MALE,4,2,6,6,4,2,0,24,0.6666666666666666,0.3333333333333333,0.25,0.6666666666666666,0.3333333333333333,0.0
Aging Male,2024,1473-0790,0,,Urology & Nephrology,Endocrinology & Metabolism; Urology & Nephrology,AGING MALE,2,5,7,7,2,5,0,30,0.2857142857142857,0.7142857142857143,0.2333333333333333,0.2857142857142857,0.7142857142857143,0.0
Aging Male,2025,1473-0790,0,,Urology & Nephrology,Endocrinology & Metabolism; Urology & Nephrology,AGING MALE,7,3,9,9,6,2,1,42,0.7777777777777778,0.3333333333333333,0.2142857142857142,0.6666666666666666,0.2222222222222222,0.1111111111111111
Alimentary Pharmacology & Therapeutics,2010,1365-2036,0,,Pharmacology & Pharmacy,Gastroenterology & Hepatology; Pharmacology & Pharmacy,ALIMENT PHARM THER,31,36,63,63,27,32,4,207,0.492063492063492,0.5714285714285714,0.3043478260869565,0.4285714285714285,0.5079365079365079,0.0634920634920634
Alimentary Pharmacology & Therapeutics,2011,1365-2036,0,,Pharmacology & Pharmacy,Gastroenterology & Hepatology; Pharmacology & Pharmacy,ALIMENT PHARM THER,39,35,71,71,36,32,3,178,0.5492957746478874,0.4929577464788732,0.398876404494382,0.5070422535211268,0.4507042253521127,0.0422535211267605
Alimentary Pharmacology & Therapeutics,2012,1365-2036,0,,Pharmacology & Pharmacy,Gastroenterology & Hepatology; Pharmacology & Pharmacy,ALIMENT PHARM THER,31,32,60,60,28,29,3,173,0.5166666666666667,0.5333333333333333,0.3468208092485549,0.4666666666666667,0.4833333333333333,0.05
Alimentary Pharmacology & Therapeutics,2013,1365-2036,0,,Pharmacology & Pharmacy,Gastroenterology & Hepatology; Pharmacology & Pharmacy,ALIMENT PHARM THER,24,30,50,50,20,26,4,157,0.48,0.6,0.3184713375796178,0.4,0.52,0.08
Alimentary Pharmacology & Therapeutics,2014,1365-2036,0,,Pharmacology & Pharmacy,Gastroenterology & Hepatology; Pharmacology & Pharmacy,ALIMENT PHARM THER,23,29,46,46,17,23,6,145,0.5,0.6304347826086957,0.3172413793103448,0.3695652173913043,0.5,0.1304347826086956
Alimentary Pharmacology & Therapeutics,2015,1365-2036,0,,Pharmacology & Pharmacy,Gastroenterology & Hepatology; Pharmacology & Pharmacy,ALIMENT PHARM THER,23,48,62,62,14,39,9,152,0.3709677419354839,0.7741935483870968,0.4078947368421052,0.2258064516129032,0.6290322580645161,0.1451612903225806
Alimentary Pharmacology & Therapeutics,2016,1365-2036,0,,Pharmacology & Pharmacy,Gastroenterology & Hepatology; Pharmacology & Pharmacy,ALIMENT PHARM THER,27,54,73,73,19,46,8,153,0.3698630136986301,0.7397260273972602,0.477124183006536,0.2602739726027397,0.6301369863013698,0.1095890410958904
Alimentary Pharmacology & Therapeutics,2017,1365-2036,0,,Pharmacology & Pharmacy,Gastroenterology & Hepatology; Pharmacology & Pharmacy,ALIMENT PHARM THER,17,41,54,54,13,37,4,163,0.3148148148148148,0.7592592592592593,0.3312883435582822,0.2407407407407407,0.6851851851851852,0.074074074074074
Alimentary Pharmacology & Therapeutics,2018,1365-2036,0,,Pharmacology & Pharmacy,Gastroenterology & Hepatology; Pharmacology & Pharmacy,ALIMENT PHARM THER,30,44,61,61,17,31,13,188,0.4918032786885246,0.7213114754098361,0.324468085106383,0.2786885245901639,0.5081967213114754,0.2131147540983606
Alimentary Pharmacology & Therapeutics,2019,1365-2036,0,,Pharmacology & Pharmacy,Gastroenterology & Hepatology; Pharmacology & Pharmacy,ALIMENT PHARM THER,22,36,51,51,15,29,7,168,0.4313725490196078,0.7058823529411765,0.3035714285714285,0.2941176470588235,0.5686274509803921,0.1372549019607843
Alimentary Pharmacology & Therapeutics,2020,1365-2036,0,,Pharmacology & Pharmacy,Gastroenterology & Hepatology; Pharmacology & Pharmacy,ALIMENT PHARM THER,27,39,59,59,20,32,7,169,0.4576271186440678,0.6610169491525424,0.3491124260355029,0.3389830508474576,0.5423728813559322,0.1186440677966101
Alimentary Pharmacology & Therapeutics,2021,1365-2036,0,,Pharmacology & Pharmacy,Gastroenterology & Hepatology; Pharmacology & Pharmacy,ALIMENT PHARM THER,12,34,44,44,10,32,2,146,0.2727272727272727,0.7727272727272727,0.3013698630136986,0.2272727272727272,0.7272727272727273,0.0454545454545454
Alimentary Pharmacology & Therapeutics,2022,1365-2036,0,,Pharmacology & Pharmacy,Gastroenterology & Hepatology; Pharmacology & Pharmacy,ALIMENT PHARM THER,17,38,49,49,11,32,6,158,0.3469387755102041,0.7755102040816326,0.310126582278481,0.2244897959183673,0.6530612244897959,0.1224489795918367
Alimentary Pharmacology & Therapeutics,2023,1365-2036,0,,Pharmacology & Pharmacy,Gastroenterology & Hepatology; Pharmacology & Pharmacy,ALIMENT PHARM THER,18,39,50,50,11,32,7,138,0.36,0.78,0.3623188405797101,0.22,0.64,0.14
Alimentary Pharmacology & Therapeutics,2024,1365-2036,0,,Pharmacology & Pharmacy,Gastroenterology & Hepatology; Pharmacology & Pharmacy,ALIMENT PHARM THER,22,34,51,51,17,29,5,153,0.4313725490196078,0.6666666666666666,0.3333333333333333,0.3333333333333333,0.5686274509803921,0.0980392156862745
Alimentary Pharmacology & Therapeutics,2025,1365-2036,0,,Pharmacology & Pharmacy,Gastroenterology & Hepatology; Pharmacology & Pharmacy,ALIMENT PHARM THER,22,40,57,57,17,35,5,194,0.3859649122807017,0.7017543859649122,0.2938144329896907,0.2982456140350877,0.6140350877192983,0.087719298245614
American Journal of Cardiovascular Drugs,2010,1179-187X,0,,Cardiac & Cardiovascular Systems,Cardiac & Cardiovascular Systems; Pharmacology & Pharmacy,AM J CARDIOVASC DRUG,6,1,7,7,6,1,0,22,0.8571428571428571,0.1428571428571428,0.3181818181818182,0.8571428571428571,0.1428571428571428,0.0
American Journal of Cardiovascular Drugs,2011,1179-187X,0,,Cardiac & Cardiovascular Systems,Cardiac & Cardiovascular Systems; Pharmacology & Pharmacy,AM J CARDIOVASC DRUG,2,1,3,3,2,1,0,16,0.6666666666666666,0.3333333333333333,0.1875,0.6666666666666666,0.3333333333333333,0.0
American Journal of Cardiovascular Drugs,2012,1179-187X,0,,Cardiac & Cardiovascular Systems,Cardiac & Cardiovascular Systems; Pharmacology & Pharmacy,AM J CARDIOVASC DRUG,8,2,9,9,7,1,1,19,0.8888888888888888,0.2222222222222222,0.4736842105263157,0.7777777777777778,0.1111111111111111,0.1111111111111111
American Journal of Cardiovascular Drugs,2013,1179-187X,0,,Cardiac & Cardiovascular Systems,Cardiac & Cardiovascular Systems; Pharmacology & Pharmacy,AM J CARDIOVASC DRUG,5,1,6,6,5,1,0,20,0.8333333333333334,0.1666666666666666,0.3,0.8333333333333334,0.1666666666666666,0.0
American Journal of Cardiovascular Drugs,2014,1179-187X,0,,Cardiac & Cardiovascular Systems,Cardiac & Cardiovascular Systems; Pharmacology & Pharmacy,AM J CARDIOVASC DRUG,3,2,5,5,3,2,0,17,0.6,0.4,0.2941176470588235,0.6,0.4,0.0
American Journal of Cardiovascular Drugs,2015,1179-187X,0,,Cardiac & Cardiovascular Systems,Cardiac & Cardiovascular Systems; Pharmacology & Pharmacy,AM J CARDIOVASC DRUG,0,3,3,3,0,3,0,13,0.0,1.0,0.2307692307692307,0.0,1.0,0.0
American Journal of Cardiovascular Drugs,2016,1179-187X,0,,Cardiac & Cardiovascular Systems,Cardiac & Cardiovascular Systems; Pharmacology & Pharmacy,AM J CARDIOVASC DRUG,2,3,4,4,1,2,1,14,0.5,0.75,0.2857142857142857,0.25,0.5,0.25
American Journal of Cardiovascular Drugs,2017,1179-187X,0,,Cardiac & Cardiovascular Systems,Cardiac & Cardiovascular Systems; Pharmacology & Pharmacy,AM J CARDIOVASC DRUG,1,2,2,2,0,1,1,15,0.5,1.0,0.1333333333333333,0.0,0.5,0.5
American Journal of Cardiovascular Drugs,2018,1179-187X,0,,Cardiac & Cardiovascular Systems,Cardiac & Cardiovascular Systems; Pharmacology & Pharmacy,AM J CARDIOVASC DRUG,4,3,5,5,2,1,2,23,0.8,0.6,0.217391304347826,0.4,0.2,0.4
American Journal of Cardiovascular Drugs,2019,1179-187X,0,,Cardiac & Cardiovascular Systems,Cardiac & Cardiovascular Systems; Pharmacology & Pharmacy,AM J CARDIOVASC DRUG,2,5,7,7,2,5,0,28,0.2857142857142857,0.7142857142857143,0.25,0.2857142857142857,0.7142857142857143,0.0
American Journal of Cardiovascular Drugs,2020,1179-187X,0,,Cardiac & Cardiovascular Systems,Cardiac & Cardiovascular Systems; Pharmacology & Pharmacy,AM J CARDIOVASC DRUG,1,2,3,3,1,2,0,25,0.3333333333333333,0.6666666666666666,0.12,0.3333333333333333,0.6666666666666666,0.0
American Journal of Cardiovascular Drugs,2021,1179-187X,0,,Cardiac & Cardiovascular Systems,Cardiac & Cardiovascular Systems; Pharmacology & Pharmacy,AM J CARDIOVASC DRUG,5,6,9,9,3,4,2,23,0.5555555555555556,0.6666666666666666,0.391304347826087,0.3333333333333333,0.4444444444444444,0.2222222222222222
American Journal of Cardiovascular Drugs,2022,1179-187X,0,,Cardiac & Cardiovascular Systems,Cardiac & Cardiovascular Systems; Pharmacology & Pharmacy,AM J CARDIOVASC DRUG,1,4,5,5,1,4,0,24,0.2,0.8,0.2083333333333333,0.2,0.8,0.0
American Journal of Cardiovascular Drugs,2023,1179-187X,0,,Cardiac & Cardiovascular Systems,Cardiac & Cardiovascular Systems; Pharmacology & Pharmacy,AM J CARDIOVASC DRUG,3,3,6,6,3,3,0,29,0.5,0.5,0.2068965517241379,0.5,0.5,0.0
American Journal of Cardiovascular Drugs,2024,1179-187X,0,,Cardiac & Cardiovascular Systems,Cardiac & Cardiovascular Systems; Pharmacology & Pharmacy,AM J CARDIOVASC DRUG,1,2,3,3,1,2,0,19,0.3333333333333333,0.6666666666666666,0.1578947368421052,0.3333333333333333,0.6666666666666666,0.0
American Journal of Cardiovascular Drugs,2025,1179-187X,0,,Cardiac & Cardiovascular Systems,Cardiac & Cardiovascular Systems; Pharmacology & Pharmacy,AM J CARDIOVASC DRUG,2,5,7,7,2,5,0,24,0.2857142857142857,0.7142857142857143,0.2916666666666667,0.2857142857142857,0.7142857142857143,0.0
American Journal of Human Genetics,2010,1537-6605,0,,Genetics & Heredity,Genetics & Heredity,AM J HUM GENET,50,27,70,70,43,20,7,173,0.7142857142857143,0.3857142857142857,0.4046242774566474,0.6142857142857143,0.2857142857142857,0.1
American Journal of Human Genetics,2011,1537-6605,0,,Genetics & Heredity,Genetics & Heredity,AM J HUM GENET,49,11,58,58,47,9,2,124,0.8448275862068966,0.1896551724137931,0.4677419354838709,0.8103448275862069,0.1551724137931034,0.0344827586206896
American Journal of Human Genetics,2012,1537-6605,0,,Genetics & Heredity,Genetics & Heredity,AM J HUM GENET,60,33,83,83,50,23,10,174,0.7228915662650602,0.3975903614457831,0.4770114942528735,0.6024096385542169,0.2771084337349397,0.1204819277108433
American Journal of Human Genetics,2013,1537-6605,0,,Genetics & Heredity,Genetics & Heredity,AM J HUM GENET,81,36,101,101,65,20,16,184,0.801980198019802,0.3564356435643564,0.5489130434782609,0.6435643564356436,0.198019801980198,0.1584158415841584
American Journal of Human Genetics,2014,1537-6605,0,,Genetics & Heredity,Genetics & Heredity,AM J HUM GENET,52,35,72,72,37,20,15,133,0.7222222222222222,0.4861111111111111,0.5413533834586466,0.5138888888888888,0.2777777777777778,0.2083333333333333
American Journal of Human Genetics,2015,1537-6605,0,,Genetics & Heredity,Genetics & Heredity,AM J HUM GENET,43,31,60,60,29,17,14,126,0.7166666666666667,0.5166666666666667,0.4761904761904761,0.4833333333333333,0.2833333333333333,0.2333333333333333
American Journal of Human Genetics,2016,1537-6605,0,,Genetics & Heredity,Genetics & Heredity,AM J HUM GENET,74,69,120,120,51,46,23,182,0.6166666666666667,0.575,0.6593406593406593,0.425,0.3833333333333333,0.1916666666666666
American Journal of Human Genetics,2017,1537-6605,0,,Genetics & Heredity,Genetics & Heredity,AM J HUM GENET,66,53,93,93,40,27,26,136,0.7096774193548387,0.5698924731182796,0.6838235294117647,0.4301075268817204,0.2903225806451613,0.2795698924731182
American Journal of Human Genetics,2018,1537-6605,0,,Genetics & Heredity,Genetics & Heredity,AM J HUM GENET,58,62,99,99,37,41,21,155,0.5858585858585859,0.6262626262626263,0.6387096774193548,0.3737373737373737,0.4141414141414141,0.2121212121212121
American Journal of Human Genetics,2019,1537-6605,0,,Genetics & Heredity,Genetics & Heredity,AM J HUM GENET,69,85,121,121,36,52,33,185,0.5702479338842975,0.7024793388429752,0.654054054054054,0.2975206611570248,0.4297520661157025,0.2727272727272727
American Journal of Human Genetics,2020,1537-6605,0,,Genetics & Heredity,Genetics & Heredity,AM J HUM GENET,46,77,99,99,22,53,24,141,0.4646464646464646,0.7777777777777778,0.7021276595744681,0.2222222222222222,0.5353535353535354,0.2424242424242424
American Journal of Human Genetics,2021,1537-6605,0,,Genetics & Heredity,Genetics & Heredity,AM J HUM GENET,47,79,100,100,21,53,26,139,0.47,0.79,0.7194244604316546,0.21,0.53,0.26
American Journal of Human Genetics,2022,1537-6605,0,,Genetics & Heredity,Genetics & Heredity,AM J HUM GENET,35,80,94,94,14,59,21,139,0.3723404255319149,0.851063829787234,0.6762589928057554,0.1489361702127659,0.6276595744680851,0.2234042553191489
American Journal of Human Genetics,2023,1537-6605,0,,Genetics & Heredity,Genetics & Heredity,AM J HUM GENET,35,78,87,87,9,52,26,131,0.4022988505747126,0.896551724137931,0.6641221374045801,0.1034482758620689,0.5977011494252874,0.2988505747126437
American Journal of Human Genetics,2024,1537-6605,0,,Genetics & Heredity,Genetics & Heredity,AM J HUM GENET,46,99,111,111,12,65,34,168,0.4144144144144144,0.8918918918918919,0.6607142857142857,0.1081081081081081,0.5855855855855856,0.3063063063063063
American Journal of Human Genetics,2025,1537-6605,0,,Genetics & Heredity,Genetics & Heredity,AM J HUM GENET,41,99,114,114,15,73,26,170,0.3596491228070175,0.868421052631579,0.6705882352941176,0.131578947368421,0.6403508771929824,0.2280701754385964
American Journal of Physiology-Cell Physiology,2010,1522-1563,1,2017,Physiology,Cell Biology; Physiology,AM J PHYSIOL-CELL PH,260,49,265,265,216,5,44,284,0.981132075471698,0.1849056603773584,0.9330985915492958,0.8150943396226416,0.0188679245283018,0.1660377358490566
American Journal of Physiology-Cell Physiology,2011,1522-1563,1,2017,Physiology,Cell Biology; Physiology,AM J PHYSIOL-CELL PH,243,36,246,246,210,3,33,263,0.9878048780487804,0.1463414634146341,0.935361216730038,0.8536585365853658,0.0121951219512195,0.1341463414634146
American Journal of Physiology-Cell Physiology,2012,1522-1563,1,2017,Physiology,Cell Biology; Physiology,AM J PHYSIOL-CELL PH,244,47,253,253,206,9,38,267,0.9644268774703556,0.1857707509881423,0.947565543071161,0.8142292490118577,0.0355731225296442,0.150197628458498
American Journal of Physiology-Cell Physiology,2013,1522-1563,1,2017,Physiology,Cell Biology; Physiology,AM J PHYSIOL-CELL PH,186,31,189,189,158,3,28,202,0.984126984126984,0.164021164021164,0.9356435643564356,0.8359788359788359,0.0158730158730158,0.1481481481481481
American Journal of Physiology-Cell Physiology,2014,1522-1563,1,2017,Physiology,Cell Biology; Physiology,AM J PHYSIOL-CELL PH,175,28,179,179,151,4,24,189,0.9776536312849162,0.1564245810055866,0.9470899470899472,0.8435754189944135,0.0223463687150838,0.1340782122905028
American Journal of Physiology-Cell Physiology,2015,1522-1563,1,2017,Physiology,Cell Biology; Physiology,AM J PHYSIOL-CELL PH,144,34,148,148,114,4,30,153,0.972972972972973,0.2297297297297297,0.9673202614379084,0.7702702702702703,0.027027027027027,0.2027027027027027
American Journal of Physiology-Cell Physiology,2016,1522-1563,1,2017,Physiology,Cell Biology; Physiology,AM J PHYSIOL-CELL PH,145,31,151,151,120,6,25,158,0.9602649006622516,0.2052980132450331,0.9556962025316456,0.7947019867549668,0.0397350993377483,0.1655629139072847
American Journal of Physiology-Cell Physiology,2017,1522-1563,1,2017,Physiology,Cell Biology; Physiology,AM J PHYSIOL-CELL PH,104,30,108,108,78,4,26,111,0.9629629629629628,0.2777777777777778,0.972972972972973,0.7222222222222222,0.037037037037037,0.2407407407407407
American Journal of Physiology-Cell Physiology,2018,1522-1563,1,2017,Physiology,Cell Biology; Physiology,AM J PHYSIOL-CELL PH,110,48,117,117,69,7,41,121,0.9401709401709402,0.4102564102564102,0.9669421487603306,0.5897435897435898,0.0598290598290598,0.3504273504273504
American Journal of Physiology-Cell Physiology,2019,1522-1563,1,2017,Physiology,Cell Biology; Physiology,AM J PHYSIOL-CELL PH,128,91,169,169,78,41,50,174,0.757396449704142,0.5384615384615384,0.971264367816092,0.4615384615384615,0.2426035502958579,0.2958579881656805
American Journal of Physiology-Cell Physiology,2020,1522-1563,1,2017,Physiology,Cell Biology; Physiology,AM J PHYSIOL-CELL PH,64,124,148,148,24,84,40,160,0.4324324324324324,0.8378378378378378,0.925,0.1621621621621621,0.5675675675675675,0.2702702702702703
American Journal of Physiology-Cell Physiology,2021,1522-1563,1,2017,Physiology,Cell Biology; Physiology,AM J PHYSIOL-CELL PH,45,98,102,102,4,57,41,111,0.4411764705882353,0.9607843137254902,0.918918918918919,0.0392156862745098,0.5588235294117647,0.4019607843137255
American Journal of Physiology-Cell Physiology,2022,1522-1563,1,2017,Physiology,Cell Biology; Physiology,AM J PHYSIOL-CELL PH,38,99,108,108,9,70,29,109,0.3518518518518518,0.9166666666666666,0.9908256880733946,0.0833333333333333,0.6481481481481481,0.2685185185185185
American Journal of Physiology-Cell Physiology,2023,1522-1563,1,2017,Physiology,Cell Biology; Physiology,AM J PHYSIOL-CELL PH,46,111,121,121,10,75,36,126,0.3801652892561983,0.9173553719008264,0.9603174603174603,0.0826446280991735,0.6198347107438017,0.2975206611570248
American Journal of Physiology-Cell Physiology,2024,1522-1563,1,2017,Physiology,Cell Biology; Physiology,AM J PHYSIOL-CELL PH,78,167,181,181,14,103,64,186,0.430939226519337,0.9226519337016574,0.9731182795698924,0.0773480662983425,0.569060773480663,0.3535911602209944
American Journal of Physiology-Cell Physiology,2025,1522-1563,1,2017,Physiology,Cell Biology; Physiology,AM J PHYSIOL-CELL PH,73,200,211,211,11,138,62,221,0.3459715639810427,0.9478672985781992,0.9547511312217196,0.0521327014218009,0.6540284360189573,0.2938388625592417
American Journal of Physiology-Endocrinology and Metabolism,2010,1522-1555,1,2017,Physiology,Endocrinology & Metabolism; Physiology,AM J PHYSIOL-ENDOC M,204,30,216,216,186,12,18,232,0.9444444444444444,0.1388888888888889,0.9310344827586208,0.8611111111111112,0.0555555555555555,0.0833333333333333
American Journal of Physiology-Endocrinology and Metabolism,2011,1522-1555,1,2017,Physiology,Endocrinology & Metabolism; Physiology,AM J PHYSIOL-ENDOC M,220,24,223,223,199,3,21,240,0.9865470852017936,0.1076233183856502,0.9291666666666668,0.8923766816143498,0.0134529147982062,0.0941704035874439
American Journal of Physiology-Endocrinology and Metabolism,2012,1522-1555,1,2017,Physiology,Endocrinology & Metabolism; Physiology,AM J PHYSIOL-ENDOC M,248,39,255,255,216,7,32,284,0.9725490196078432,0.1529411764705882,0.897887323943662,0.8470588235294118,0.0274509803921568,0.1254901960784313
American Journal of Physiology-Endocrinology and Metabolism,2013,1522-1555,1,2017,Physiology,Endocrinology & Metabolism; Physiology,AM J PHYSIOL-ENDOC M,247,47,250,250,203,3,44,270,0.988,0.188,0.925925925925926,0.812,0.012,0.176
American Journal of Physiology-Endocrinology and Metabolism,2014,1522-1555,1,2017,Physiology,Endocrinology & Metabolism; Physiology,AM J PHYSIOL-ENDOC M,215,38,223,223,185,8,30,237,0.9641255605381166,0.1704035874439461,0.940928270042194,0.8295964125560538,0.0358744394618834,0.1345291479820627
American Journal of Physiology-Endocrinology and Metabolism,2015,1522-1555,1,2017,Physiology,Endocrinology & Metabolism; Physiology,AM J PHYSIOL-ENDOC M,171,37,176,176,139,5,32,188,0.9715909090909092,0.2102272727272727,0.9361702127659576,0.7897727272727273,0.0284090909090909,0.1818181818181818
American Journal of Physiology-Endocrinology and Metabolism,2016,1522-1555,1,2017,Physiology,Endocrinology & Metabolism; Physiology,AM J PHYSIOL-ENDOC M,148,31,155,155,124,7,24,165,0.9548387096774194,0.2,0.9393939393939394,0.8,0.0451612903225806,0.1548387096774193
American Journal of Physiology-Endocrinology and Metabolism,2017,1522-1555,1,2017,Physiology,Endocrinology & Metabolism; Physiology,AM J PHYSIOL-ENDOC M,98,29,104,104,75,6,23,112,0.9423076923076924,0.2788461538461538,0.9285714285714286,0.7211538461538461,0.0576923076923076,0.2211538461538461
American Journal of Physiology-Endocrinology and Metabolism,2018,1522-1555,1,2017,Physiology,Endocrinology & Metabolism; Physiology,AM J PHYSIOL-ENDOC M,128,60,147,147,87,19,41,164,0.8707482993197279,0.4081632653061224,0.8963414634146342,0.5918367346938775,0.1292517006802721,0.2789115646258503
American Journal of Physiology-Endocrinology and Metabolism,2019,1522-1555,1,2017,Physiology,Endocrinology & Metabolism; Physiology,AM J PHYSIOL-ENDOC M,149,92,182,182,90,33,59,194,0.8186813186813187,0.5054945054945055,0.9381443298969072,0.4945054945054945,0.1813186813186813,0.3241758241758242
American Journal of Physiology-Endocrinology and Metabolism,2020,1522-1555,1,2017,Physiology,Endocrinology & Metabolism; Physiology,AM J PHYSIOL-ENDOC M,96,105,153,153,48,57,48,170,0.6274509803921569,0.6862745098039216,0.9,0.3137254901960784,0.3725490196078431,0.3137254901960784
American Journal of Physiology-Endocrinology and Metabolism,2021,1522-1555,1,2017,Physiology,Endocrinology & Metabolism; Physiology,AM J PHYSIOL-ENDOC M,75,98,135,135,37,60,38,145,0.5555555555555556,0.725925925925926,0.9310344827586208,0.2740740740740741,0.4444444444444444,0.2814814814814815
American Journal of Physiology-Endocrinology and Metabolism,2022,1522-1555,1,2017,Physiology,Endocrinology & Metabolism; Physiology,AM J PHYSIOL-ENDOC M,25,64,71,71,7,46,18,77,0.352112676056338,0.9014084507042254,0.922077922077922,0.0985915492957746,0.647887323943662,0.2535211267605634
American Journal of Physiology-Endocrinology and Metabolism,2023,1522-1555,1,2017,Physiology,Endocrinology & Metabolism; Physiology,AM J PHYSIOL-ENDOC M,30,76,84,84,8,54,22,99,0.3571428571428571,0.9047619047619048,0.8484848484848485,0.0952380952380952,0.6428571428571429,0.2619047619047619
American Journal of Physiology-Endocrinology and Metabolism,2024,1522-1555,1,2017,Physiology,Endocrinology & Metabolism; Physiology,AM J PHYSIOL-ENDOC M,38,91,101,101,10,63,28,111,0.3762376237623762,0.900990099009901,0.90990990990991,0.099009900990099,0.6237623762376238,0.2772277227722772
American Journal of Physiology-Endocrinology and Metabolism,2025,1522-1555,1,2017,Physiology,Endocrinology & Metabolism; Physiology,AM J PHYSIOL-ENDOC M,39,111,125,125,14,86,25,138,0.312,0.888,0.9057971014492754,0.112,0.688,0.2
American Journal of Physiology-Gastrointestinal and Liver Physiology,2010,1522-1547,1,2017,Physiology,Gastroenterology & Hepatology; Physiology,AM J PHYSIOL-GASTR L,219,26,227,227,201,8,18,246,0.9647577092511012,0.1145374449339207,0.9227642276422764,0.8854625550660793,0.0352422907488986,0.079295154185022
American Journal of Physiology-Gastrointestinal and Liver Physiology,2011,1522-1547,1,2017,Physiology,Gastroenterology & Hepatology; Physiology,AM J PHYSIOL-GASTR L,189,36,197,197,161,8,28,207,0.9593908629441624,0.182741116751269,0.9516908212560388,0.817258883248731,0.0406091370558375,0.1421319796954314
American Journal of Physiology-Gastrointestinal and Liver Physiology,2012,1522-1547,1,2017,Physiology,Gastroenterology & Hepatology; Physiology,AM J PHYSIOL-GASTR L,236,58,246,246,188,10,48,266,0.959349593495935,0.2357723577235772,0.924812030075188,0.7642276422764228,0.040650406504065,0.1951219512195122
American Journal of Physiology-Gastrointestinal and Liver Physiology,2013,1522-1547,1,2017,Physiology,Gastroenterology & Hepatology; Physiology,AM J PHYSIOL-GASTR L,179,42,182,182,140,3,39,194,0.9835164835164836,0.2307692307692307,0.9381443298969072,0.7692307692307693,0.0164835164835164,0.2142857142857142
American Journal of Physiology-Gastrointestinal and Liver Physiology,2014,1522-1547,1,2017,Physiology,Gastroenterology & Hepatology; Physiology,AM J PHYSIOL-GASTR L,154,53,162,162,109,8,45,176,0.9506172839506172,0.3271604938271605,0.9204545454545454,0.6728395061728395,0.0493827160493827,0.2777777777777778
American Journal of Physiology-Gastrointestinal and Liver Physiology,2015,1522-1547,1,2017,Physiology,Gastroenterology & Hepatology; Physiology,AM J PHYSIOL-GASTR L,135,51,141,141,90,6,45,149,0.9574468085106383,0.3617021276595745,0.9463087248322148,0.6382978723404256,0.0425531914893617,0.3191489361702128
American Journal of Physiology-Gastrointestinal and Liver Physiology,2016,1522-1547,1,2017,Physiology,Gastroenterology & Hepatology; Physiology,AM J PHYSIOL-GASTR L,161,63,172,172,109,11,52,182,0.936046511627907,0.3662790697674418,0.945054945054945,0.6337209302325582,0.063953488372093,0.3023255813953488
American Journal of Physiology-Gastrointestinal and Liver Physiology,2017,1522-1547,1,2017,Physiology,Gastroenterology & Hepatology; Physiology,AM J PHYSIOL-GASTR L,79,37,92,92,55,13,24,98,0.8586956521739131,0.4021739130434782,0.9387755102040816,0.5978260869565217,0.1413043478260869,0.2608695652173913
American Journal of Physiology-Gastrointestinal and Liver Physiology,2018,1522-1547,1,2017,Physiology,Gastroenterology & Hepatology; Physiology,AM J PHYSIOL-GASTR L,119,55,127,127,72,8,47,132,0.937007874015748,0.4330708661417323,0.9621212121212122,0.5669291338582677,0.0629921259842519,0.3700787401574803
American Journal of Physiology-Gastrointestinal and Liver Physiology,2019,1522-1547,1,2017,Physiology,Gastroenterology & Hepatology; Physiology,AM J PHYSIOL-GASTR L,101,66,128,128,62,27,39,137,0.7890625,0.515625,0.9343065693430656,0.484375,0.2109375,0.3046875
American Journal of Physiology-Gastrointestinal and Liver Physiology,2020,1522-1547,1,2017,Physiology,Gastroenterology & Hepatology; Physiology,AM J PHYSIOL-GASTR L,82,74,116,116,42,34,40,130,0.7068965517241379,0.6379310344827587,0.8923076923076924,0.3620689655172414,0.293103448275862,0.3448275862068966
American Journal of Physiology-Gastrointestinal and Liver Physiology,2021,1522-1547,1,2017,Physiology,Gastroenterology & Hepatology; Physiology,AM J PHYSIOL-GASTR L,51,81,104,104,23,53,28,123,0.4903846153846153,0.7788461538461539,0.8455284552845529,0.2211538461538461,0.5096153846153846,0.2692307692307692
American Journal of Physiology-Gastrointestinal and Liver Physiology,2022,1522-1547,1,2017,Physiology,Gastroenterology & Hepatology; Physiology,AM J PHYSIOL-GASTR L,24,67,78,78,11,54,13,84,0.3076923076923077,0.8589743589743589,0.9285714285714286,0.141025641025641,0.6923076923076923,0.1666666666666666
American Journal of Physiology-Gastrointestinal and Liver Physiology,2023,1522-1547,1,2017,Physiology,Gastroenterology & Hepatology; Physiology,AM J PHYSIOL-GASTR L,27,64,67,67,3,40,24,71,0.4029850746268656,0.9552238805970148,0.943661971830986,0.044776119402985,0.5970149253731343,0.3582089552238806
American Journal of Physiology-Gastrointestinal and Liver Physiology,2024,1522-1547,1,2017,Physiology,Gastroenterology & Hepatology; Physiology,AM J PHYSIOL-GASTR L,42,97,105,105,8,63,34,113,0.4,0.923809523809524,0.9292035398230089,0.0761904761904762,0.6,0.3238095238095238
American Journal of Physiology-Gastrointestinal and Liver Physiology,2025,1522-1547,1,2017,Physiology,Gastroenterology & Hepatology; Physiology,AM J PHYSIOL-GASTR L,36,79,95,95,16,59,20,99,0.3789473684210526,0.8315789473684211,0.9595959595959596,0.1684210526315789,0.6210526315789474,0.2105263157894736
American Journal of Physiology-Heart and Circulatory Physiology,2010,1522-1539,1,2017,Physiology,Cardiac & Cardiovascular Systems; Peripheral Vascular Disease; Physiology,AM J PHYSIOL-HEART C,372,59,388,388,329,16,43,453,0.9587628865979382,0.152061855670103,0.8565121412803532,0.8479381443298969,0.0412371134020618,0.1108247422680412
American Journal of Physiology-Heart and Circulatory Physiology,2011,1522-1539,1,2017,Physiology,Cardiac & Cardiovascular Systems; Peripheral Vascular Disease; Physiology,AM J PHYSIOL-HEART C,386,56,404,404,348,18,38,469,0.9554455445544554,0.1386138613861386,0.8614072494669509,0.8613861386138614,0.0445544554455445,0.094059405940594
American Journal of Physiology-Heart and Circulatory Physiology,2012,1522-1539,1,2017,Physiology,Cardiac & Cardiovascular Systems; Peripheral Vascular Disease; Physiology,AM J PHYSIOL-HEART C,271,47,285,285,238,14,33,338,0.950877192982456,0.1649122807017544,0.8431952662721893,0.8350877192982457,0.0491228070175438,0.1157894736842105
American Journal of Physiology-Heart and Circulatory Physiology,2013,1522-1539,1,2017,Physiology,Cardiac & Cardiovascular Systems; Peripheral Vascular Disease; Physiology,AM J PHYSIOL-HEART C,269,52,275,275,223,6,46,317,0.9781818181818182,0.1890909090909091,0.8675078864353313,0.8109090909090909,0.0218181818181818,0.1672727272727272
American Journal of Physiology-Heart and Circulatory Physiology,2014,1522-1539,1,2017,Physiology,Cardiac & Cardiovascular Systems; Peripheral Vascular Disease; Physiology,AM J PHYSIOL-HEART C,277,69,297,297,228,20,49,337,0.9326599326599326,0.2323232323232323,0.8813056379821959,0.7676767676767676,0.0673400673400673,0.1649831649831649
American Journal of Physiology-Heart and Circulatory Physiology,2015,1522-1539,1,2017,Physiology,Cardiac & Cardiovascular Systems; Peripheral Vascular Disease; Physiology,AM J PHYSIOL-HEART C,258,73,288,288,215,30,43,322,0.8958333333333334,0.2534722222222222,0.8944099378881988,0.7465277777777778,0.1041666666666666,0.1493055555555555
American Journal of Physiology-Heart and Circulatory Physiology,2016,1522-1539,1,2017,Physiology,Cardiac & Cardiovascular Systems; Peripheral Vascular Disease; Physiology,AM J PHYSIOL-HEART C,214,78,238,238,160,24,54,275,0.8991596638655462,0.3277310924369748,0.8654545454545455,0.6722689075630253,0.1008403361344537,0.226890756302521
American Journal of Physiology-Heart and Circulatory Physiology,2017,1522-1539,1,2017,Physiology,Cardiac & Cardiovascular Systems; Peripheral Vascular Disease; Physiology,AM J PHYSIOL-HEART C,156,52,172,172,120,16,36,188,0.9069767441860463,0.3023255813953488,0.9148936170212766,0.6976744186046512,0.0930232558139534,0.2093023255813953
American Journal of Physiology-Heart and Circulatory Physiology,2018,1522-1539,1,2017,Physiology,Cardiac & Cardiovascular Systems; Peripheral Vascular Disease; Physiology,AM J PHYSIOL-HEART C,168,75,195,195,120,27,48,220,0.8615384615384616,0.3846153846153846,0.8863636363636364,0.6153846153846154,0.1384615384615384,0.2461538461538461
American Journal of Physiology-Heart and Circulatory Physiology,2019,1522-1539,1,2017,Physiology,Cardiac & Cardiovascular Systems; Peripheral Vascular Disease; Physiology,AM J PHYSIOL-HEART C,112,112,180,180,68,68,44,209,0.6222222222222222,0.6222222222222222,0.861244019138756,0.3777777777777777,0.3777777777777777,0.2444444444444444
American Journal of Physiology-Heart and Circulatory Physiology,2020,1522-1539,1,2017,Physiology,Cardiac & Cardiovascular Systems; Peripheral Vascular Disease; Physiology,AM J PHYSIOL-HEART C,59,161,182,182,21,123,38,214,0.3241758241758242,0.8846153846153846,0.8504672897196262,0.1153846153846153,0.6758241758241759,0.2087912087912088
American Journal of Physiology-Heart and Circulatory Physiology,2021,1522-1539,1,2017,Physiology,Cardiac & Cardiovascular Systems; Peripheral Vascular Disease; Physiology,AM J PHYSIOL-HEART C,70,176,195,195,19,125,51,224,0.358974358974359,0.9025641025641026,0.8705357142857143,0.0974358974358974,0.6410256410256411,0.2615384615384615
American Journal of Physiology-Heart and Circulatory Physiology,2022,1522-1539,1,2017,Physiology,Cardiac & Cardiovascular Systems; Peripheral Vascular Disease; Physiology,AM J PHYSIOL-HEART C,24,130,132,132,2,108,22,152,0.1818181818181818,0.9848484848484848,0.868421052631579,0.0151515151515151,0.8181818181818182,0.1666666666666666
American Journal of Physiology-Heart and Circulatory Physiology,2023,1522-1539,1,2017,Physiology,Cardiac & Cardiovascular Systems; Peripheral Vascular Disease; Physiology,AM J PHYSIOL-HEART C,32,115,122,122,7,90,25,151,0.2622950819672131,0.9426229508196722,0.8079470198675497,0.0573770491803278,0.7377049180327869,0.2049180327868852
American Journal of Physiology-Heart and Circulatory Physiology,2024,1522-1539,1,2017,Physiology,Cardiac & Cardiovascular Systems; Peripheral Vascular Disease; Physiology,AM J PHYSIOL-HEART C,42,149,157,157,8,115,34,197,0.267515923566879,0.9490445859872612,0.7969543147208121,0.0509554140127388,0.732484076433121,0.2165605095541401
American Journal of Physiology-Heart and Circulatory Physiology,2025,1522-1539,1,2017,Physiology,Cardiac & Cardiovascular Systems; Peripheral Vascular Disease; Physiology,AM J PHYSIOL-HEART C,31,154,164,164,10,133,21,196,0.1890243902439024,0.9390243902439024,0.8367346938775511,0.0609756097560975,0.8109756097560976,0.1280487804878048
American Journal of Physiology-Lung Cellular and Molecular Physiology,2010,1522-1504,1,2017,Physiology,Physiology; Respiratory System,AM J PHYSIOL-LUNG C,157,29,162,162,133,5,24,170,0.9691358024691358,0.1790123456790123,0.9529411764705882,0.8209876543209876,0.0308641975308641,0.1481481481481481
American Journal of Physiology-Lung Cellular and Molecular Physiology,2011,1522-1504,1,2017,Physiology,Physiology; Respiratory System,AM J PHYSIOL-LUNG C,174,25,180,180,155,6,19,191,0.9666666666666668,0.1388888888888889,0.9424083769633508,0.8611111111111112,0.0333333333333333,0.1055555555555555
American Journal of Physiology-Lung Cellular and Molecular Physiology,2012,1522-1504,1,2017,Physiology,Physiology; Respiratory System,AM J PHYSIOL-LUNG C,205,59,210,210,151,5,54,215,0.9761904761904762,0.2809523809523809,0.9767441860465116,0.719047619047619,0.0238095238095238,0.2571428571428571
American Journal of Physiology-Lung Cellular and Molecular Physiology,2013,1522-1504,1,2017,Physiology,Physiology; Respiratory System,AM J PHYSIOL-LUNG C,141,43,146,146,103,5,38,158,0.9657534246575342,0.2945205479452055,0.9240506329113924,0.7054794520547946,0.0342465753424657,0.2602739726027397
American Journal of Physiology-Lung Cellular and Molecular Physiology,2014,1522-1504,1,2017,Physiology,Physiology; Respiratory System,AM J PHYSIOL-LUNG C,156,43,163,163,120,7,36,174,0.9570552147239264,0.263803680981595,0.9367816091954024,0.7361963190184049,0.0429447852760736,0.2208588957055214
American Journal of Physiology-Lung Cellular and Molecular Physiology,2015,1522-1504,1,2017,Physiology,Physiology; Respiratory System,AM J PHYSIOL-LUNG C,200,82,219,219,137,19,63,224,0.91324200913242,0.3744292237442922,0.9776785714285714,0.6255707762557078,0.0867579908675799,0.2876712328767123
American Journal of Physiology-Lung Cellular and Molecular Physiology,2016,1522-1504,1,2017,Physiology,Physiology; Respiratory System,AM J PHYSIOL-LUNG C,175,66,195,195,129,20,46,202,0.8974358974358975,0.3384615384615385,0.9653465346534652,0.6615384615384615,0.1025641025641025,0.2358974358974359
American Journal of Physiology-Lung Cellular and Molecular Physiology,2017,1522-1504,1,2017,Physiology,Physiology; Respiratory System,AM J PHYSIOL-LUNG C,109,106,164,164,58,55,51,167,0.6646341463414634,0.6463414634146342,0.9820359281437124,0.3536585365853658,0.3353658536585366,0.3109756097560975
American Journal of Physiology-Lung Cellular and Molecular Physiology,2018,1522-1504,1,2017,Physiology,Physiology; Respiratory System,AM J PHYSIOL-LUNG C,91,114,153,153,39,62,52,157,0.5947712418300654,0.7450980392156863,0.9745222929936306,0.2549019607843137,0.4052287581699346,0.3398692810457516
American Journal of Physiology-Lung Cellular and Molecular Physiology,2019,1522-1504,1,2017,Physiology,Physiology; Respiratory System,AM J PHYSIOL-LUNG C,95,110,150,150,40,55,55,160,0.6333333333333333,0.7333333333333333,0.9375,0.2666666666666666,0.3666666666666666,0.3666666666666666
American Journal of Physiology-Lung Cellular and Molecular Physiology,2020,1522-1504,1,2017,Physiology,Physiology; Respiratory System,AM J PHYSIOL-LUNG C,73,130,151,151,21,78,52,167,0.4834437086092715,0.8609271523178808,0.9041916167664672,0.1390728476821192,0.5165562913907285,0.3443708609271523
American Journal of Physiology-Lung Cellular and Molecular Physiology,2021,1522-1504,1,2017,Physiology,Physiology; Respiratory System,AM J PHYSIOL-LUNG C,41,140,148,148,8,107,33,159,0.277027027027027,0.945945945945946,0.9308176100628932,0.054054054054054,0.722972972972973,0.2229729729729729
American Journal of Physiology-Lung Cellular and Molecular Physiology,2022,1522-1504,1,2017,Physiology,Physiology; Respiratory System,AM J PHYSIOL-LUNG C,28,96,103,103,7,75,21,108,0.2718446601941747,0.9320388349514565,0.9537037037037036,0.0679611650485436,0.7281553398058253,0.203883495145631
American Journal of Physiology-Lung Cellular and Molecular Physiology,2023,1522-1504,1,2017,Physiology,Physiology; Respiratory System,AM J PHYSIOL-LUNG C,21,110,114,114,4,93,17,126,0.1842105263157894,0.9649122807017544,0.9047619047619048,0.0350877192982456,0.8157894736842105,0.1491228070175438
American Journal of Physiology-Lung Cellular and Molecular Physiology,2024,1522-1504,1,2017,Physiology,Physiology; Respiratory System,AM J PHYSIOL-LUNG C,26,120,125,125,5,99,21,130,0.208,0.96,0.9615384615384616,0.04,0.792,0.168
American Journal of Physiology-Lung Cellular and Molecular Physiology,2025,1522-1504,1,2017,Physiology,Physiology; Respiratory System,AM J PHYSIOL-LUNG C,23,98,105,105,7,82,16,111,0.219047619047619,0.9333333333333332,0.945945945945946,0.0666666666666666,0.780952380952381,0.1523809523809524
American Journal of Physiology-Regulatory integrative and Comparative Physiology,2010,1522-1490,1,2017,Physiology,Physiology,AM J PHYSIOL-REG I,279,40,291,291,251,12,28,343,0.9587628865979382,0.1374570446735395,0.8483965014577259,0.8625429553264605,0.0412371134020618,0.0962199312714776
American Journal of Physiology-Regulatory integrative and Comparative Physiology,2011,1522-1490,1,2017,Physiology,Physiology,AM J PHYSIOL-REG I,259,38,268,268,230,9,29,312,0.9664179104477612,0.1417910447761194,0.8589743589743589,0.8582089552238806,0.0335820895522388,0.1082089552238805
American Journal of Physiology-Regulatory integrative and Comparative Physiology,2012,1522-1490,1,2017,Physiology,Physiology,AM J PHYSIOL-REG I,220,30,229,229,199,9,21,263,0.960698689956332,0.131004366812227,0.870722433460076,0.868995633187773,0.0393013100436681,0.0917030567685589
American Journal of Physiology-Regulatory integrative and Comparative Physiology,2013,1522-1490,1,2017,Physiology,Physiology,AM J PHYSIOL-REG I,196,35,209,209,174,13,22,246,0.937799043062201,0.1674641148325359,0.8495934959349594,0.8325358851674641,0.062200956937799,0.1052631578947368
American Journal of Physiology-Regulatory integrative and Comparative Physiology,2014,1522-1490,1,2017,Physiology,Physiology,AM J PHYSIOL-REG I,186,29,197,197,168,11,18,221,0.9441624365482234,0.1472081218274111,0.8914027149321267,0.8527918781725888,0.0558375634517766,0.0913705583756345
American Journal of Physiology-Regulatory integrative and Comparative Physiology,2015,1522-1490,1,2017,Physiology,Physiology,AM J PHYSIOL-REG I,184,47,198,198,151,14,33,230,0.9292929292929292,0.2373737373737373,0.8608695652173913,0.7626262626262627,0.0707070707070707,0.1666666666666666
American Journal of Physiology-Regulatory integrative and Comparative Physiology,2016,1522-1490,1,2017,Physiology,Physiology,AM J PHYSIOL-REG I,192,39,203,203,164,11,28,240,0.9458128078817734,0.1921182266009852,0.8458333333333333,0.8078817733990148,0.0541871921182266,0.1379310344827586
American Journal of Physiology-Regulatory integrative and Comparative Physiology,2017,1522-1490,1,2017,Physiology,Physiology,AM J PHYSIOL-REG I,113,51,138,138,87,25,26,163,0.8188405797101449,0.3695652173913043,0.8466257668711656,0.6304347826086957,0.181159420289855,0.1884057971014492
American Journal of Physiology-Regulatory integrative and Comparative Physiology,2018,1522-1490,1,2017,Physiology,Physiology,AM J PHYSIOL-REG I,133,49,156,156,107,23,26,181,0.8525641025641025,0.3141025641025641,0.861878453038674,0.6858974358974359,0.1474358974358974,0.1666666666666666
American Journal of Physiology-Regulatory integrative and Comparative Physiology,2019,1522-1490,1,2017,Physiology,Physiology,AM J PHYSIOL-REG I,96,82,138,138,56,42,40,157,0.6956521739130435,0.5942028985507246,0.8789808917197452,0.4057971014492754,0.3043478260869565,0.2898550724637681
American Journal of Physiology-Regulatory integrative and Comparative Physiology,2020,1522-1490,1,2017,Physiology,Physiology,AM J PHYSIOL-REG I,73,97,142,142,45,69,28,159,0.5140845070422535,0.6830985915492958,0.8930817610062893,0.3169014084507042,0.4859154929577465,0.1971830985915492
American Journal of Physiology-Regulatory integrative and Comparative Physiology,2021,1522-1490,1,2017,Physiology,Physiology,AM J PHYSIOL-REG I,45,99,121,121,22,76,23,154,0.371900826446281,0.8181818181818182,0.7857142857142857,0.1818181818181818,0.628099173553719,0.1900826446280991
American Journal of Physiology-Regulatory integrative and Comparative Physiology,2022,1522-1490,1,2017,Physiology,Physiology,AM J PHYSIOL-REG I,31,95,112,112,17,81,14,124,0.2767857142857143,0.8482142857142857,0.9032258064516128,0.1517857142857142,0.7232142857142857,0.125
American Journal of Physiology-Regulatory integrative and Comparative Physiology,2023,1522-1490,1,2017,Physiology,Physiology,AM J PHYSIOL-REG I,23,96,105,105,9,82,14,117,0.219047619047619,0.9142857142857144,0.8974358974358975,0.0857142857142857,0.780952380952381,0.1333333333333333
American Journal of Physiology-Regulatory integrative and Comparative Physiology,2024,1522-1490,1,2017,Physiology,Physiology,AM J PHYSIOL-REG I,23,73,83,83,10,60,13,100,0.2771084337349397,0.8795180722891566,0.83,0.1204819277108433,0.7228915662650602,0.1566265060240964
American Journal of Physiology-Regulatory integrative and Comparative Physiology,2025,1522-1490,1,2017,Physiology,Physiology,AM J PHYSIOL-REG I,31,116,129,129,13,98,18,144,0.2403100775193798,0.8992248062015504,0.8958333333333334,0.1007751937984496,0.7596899224806202,0.1395348837209302
American Journal of Physiology-Renal Physiology,2010,1522-1466,1,2017,Physiology,Physiology; Urology & Nephrology,AM J PHYSIOL-RENAL,252,43,261,261,218,9,34,287,0.9655172413793104,0.1647509578544061,0.9094076655052264,0.8352490421455939,0.0344827586206896,0.1302681992337164
American Journal of Physiology-Renal Physiology,2011,1522-1466,1,2017,Physiology,Physiology; Urology & Nephrology,AM J PHYSIOL-RENAL,242,36,249,249,213,7,29,271,0.9718875502008032,0.144578313253012,0.918819188191882,0.8554216867469879,0.0281124497991967,0.1164658634538152
American Journal of Physiology-Renal Physiology,2012,1522-1466,1,2017,Physiology,Physiology; Urology & Nephrology,AM J PHYSIOL-RENAL,292,48,294,294,246,2,46,323,0.9931972789115646,0.1632653061224489,0.9102167182662538,0.8367346938775511,0.0068027210884353,0.1564625850340136
American Journal of Physiology-Renal Physiology,2013,1522-1466,1,2017,Physiology,Physiology; Urology & Nephrology,AM J PHYSIOL-RENAL,273,53,281,281,228,8,45,307,0.9715302491103204,0.1886120996441281,0.9153094462540716,0.8113879003558719,0.0284697508896797,0.1601423487544484
American Journal of Physiology-Renal Physiology,2014,1522-1466,1,2017,Physiology,Physiology; Urology & Nephrology,AM J PHYSIOL-RENAL,228,57,241,241,184,13,44,265,0.946058091286307,0.2365145228215767,0.909433962264151,0.7634854771784232,0.0539419087136929,0.1825726141078838
American Journal of Physiology-Renal Physiology,2015,1522-1466,1,2017,Physiology,Physiology; Urology & Nephrology,AM J PHYSIOL-RENAL,188,46,200,200,154,12,34,218,0.94,0.23,0.9174311926605504,0.77,0.06,0.17
American Journal of Physiology-Renal Physiology,2016,1522-1466,1,2017,Physiology,Physiology; Urology & Nephrology,AM J PHYSIOL-RENAL,174,59,191,191,132,17,42,218,0.9109947643979056,0.3089005235602094,0.8761467889908257,0.6910994764397905,0.0890052356020942,0.2198952879581152
American Journal of Physiology-Renal Physiology,2017,1522-1466,1,2017,Physiology,Physiology; Urology & Nephrology,AM J PHYSIOL-RENAL,156,66,182,182,116,26,40,205,0.8571428571428571,0.3626373626373626,0.8878048780487805,0.6373626373626373,0.1428571428571428,0.2197802197802197
American Journal of Physiology-Renal Physiology,2018,1522-1466,1,2017,Physiology,Physiology; Urology & Nephrology,AM J PHYSIOL-RENAL,207,102,237,237,135,30,72,263,0.8734177215189873,0.430379746835443,0.9011406844106464,0.569620253164557,0.1265822784810126,0.3037974683544304
American Journal of Physiology-Renal Physiology,2019,1522-1466,1,2017,Physiology,Physiology; Urology & Nephrology,AM J PHYSIOL-RENAL,167,115,223,223,108,56,59,249,0.7488789237668162,0.515695067264574,0.8955823293172691,0.484304932735426,0.2511210762331838,0.2645739910313901
American Journal of Physiology-Renal Physiology,2020,1522-1466,1,2017,Physiology,Physiology; Urology & Nephrology,AM J PHYSIOL-RENAL,114,135,200,200,65,86,49,223,0.57,0.675,0.8968609865470852,0.325,0.43,0.245
American Journal of Physiology-Renal Physiology,2021,1522-1466,1,2017,Physiology,Physiology; Urology & Nephrology,AM J PHYSIOL-RENAL,48,101,122,122,21,74,27,135,0.3934426229508196,0.8278688524590164,0.9037037037037036,0.1721311475409836,0.6065573770491803,0.221311475409836
American Journal of Physiology-Renal Physiology,2022,1522-1466,1,2017,Physiology,Physiology; Urology & Nephrology,AM J PHYSIOL-RENAL,25,87,95,95,8,70,17,96,0.2631578947368421,0.9157894736842104,0.9895833333333334,0.0842105263157894,0.7368421052631579,0.1789473684210526
American Journal of Physiology-Renal Physiology,2023,1522-1466,1,2017,Physiology,Physiology; Urology & Nephrology,AM J PHYSIOL-RENAL,22,90,93,93,3,71,19,98,0.2365591397849462,0.967741935483871,0.9489795918367347,0.032258064516129,0.7634408602150538,0.2043010752688172
American Journal of Physiology-Renal Physiology,2024,1522-1466,1,2017,Physiology,Physiology; Urology & Nephrology,AM J PHYSIOL-RENAL,24,121,128,128,7,104,17,136,0.1875,0.9453125,0.9411764705882352,0.0546875,0.8125,0.1328125
American Journal of Physiology-Renal Physiology,2025,1522-1466,1,2017,Physiology,Physiology; Urology & Nephrology,AM J PHYSIOL-RENAL,24,106,109,109,3,85,21,117,0.2201834862385321,0.9724770642201837,0.9316239316239316,0.0275229357798165,0.7798165137614679,0.1926605504587156
Annals of Neurology,2010,1531-8249,0,,Neurosciences,Clinical Neurology; Neurosciences,ANN NEUROL,73,41,90,90,49,17,24,168,0.8111111111111111,0.4555555555555555,0.5357142857142857,0.5444444444444444,0.1888888888888888,0.2666666666666666
Annals of Neurology,2011,1531-8249,0,,Neurosciences,Clinical Neurology; Neurosciences,ANN NEUROL,80,38,102,102,64,22,16,166,0.7843137254901961,0.3725490196078431,0.6144578313253012,0.6274509803921569,0.2156862745098039,0.1568627450980392
Annals of Neurology,2012,1531-8249,0,,Neurosciences,Clinical Neurology; Neurosciences,ANN NEUROL,69,38,86,86,48,17,21,135,0.8023255813953488,0.4418604651162791,0.6370370370370371,0.5581395348837209,0.1976744186046511,0.2441860465116279
Annals of Neurology,2013,1531-8249,0,,Neurosciences,Clinical Neurology; Neurosciences,ANN NEUROL,69,38,83,83,45,14,24,136,0.8313253012048193,0.4578313253012048,0.6102941176470589,0.5421686746987951,0.1686746987951807,0.2891566265060241
Annals of Neurology,2014,1531-8249,0,,Neurosciences,Clinical Neurology; Neurosciences,ANN NEUROL,61,33,76,76,43,15,18,136,0.8026315789473685,0.4342105263157895,0.5588235294117647,0.5657894736842105,0.1973684210526315,0.2368421052631578
Annals of Neurology,2015,1531-8249,0,,Neurosciences,Clinical Neurology; Neurosciences,ANN NEUROL,63,58,88,88,30,25,33,160,0.7159090909090909,0.6590909090909091,0.55,0.3409090909090909,0.2840909090909091,0.375
Annals of Neurology,2016,1531-8249,0,,Neurosciences,Clinical Neurology; Neurosciences,ANN NEUROL,58,41,79,79,38,21,20,144,0.7341772151898734,0.5189873417721519,0.5486111111111112,0.4810126582278481,0.2658227848101265,0.2531645569620253
Annals of Neurology,2017,1531-8249,0,,Neurosciences,Clinical Neurology; Neurosciences,ANN NEUROL,53,49,83,83,34,30,19,151,0.6385542168674698,0.5903614457831325,0.5496688741721855,0.4096385542168674,0.3614457831325301,0.2289156626506024
Annals of Neurology,2018,1531-8249,0,,Neurosciences,Clinical Neurology; Neurosciences,ANN NEUROL,64,74,105,105,31,41,33,163,0.6095238095238096,0.7047619047619048,0.6441717791411042,0.2952380952380952,0.3904761904761905,0.3142857142857143
Annals of Neurology,2019,1531-8249,0,,Neurosciences,Clinical Neurology; Neurosciences,ANN NEUROL,36,64,84,84,20,48,16,153,0.4285714285714285,0.7619047619047619,0.5490196078431373,0.238095238095238,0.5714285714285714,0.1904761904761904
Annals of Neurology,2020,1531-8249,0,,Neurosciences,Clinical Neurology; Neurosciences,ANN NEUROL,34,68,84,84,16,50,18,158,0.4047619047619047,0.8095238095238095,0.5316455696202531,0.1904761904761904,0.5952380952380952,0.2142857142857142
Annals of Neurology,2021,1531-8249,0,,Neurosciences,Clinical Neurology; Neurosciences,ANN NEUROL,29,72,85,85,13,56,16,163,0.3411764705882353,0.8470588235294118,0.5214723926380368,0.1529411764705882,0.6588235294117647,0.188235294117647
Annals of Neurology,2022,1531-8249,0,,Neurosciences,Clinical Neurology; Neurosciences,ANN NEUROL,31,75,86,86,11,55,20,151,0.3604651162790697,0.872093023255814,0.5695364238410596,0.127906976744186,0.6395348837209303,0.2325581395348837
Annals of Neurology,2023,1531-8249,0,,Neurosciences,Clinical Neurology; Neurosciences,ANN NEUROL,30,82,98,98,16,68,14,188,0.3061224489795918,0.8367346938775511,0.5212765957446809,0.1632653061224489,0.6938775510204082,0.1428571428571428
Annals of Neurology,2024,1531-8249,0,,Neurosciences,Clinical Neurology; Neurosciences,ANN NEUROL,16,80,88,88,8,72,8,168,0.1818181818181818,0.9090909090909092,0.5238095238095238,0.0909090909090909,0.8181818181818182,0.0909090909090909
Annals of Neurology,2025,1531-8249,0,,Neurosciences,Clinical Neurology; Neurosciences,ANN NEUROL,30,113,123,123,10,93,20,219,0.2439024390243902,0.91869918699187,0.5616438356164384,0.08130081300813,0.7560975609756098,0.1626016260162601
Annals of Oncology,2010,1569-8041,0,,Oncology,Oncology,ANN ONCOL,20,22,40,40,18,20,2,293,0.5,0.55,0.136518771331058,0.45,0.5,0.05
Annals of Oncology,2011,1569-8041,0,,Oncology,Oncology,ANN ONCOL,21,37,52,52,15,31,6,282,0.4038461538461538,0.7115384615384616,0.1843971631205673,0.2884615384615384,0.5961538461538461,0.1153846153846153
Annals of Oncology,2012,1569-8041,0,,Oncology,Oncology,ANN ONCOL,25,42,61,61,19,36,6,377,0.4098360655737705,0.6885245901639344,0.1618037135278514,0.3114754098360656,0.5901639344262295,0.0983606557377049
Annals of Oncology,2013,1569-8041,0,,Oncology,Oncology,ANN ONCOL,31,37,57,57,20,26,11,385,0.543859649122807,0.6491228070175439,0.148051948051948,0.3508771929824561,0.4561403508771929,0.1929824561403508
Annals of Oncology,2014,1569-8041,0,,Oncology,Oncology,ANN ONCOL,16,27,36,36,9,20,7,267,0.4444444444444444,0.75,0.1348314606741573,0.25,0.5555555555555556,0.1944444444444444
Annals of Oncology,2015,1569-8041,0,,Oncology,Oncology,ANN ONCOL,11,21,30,30,9,19,2,232,0.3666666666666666,0.7,0.1293103448275862,0.3,0.6333333333333333,0.0666666666666666
Annals of Oncology,2016,1569-8041,0,,Oncology,Oncology,ANN ONCOL,14,37,44,44,7,30,7,210,0.3181818181818182,0.8409090909090909,0.2095238095238095,0.1590909090909091,0.6818181818181818,0.1590909090909091
Annals of Oncology,2017,1569-8041,0,,Oncology,Oncology,ANN ONCOL,18,48,59,59,11,41,7,273,0.3050847457627119,0.8135593220338984,0.2161172161172161,0.1864406779661017,0.6949152542372882,0.1186440677966101
Annals of Oncology,2018,1569-8041,0,,Oncology,Oncology,ANN ONCOL,24,44,60,60,16,36,8,203,0.4,0.7333333333333333,0.2955665024630542,0.2666666666666666,0.6,0.1333333333333333
Annals of Oncology,2019,1569-8041,0,,Oncology,Oncology,ANN ONCOL,13,35,42,42,7,29,6,129,0.3095238095238095,0.8333333333333334,0.3255813953488372,0.1666666666666666,0.6904761904761905,0.1428571428571428
Annals of Oncology,2020,1569-8041,0,,Oncology,Oncology,ANN ONCOL,10,28,33,33,5,23,5,102,0.303030303030303,0.8484848484848485,0.3235294117647059,0.1515151515151515,0.696969696969697,0.1515151515151515
Annals of Oncology,2021,1569-8041,0,,Oncology,Oncology,ANN ONCOL,11,25,30,30,5,19,6,79,0.3666666666666666,0.8333333333333334,0.379746835443038,0.1666666666666666,0.6333333333333333,0.2
Annals of Oncology,2022,1569-8041,0,,Oncology,Oncology,ANN ONCOL,4,21,21,21,0,17,4,69,0.1904761904761904,1.0,0.3043478260869565,0.0,0.8095238095238095,0.1904761904761904
Annals of Oncology,2023,1569-8041,0,,Oncology,Oncology,ANN ONCOL,6,20,25,25,5,19,1,62,0.24,0.8,0.4032258064516129,0.2,0.76,0.04
Annals of Oncology,2024,1569-8041,0,,Oncology,Oncology,ANN ONCOL,5,16,20,20,4,15,1,65,0.25,0.8,0.3076923076923077,0.2,0.75,0.05
Annals of Oncology,2025,1569-8041,0,,Oncology,Oncology,ANN ONCOL,14,23,32,32,9,18,5,86,0.4375,0.71875,0.3720930232558139,0.28125,0.5625,0.15625
Annals of Thoracic Surgery,2010,1552-6259,0,,Cardiac & Cardiovascular Systems,Cardiac & Cardiovascular Systems; Respiratory System; Surgery,ANN THORAC SURG,55,27,79,79,52,24,3,442,0.6962025316455697,0.3417721518987341,0.1787330316742081,0.6582278481012658,0.3037974683544304,0.0379746835443038
Annals of Thoracic Surgery,2011,1552-6259,0,,Cardiac & Cardiovascular Systems,Cardiac & Cardiovascular Systems; Respiratory System; Surgery,ANN THORAC SURG,68,50,114,114,64,46,4,467,0.5964912280701754,0.4385964912280701,0.2441113490364025,0.5614035087719298,0.4035087719298245,0.0350877192982456
Annals of Thoracic Surgery,2012,1552-6259,0,,Cardiac & Cardiovascular Systems,Cardiac & Cardiovascular Systems; Respiratory System; Surgery,ANN THORAC SURG,46,48,87,87,39,41,7,456,0.5287356321839081,0.5517241379310345,0.1907894736842105,0.4482758620689655,0.4712643678160919,0.0804597701149425
Annals of Thoracic Surgery,2013,1552-6259,0,,Cardiac & Cardiovascular Systems,Cardiac & Cardiovascular Systems; Respiratory System; Surgery,ANN THORAC SURG,60,51,104,104,53,44,7,478,0.5769230769230769,0.4903846153846153,0.2175732217573222,0.5096153846153846,0.4230769230769231,0.0673076923076923
Annals of Thoracic Surgery,2014,1552-6259,0,,Cardiac & Cardiovascular Systems,Cardiac & Cardiovascular Systems; Respiratory System; Surgery,ANN THORAC SURG,58,48,97,97,49,39,9,465,0.5979381443298969,0.4948453608247423,0.2086021505376344,0.5051546391752577,0.4020618556701031,0.0927835051546391
Annals of Thoracic Surgery,2015,1552-6259,0,,Cardiac & Cardiovascular Systems,Cardiac & Cardiovascular Systems; Respiratory System; Surgery,ANN THORAC SURG,62,67,120,120,53,58,9,462,0.5166666666666667,0.5583333333333333,0.2597402597402597,0.4416666666666666,0.4833333333333333,0.075
Annals of Thoracic Surgery,2016,1552-6259,0,,Cardiac & Cardiovascular Systems,Cardiac & Cardiovascular Systems; Respiratory System; Surgery,ANN THORAC SURG,64,60,118,118,58,54,6,461,0.5423728813559322,0.5084745762711864,0.2559652928416486,0.4915254237288136,0.4576271186440678,0.0508474576271186
Annals of Thoracic Surgery,2017,1552-6259,0,,Cardiac & Cardiovascular Systems,Cardiac & Cardiovascular Systems; Respiratory System; Surgery,ANN THORAC SURG,43,73,112,112,39,69,4,472,0.3839285714285714,0.6517857142857143,0.2372881355932203,0.3482142857142857,0.6160714285714286,0.0357142857142857
Annals of Thoracic Surgery,2018,1552-6259,0,,Cardiac & Cardiovascular Systems,Cardiac & Cardiovascular Systems; Respiratory System; Surgery,ANN THORAC SURG,43,67,101,101,34,58,9,458,0.4257425742574257,0.6633663366336634,0.2205240174672489,0.3366336633663366,0.5742574257425742,0.0891089108910891
Annals of Thoracic Surgery,2019,1552-6259,0,,Cardiac & Cardiovascular Systems,Cardiac & Cardiovascular Systems; Respiratory System; Surgery,ANN THORAC SURG,52,56,98,98,42,46,10,422,0.5306122448979592,0.5714285714285714,0.2322274881516587,0.4285714285714285,0.4693877551020408,0.1020408163265306
Annals of Thoracic Surgery,2020,1552-6259,0,,Cardiac & Cardiovascular Systems,Cardiac & Cardiovascular Systems; Respiratory System; Surgery,ANN THORAC SURG,29,70,95,95,25,66,4,444,0.3052631578947368,0.7368421052631579,0.2139639639639639,0.2631578947368421,0.6947368421052632,0.0421052631578947
Annals of Thoracic Surgery,2021,1552-6259,0,,Cardiac & Cardiovascular Systems,Cardiac & Cardiovascular Systems; Respiratory System; Surgery,ANN THORAC SURG,33,72,96,96,24,63,9,448,0.34375,0.75,0.2142857142857142,0.25,0.65625,0.09375
Annals of Thoracic Surgery,2022,1552-6259,0,,Cardiac & Cardiovascular Systems,Cardiac & Cardiovascular Systems; Respiratory System; Surgery,ANN THORAC SURG,9,20,27,27,7,18,2,367,0.3333333333333333,0.7407407407407407,0.0735694822888283,0.2592592592592592,0.6666666666666666,0.074074074074074
Annals of Thoracic Surgery,2023,1552-6259,0,,Cardiac & Cardiovascular Systems,Cardiac & Cardiovascular Systems; Respiratory System; Surgery,ANN THORAC SURG,12,46,56,56,10,44,2,278,0.2142857142857142,0.8214285714285714,0.2014388489208633,0.1785714285714285,0.7857142857142857,0.0357142857142857
Annals of Thoracic Surgery,2024,1552-6259,0,,Cardiac & Cardiovascular Systems,Cardiac & Cardiovascular Systems; Respiratory System; Surgery,ANN THORAC SURG,11,35,43,43,8,32,3,209,0.2558139534883721,0.813953488372093,0.2057416267942583,0.1860465116279069,0.7441860465116279,0.0697674418604651
Annals of Thoracic Surgery,2025,1552-6259,0,,Cardiac & Cardiovascular Systems,Cardiac & Cardiovascular Systems; Respiratory System; Surgery,ANN THORAC SURG,14,40,47,47,7,33,7,218,0.2978723404255319,0.851063829787234,0.2155963302752293,0.1489361702127659,0.7021276595744681,0.1489361702127659
Antioxidants & Redox Signaling,2010,1557-7716,1,2020,Endocrinology & Metabolism,Biochemistry & Molecular Biology; Endocrinology & Metabolism,ANTIOXID REDOX SIGN,78,12,82,82,70,4,8,88,0.951219512195122,0.1463414634146341,0.9318181818181818,0.8536585365853658,0.048780487804878,0.0975609756097561
Antioxidants & Redox Signaling,2011,1557-7716,1,2020,Endocrinology & Metabolism,Biochemistry & Molecular Biology; Endocrinology & Metabolism,ANTIOXID REDOX SIGN,126,23,128,128,105,2,21,141,0.984375,0.1796875,0.9078014184397164,0.8203125,0.015625,0.1640625
Antioxidants & Redox Signaling,2012,1557-7716,1,2020,Endocrinology & Metabolism,Biochemistry & Molecular Biology; Endocrinology & Metabolism,ANTIOXID REDOX SIGN,91,21,95,95,74,4,17,103,0.9578947368421052,0.2210526315789473,0.9223300970873788,0.7789473684210526,0.0421052631578947,0.1789473684210526
Antioxidants & Redox Signaling,2013,1557-7716,1,2020,Endocrinology & Metabolism,Biochemistry & Molecular Biology; Endocrinology & Metabolism,ANTIOXID REDOX SIGN,120,25,124,124,99,4,21,138,0.967741935483871,0.2016129032258064,0.8985507246376812,0.7983870967741935,0.032258064516129,0.1693548387096774
Antioxidants & Redox Signaling,2014,1557-7716,1,2020,Endocrinology & Metabolism,Biochemistry & Molecular Biology; Endocrinology & Metabolism,ANTIOXID REDOX SIGN,142,27,145,145,118,3,24,158,0.9793103448275862,0.1862068965517241,0.9177215189873418,0.8137931034482758,0.0206896551724137,0.1655172413793103
Antioxidants & Redox Signaling,2015,1557-7716,1,2020,Endocrinology & Metabolism,Biochemistry & Molecular Biology; Endocrinology & Metabolism,ANTIOXID REDOX SIGN,92,22,95,95,73,3,19,106,0.968421052631579,0.231578947368421,0.8962264150943396,0.7684210526315789,0.031578947368421,0.2
Antioxidants & Redox Signaling,2016,1557-7716,1,2020,Endocrinology & Metabolism,Biochemistry & Molecular Biology; Endocrinology & Metabolism,ANTIOXID REDOX SIGN,81,28,84,84,56,3,25,88,0.9642857142857144,0.3333333333333333,0.9545454545454546,0.6666666666666666,0.0357142857142857,0.2976190476190476
Antioxidants & Redox Signaling,2017,1557-7716,1,2020,Endocrinology & Metabolism,Biochemistry & Molecular Biology; Endocrinology & Metabolism,ANTIOXID REDOX SIGN,84,27,84,84,57,0,27,90,1.0,0.3214285714285714,0.9333333333333332,0.6785714285714286,0.0,0.3214285714285714
Antioxidants & Redox Signaling,2018,1557-7716,1,2020,Endocrinology & Metabolism,Biochemistry & Molecular Biology; Endocrinology & Metabolism,ANTIOXID REDOX SIGN,56,25,62,62,37,6,19,74,0.9032258064516128,0.4032258064516129,0.8378378378378378,0.5967741935483871,0.0967741935483871,0.3064516129032258
Antioxidants & Redox Signaling,2019,1557-7716,1,2020,Endocrinology & Metabolism,Biochemistry & Molecular Biology; Endocrinology & Metabolism,ANTIOXID REDOX SIGN,77,40,90,90,50,13,27,105,0.8555555555555555,0.4444444444444444,0.8571428571428571,0.5555555555555556,0.1444444444444444,0.3
Antioxidants & Redox Signaling,2020,1557-7716,1,2020,Endocrinology & Metabolism,Biochemistry & Molecular Biology; Endocrinology & Metabolism,ANTIOXID REDOX SIGN,42,26,45,45,19,3,23,72,0.9333333333333332,0.5777777777777777,0.625,0.4222222222222222,0.0666666666666666,0.5111111111111111
Antioxidants & Redox Signaling,2021,1557-7716,1,2020,Endocrinology & Metabolism,Biochemistry & Molecular Biology; Endocrinology & Metabolism,ANTIOXID REDOX SIGN,24,32,42,42,10,18,14,51,0.5714285714285714,0.7619047619047619,0.8235294117647058,0.238095238095238,0.4285714285714285,0.3333333333333333
Antioxidants & Redox Signaling,2022,1557-7716,1,2020,Endocrinology & Metabolism,Biochemistry & Molecular Biology; Endocrinology & Metabolism,ANTIOXID REDOX SIGN,7,31,33,33,2,26,5,37,0.2121212121212121,0.9393939393939394,0.8918918918918919,0.0606060606060606,0.7878787878787878,0.1515151515151515
Antioxidants & Redox Signaling,2023,1557-7716,1,2020,Endocrinology & Metabolism,Biochemistry & Molecular Biology; Endocrinology & Metabolism,ANTIOXID REDOX SIGN,15,34,35,35,1,20,14,36,0.4285714285714285,0.9714285714285714,0.9722222222222222,0.0285714285714285,0.5714285714285714,0.4
Antioxidants & Redox Signaling,2024,1557-7716,1,2020,Endocrinology & Metabolism,Biochemistry & Molecular Biology; Endocrinology & Metabolism,ANTIOXID REDOX SIGN,12,37,37,37,0,25,12,41,0.3243243243243243,1.0,0.902439024390244,0.0,0.6756756756756757,0.3243243243243243
Antioxidants & Redox Signaling,2025,1557-7716,1,2020,Endocrinology & Metabolism,Biochemistry & Molecular Biology; Endocrinology & Metabolism,ANTIOXID REDOX SIGN,34,90,90,90,0,56,34,91,0.3777777777777777,1.0,0.989010989010989,0.0,0.6222222222222222,0.3777777777777777
Archives of Physiology and Biochemistry,2010,1744-4160,0,,Physiology,Endocrinology & Metabolism; Physiology,ARCH PHYSIOL BIOCHEM,11,4,14,14,10,3,1,23,0.7857142857142857,0.2857142857142857,0.6086956521739131,0.7142857142857143,0.2142857142857142,0.0714285714285714
Archives of Physiology and Biochemistry,2011,1744-4160,0,,Physiology,Endocrinology & Metabolism; Physiology,ARCH PHYSIOL BIOCHEM,8,2,10,10,8,2,0,16,0.8,0.2,0.625,0.8,0.2,0.0
Archives of Physiology and Biochemistry,2012,1744-4160,0,,Physiology,Endocrinology & Metabolism; Physiology,ARCH PHYSIOL BIOCHEM,11,4,13,13,9,2,2,26,0.8461538461538461,0.3076923076923077,0.5,0.6923076923076923,0.1538461538461538,0.1538461538461538
Archives of Physiology and Biochemistry,2013,1744-4160,0,,Physiology,Endocrinology & Metabolism; Physiology,ARCH PHYSIOL BIOCHEM,10,4,13,13,9,3,1,19,0.7692307692307693,0.3076923076923077,0.6842105263157895,0.6923076923076923,0.2307692307692307,0.0769230769230769
Archives of Physiology and Biochemistry,2014,1744-4160,0,,Physiology,Endocrinology & Metabolism; Physiology,ARCH PHYSIOL BIOCHEM,12,2,13,13,11,1,1,22,0.9230769230769232,0.1538461538461538,0.5909090909090909,0.8461538461538461,0.0769230769230769,0.0769230769230769
Archives of Physiology and Biochemistry,2015,1744-4160,0,,Physiology,Endocrinology & Metabolism; Physiology,ARCH PHYSIOL BIOCHEM,16,2,17,17,15,1,1,29,0.9411764705882352,0.1176470588235294,0.5862068965517241,0.8823529411764706,0.0588235294117647,0.0588235294117647
Archives of Physiology and Biochemistry,2016,1744-4160,0,,Physiology,Endocrinology & Metabolism; Physiology,ARCH PHYSIOL BIOCHEM,22,4,25,25,21,3,1,35,0.88,0.16,0.7142857142857143,0.84,0.12,0.04
Archives of Physiology and Biochemistry,2017,1744-4160,0,,Physiology,Endocrinology & Metabolism; Physiology,ARCH PHYSIOL BIOCHEM,30,5,32,32,27,2,3,45,0.9375,0.15625,0.7111111111111111,0.84375,0.0625,0.09375
Archives of Physiology and Biochemistry,2018,1744-4160,0,,Physiology,Endocrinology & Metabolism; Physiology,ARCH PHYSIOL BIOCHEM,39,3,41,41,38,2,1,57,0.951219512195122,0.073170731707317,0.7192982456140351,0.926829268292683,0.048780487804878,0.024390243902439
Archives of Physiology and Biochemistry,2019,1744-4160,0,,Physiology,Endocrinology & Metabolism; Physiology,ARCH PHYSIOL BIOCHEM,43,3,45,45,42,2,1,56,0.9555555555555556,0.0666666666666666,0.8035714285714286,0.9333333333333332,0.0444444444444444,0.0222222222222222
Archives of Physiology and Biochemistry,2020,1744-4160,0,,Physiology,Endocrinology & Metabolism; Physiology,ARCH PHYSIOL BIOCHEM,42,4,43,43,39,1,3,52,0.9767441860465116,0.0930232558139534,0.8269230769230769,0.9069767441860463,0.0232558139534883,0.0697674418604651
Archives of Physiology and Biochemistry,2021,1744-4160,0,,Physiology,Endocrinology & Metabolism; Physiology,ARCH PHYSIOL BIOCHEM,46,7,49,49,42,3,4,63,0.9387755102040816,0.1428571428571428,0.7777777777777778,0.8571428571428571,0.0612244897959183,0.0816326530612244
Archives of Physiology and Biochemistry,2022,1744-4160,0,,Physiology,Endocrinology & Metabolism; Physiology,ARCH PHYSIOL BIOCHEM,122,34,135,135,101,13,21,185,0.9037037037037036,0.2518518518518518,0.7297297297297297,0.7481481481481481,0.0962962962962963,0.1555555555555555
Archives of Physiology and Biochemistry,2023,1744-4160,0,,Physiology,Endocrinology & Metabolism; Physiology,ARCH PHYSIOL BIOCHEM,87,18,92,92,74,5,13,116,0.9456521739130436,0.1956521739130435,0.7931034482758621,0.8043478260869565,0.0543478260869565,0.1413043478260869
Archives of Physiology and Biochemistry,2024,1744-4160,0,,Physiology,Endocrinology & Metabolism; Physiology,ARCH PHYSIOL BIOCHEM,47,18,55,55,37,8,10,59,0.8545454545454545,0.3272727272727272,0.9322033898305084,0.6727272727272727,0.1454545454545454,0.1818181818181818
Archives of Physiology and Biochemistry,2025,1744-4160,0,,Physiology,Endocrinology & Metabolism; Physiology,ARCH PHYSIOL BIOCHEM,74,30,86,86,56,12,18,110,0.8604651162790697,0.3488372093023256,0.7818181818181819,0.6511627906976745,0.1395348837209302,0.2093023255813953
Arthritis & Rheumatology,2014,2326-5205,1,2020,Rheumatology,Rheumatology,ARTHRITIS RHEUMATOL,171,112,205,205,93,34,78,319,0.8341463414634146,0.5463414634146342,0.6426332288401254,0.4536585365853658,0.1658536585365853,0.3804878048780488
Arthritis & Rheumatology,2015,2326-5205,1,2020,Rheumatology,Rheumatology,ARTHRITIS RHEUMATOL,152,126,202,202,76,50,76,308,0.7524752475247525,0.6237623762376238,0.6558441558441559,0.3762376237623762,0.2475247524752475,0.3762376237623762
Arthritis & Rheumatology,2016,2326-5205,1,2020,Rheumatology,Rheumatology,ARTHRITIS RHEUMATOL,114,102,150,150,48,36,66,263,0.76,0.68,0.5703422053231939,0.32,0.24,0.44
Arthritis & Rheumatology,2017,2326-5205,1,2020,Rheumatology,Rheumatology,ARTHRITIS RHEUMATOL,90,77,119,119,42,29,48,194,0.7563025210084033,0.6470588235294118,0.6134020618556701,0.3529411764705882,0.2436974789915966,0.4033613445378151
Arthritis & Rheumatology,2018,2326-5205,1,2020,Rheumatology,Rheumatology,ARTHRITIS RHEUMATOL,64,73,100,100,27,36,37,172,0.64,0.73,0.5813953488372093,0.27,0.36,0.37
Arthritis & Rheumatology,2019,2326-5205,1,2020,Rheumatology,Rheumatology,ARTHRITIS RHEUMATOL,57,69,93,93,24,36,33,183,0.6129032258064516,0.7419354838709677,0.5081967213114754,0.2580645161290322,0.3870967741935484,0.3548387096774194
Arthritis & Rheumatology,2020,2326-5205,1,2020,Rheumatology,Rheumatology,ARTHRITIS RHEUMATOL,65,90,107,107,17,42,48,175,0.6074766355140186,0.8411214953271028,0.6114285714285714,0.1588785046728972,0.3925233644859813,0.4485981308411215
Arthritis & Rheumatology,2021,2326-5205,1,2020,Rheumatology,Rheumatology,ARTHRITIS RHEUMATOL,47,100,121,121,21,74,26,198,0.3884297520661157,0.8264462809917356,0.6111111111111112,0.1735537190082644,0.6115702479338843,0.2148760330578512
Arthritis & Rheumatology,2022,2326-5205,1,2020,Rheumatology,Rheumatology,ARTHRITIS RHEUMATOL,30,87,96,96,9,66,21,156,0.3125,0.90625,0.6153846153846154,0.09375,0.6875,0.21875
Arthritis & Rheumatology,2023,2326-5205,1,2020,Rheumatology,Rheumatology,ARTHRITIS RHEUMATOL,28,102,112,112,10,84,18,176,0.25,0.9107142857142856,0.6363636363636364,0.0892857142857142,0.75,0.1607142857142857
Arthritis & Rheumatology,2024,2326-5205,1,2020,Rheumatology,Rheumatology,ARTHRITIS RHEUMATOL,27,71,80,80,9,53,18,135,0.3375,0.8875,0.5925925925925926,0.1125,0.6625,0.225
Arthritis & Rheumatology,2025,2326-5205,1,2020,Rheumatology,Rheumatology,ARTHRITIS RHEUMATOL,32,111,119,119,8,87,24,227,0.2689075630252101,0.9327731092436976,0.5242290748898678,0.0672268907563025,0.7310924369747899,0.2016806722689075
Arthritis Research & Therapy,2010,1478-6362,0,,Rheumatology,Rheumatology,ARTHRITIS RES THER,100,67,135,135,68,35,32,227,0.7407407407407407,0.4962962962962963,0.5947136563876652,0.5037037037037037,0.2592592592592592,0.237037037037037
Arthritis Research & Therapy,2011,1478-6362,0,,Rheumatology,Rheumatology,ARTHRITIS RES THER,94,72,130,130,58,36,36,203,0.7230769230769231,0.5538461538461539,0.6403940886699507,0.4461538461538462,0.2769230769230769,0.2769230769230769
Arthritis Research & Therapy,2012,1478-6362,0,,Rheumatology,Rheumatology,ARTHRITIS RES THER,128,108,182,182,74,54,54,268,0.7032967032967034,0.5934065934065934,0.6791044776119403,0.4065934065934066,0.2967032967032967,0.2967032967032967
Arthritis Research & Therapy,2013,1478-6362,0,,Rheumatology,Rheumatology,ARTHRITIS RES THER,109,73,140,140,67,31,42,218,0.7785714285714286,0.5214285714285715,0.6422018348623854,0.4785714285714286,0.2214285714285714,0.3
Arthritis Research & Therapy,2014,1478-6362,0,,Rheumatology,Rheumatology,ARTHRITIS RES THER,112,98,165,165,67,53,45,241,0.6787878787878788,0.593939393939394,0.6846473029045643,0.406060606060606,0.3212121212121212,0.2727272727272727
Arthritis Research & Therapy,2015,1478-6362,0,,Rheumatology,Rheumatology,ARTHRITIS RES THER,133,119,201,201,82,68,51,315,0.6616915422885572,0.5920398009950248,0.638095238095238,0.4079601990049751,0.3383084577114428,0.2537313432835821
Arthritis Research & Therapy,2016,1478-6362,0,,Rheumatology,Rheumatology,ARTHRITIS RES THER,105,114,169,169,55,64,50,266,0.621301775147929,0.6745562130177515,0.6353383458646616,0.3254437869822485,0.378698224852071,0.2958579881656805
Arthritis Research & Therapy,2017,1478-6362,0,,Rheumatology,Rheumatology,ARTHRITIS RES THER,85,101,143,143,42,58,43,258,0.5944055944055944,0.7062937062937062,0.5542635658914729,0.2937062937062937,0.4055944055944055,0.3006993006993007
Arthritis Research & Therapy,2018,1478-6362,0,,Rheumatology,Rheumatology,ARTHRITIS RES THER,98,92,147,147,55,49,43,249,0.6666666666666666,0.6258503401360545,0.5903614457831325,0.3741496598639456,0.3333333333333333,0.2925170068027211
Arthritis Research & Therapy,2019,1478-6362,0,,Rheumatology,Rheumatology,ARTHRITIS RES THER,91,101,144,144,43,53,48,265,0.6319444444444444,0.7013888888888888,0.5433962264150943,0.2986111111111111,0.3680555555555556,0.3333333333333333
Arthritis Research & Therapy,2020,1478-6362,0,,Rheumatology,Rheumatology,ARTHRITIS RES THER,72,109,142,142,33,70,39,252,0.5070422535211268,0.7676056338028169,0.5634920634920635,0.2323943661971831,0.4929577464788732,0.2746478873239437
Arthritis Research & Therapy,2021,1478-6362,0,,Rheumatology,Rheumatology,ARTHRITIS RES THER,67,107,146,146,39,79,28,268,0.4589041095890411,0.7328767123287672,0.5447761194029851,0.2671232876712329,0.541095890410959,0.1917808219178082
Arthritis Research & Therapy,2022,1478-6362,0,,Rheumatology,Rheumatology,ARTHRITIS RES THER,57,104,126,126,22,69,35,243,0.4523809523809524,0.8253968253968254,0.5185185185185185,0.1746031746031746,0.5476190476190477,0.2777777777777778
Arthritis Research & Therapy,2023,1478-6362,0,,Rheumatology,Rheumatology,ARTHRITIS RES THER,60,117,138,138,21,78,39,214,0.4347826086956521,0.8478260869565217,0.6448598130841121,0.1521739130434782,0.5652173913043478,0.2826086956521739
Arthritis Research & Therapy,2024,1478-6362,0,,Rheumatology,Rheumatology,ARTHRITIS RES THER,44,103,115,115,12,71,32,204,0.3826086956521739,0.8956521739130435,0.5637254901960784,0.1043478260869565,0.6173913043478261,0.2782608695652174
Arthritis Research & Therapy,2025,1478-6362,0,,Rheumatology,Rheumatology,ARTHRITIS RES THER,57,127,146,146,19,89,38,238,0.3904109589041096,0.8698630136986302,0.6134453781512605,0.1301369863013698,0.6095890410958904,0.2602739726027397
Atherosclerosis,2010,1879-1484,0,,Cardiac & Cardiovascular Systems,Cardiac & Cardiovascular Systems; Peripheral Vascular Disease,ATHEROSCLEROSIS,229,85,278,278,193,49,36,496,0.8237410071942446,0.3057553956834532,0.5604838709677419,0.6942446043165468,0.1762589928057553,0.1294964028776978
Atherosclerosis,2011,1879-1484,0,,Cardiac & Cardiovascular Systems,Cardiac & Cardiovascular Systems; Peripheral Vascular Disease,ATHEROSCLEROSIS,194,79,231,231,152,37,42,406,0.8398268398268398,0.341991341991342,0.5689655172413793,0.658008658008658,0.1601731601731601,0.1818181818181818
Atherosclerosis,2012,1879-1484,0,,Cardiac & Cardiovascular Systems,Cardiac & Cardiovascular Systems; Peripheral Vascular Disease,ATHEROSCLEROSIS,178,87,220,220,133,42,45,380,0.8090909090909091,0.3954545454545454,0.5789473684210527,0.6045454545454545,0.1909090909090909,0.2045454545454545
Atherosclerosis,2013,1879-1484,0,,Cardiac & Cardiovascular Systems,Cardiac & Cardiovascular Systems; Peripheral Vascular Disease,ATHEROSCLEROSIS,134,54,171,171,117,37,17,312,0.783625730994152,0.3157894736842105,0.5480769230769231,0.6842105263157895,0.2163742690058479,0.0994152046783625
Atherosclerosis,2014,1879-1484,0,,Cardiac & Cardiovascular Systems,Cardiac & Cardiovascular Systems; Peripheral Vascular Disease,ATHEROSCLEROSIS,179,86,226,226,140,47,39,394,0.7920353982300885,0.3805309734513274,0.5736040609137056,0.6194690265486725,0.2079646017699115,0.1725663716814159
Atherosclerosis,2015,1879-1484,0,,Cardiac & Cardiovascular Systems,Cardiac & Cardiovascular Systems; Peripheral Vascular Disease,ATHEROSCLEROSIS,146,78,195,195,117,49,29,399,0.7487179487179487,0.4,0.4887218045112781,0.6,0.2512820512820513,0.1487179487179487
Atherosclerosis,2016,1879-1484,0,,Cardiac & Cardiovascular Systems,Cardiac & Cardiovascular Systems; Peripheral Vascular Disease,ATHEROSCLEROSIS,148,81,195,195,114,47,34,357,0.7589743589743589,0.4153846153846154,0.5462184873949579,0.5846153846153846,0.241025641025641,0.1743589743589743
Atherosclerosis,2017,1879-1484,0,,Cardiac & Cardiovascular Systems,Cardiac & Cardiovascular Systems; Peripheral Vascular Disease,ATHEROSCLEROSIS,98,65,142,142,77,44,21,277,0.6901408450704225,0.4577464788732394,0.5126353790613718,0.5422535211267606,0.3098591549295774,0.1478873239436619
Atherosclerosis,2018,1879-1484,0,,Cardiac & Cardiovascular Systems,Cardiac & Cardiovascular Systems; Peripheral Vascular Disease,ATHEROSCLEROSIS,109,80,152,152,72,43,37,347,0.7171052631578947,0.5263157894736842,0.4380403458213256,0.4736842105263157,0.2828947368421052,0.2434210526315789
Atherosclerosis,2019,1879-1484,0,,Cardiac & Cardiovascular Systems,Cardiac & Cardiovascular Systems; Peripheral Vascular Disease,ATHEROSCLEROSIS,82,74,115,115,41,33,41,234,0.7130434782608696,0.6434782608695652,0.4914529914529914,0.3565217391304348,0.2869565217391304,0.3565217391304348
Atherosclerosis,2020,1879-1484,0,,Cardiac & Cardiovascular Systems,Cardiac & Cardiovascular Systems; Peripheral Vascular Disease,ATHEROSCLEROSIS,57,65,105,105,40,48,17,227,0.5428571428571428,0.6190476190476191,0.4625550660792951,0.3809523809523809,0.4571428571428571,0.1619047619047619
Atherosclerosis,2021,1879-1484,0,,Cardiac & Cardiovascular Systems,Cardiac & Cardiovascular Systems; Peripheral Vascular Disease,ATHEROSCLEROSIS,39,56,79,79,23,40,16,202,0.4936708860759494,0.7088607594936709,0.3910891089108911,0.2911392405063291,0.5063291139240507,0.2025316455696202
Atherosclerosis,2022,1879-1484,0,,Cardiac & Cardiovascular Systems,Cardiac & Cardiovascular Systems; Peripheral Vascular Disease,ATHEROSCLEROSIS,30,59,77,77,18,47,12,174,0.3896103896103896,0.7662337662337663,0.4425287356321839,0.2337662337662337,0.6103896103896104,0.1558441558441558
Atherosclerosis,2023,1879-1484,0,,Cardiac & Cardiovascular Systems,Cardiac & Cardiovascular Systems; Peripheral Vascular Disease,ATHEROSCLEROSIS,38,55,75,75,20,37,18,149,0.5066666666666667,0.7333333333333333,0.5033557046979866,0.2666666666666666,0.4933333333333333,0.24
Atherosclerosis,2024,1879-1484,0,,Cardiac & Cardiovascular Systems,Cardiac & Cardiovascular Systems; Peripheral Vascular Disease,ATHEROSCLEROSIS,36,75,89,89,14,53,22,165,0.4044943820224719,0.8426966292134831,0.5393939393939394,0.1573033707865168,0.5955056179775281,0.247191011235955
Atherosclerosis,2025,1879-1484,0,,Cardiac & Cardiovascular Systems,Cardiac & Cardiovascular Systems; Peripheral Vascular Disease,ATHEROSCLEROSIS,38,90,109,109,19,71,19,188,0.3486238532110092,0.8256880733944955,0.5797872340425532,0.1743119266055046,0.6513761467889908,0.1743119266055046
Basic Research in Cardiology,2010,1435-1803,0,,Cardiac & Cardiovascular Systems,Cardiac & Cardiovascular Systems,BASIC RES CARDIOL,63,15,65,65,50,2,13,70,0.9692307692307692,0.2307692307692307,0.9285714285714286,0.7692307692307693,0.0307692307692307,0.2
Basic Research in Cardiology,2011,1435-1803,0,,Cardiac & Cardiovascular Systems,Cardiac & Cardiovascular Systems,BASIC RES CARDIOL,87,20,92,92,72,5,15,97,0.9456521739130436,0.217391304347826,0.9484536082474226,0.782608695652174,0.0543478260869565,0.1630434782608695
Basic Research in Cardiology,2012,1435-1803,0,,Cardiac & Cardiovascular Systems,Cardiac & Cardiovascular Systems,BASIC RES CARDIOL,60,20,63,63,43,3,17,67,0.9523809523809524,0.3174603174603174,0.9402985074626866,0.6825396825396826,0.0476190476190476,0.2698412698412698
Basic Research in Cardiology,2013,1435-1803,0,,Cardiac & Cardiovascular Systems,Cardiac & Cardiovascular Systems,BASIC RES CARDIOL,63,16,66,66,50,3,13,68,0.9545454545454546,0.2424242424242424,0.9705882352941176,0.7575757575757576,0.0454545454545454,0.1969696969696969
Basic Research in Cardiology,2014,1435-1803,0,,Cardiac & Cardiovascular Systems,Cardiac & Cardiovascular Systems,BASIC RES CARDIOL,43,16,47,47,31,4,12,48,0.9148936170212766,0.3404255319148936,0.9791666666666666,0.6595744680851063,0.0851063829787234,0.2553191489361702
Basic Research in Cardiology,2015,1435-1803,0,,Cardiac & Cardiovascular Systems,Cardiac & Cardiovascular Systems,BASIC RES CARDIOL,50,18,53,53,35,3,15,54,0.9433962264150944,0.3396226415094339,0.9814814814814816,0.660377358490566,0.0566037735849056,0.2830188679245283
Basic Research in Cardiology,2016,1435-1803,0,,Cardiac & Cardiovascular Systems,Cardiac & Cardiovascular Systems,BASIC RES CARDIOL,51,20,53,53,33,2,18,53,0.9622641509433962,0.3773584905660377,1.0,0.6226415094339622,0.0377358490566037,0.3396226415094339
Basic Research in Cardiology,2017,1435-1803,0,,Cardiac & Cardiovascular Systems,Cardiac & Cardiovascular Systems,BASIC RES CARDIOL,50,19,54,54,35,4,15,57,0.925925925925926,0.3518518518518518,0.9473684210526316,0.6481481481481481,0.074074074074074,0.2777777777777778
Basic Research in Cardiology,2018,1435-1803,0,,Cardiac & Cardiovascular Systems,Cardiac & Cardiovascular Systems,BASIC RES CARDIOL,21,15,27,27,12,6,9,28,0.7777777777777778,0.5555555555555556,0.9642857142857144,0.4444444444444444,0.2222222222222222,0.3333333333333333
Basic Research in Cardiology,2019,1435-1803,0,,Cardiac & Cardiovascular Systems,Cardiac & Cardiovascular Systems,BASIC RES CARDIOL,29,27,38,38,11,9,18,40,0.7631578947368421,0.7105263157894737,0.95,0.2894736842105263,0.2368421052631578,0.4736842105263157
Basic Research in Cardiology,2020,1435-1803,0,,Cardiac & Cardiovascular Systems,Cardiac & Cardiovascular Systems,BASIC RES CARDIOL,35,41,54,54,13,19,22,55,0.6481481481481481,0.7592592592592593,0.9818181818181818,0.2407407407407407,0.3518518518518518,0.4074074074074074
Basic Research in Cardiology,2021,1435-1803,0,,Cardiac & Cardiovascular Systems,Cardiac & Cardiovascular Systems,BASIC RES CARDIOL,21,39,46,46,7,25,14,48,0.4565217391304347,0.8478260869565217,0.9583333333333334,0.1521739130434782,0.5434782608695652,0.3043478260869565
Basic Research in Cardiology,2022,1435-1803,0,,Cardiac & Cardiovascular Systems,Cardiac & Cardiovascular Systems,BASIC RES CARDIOL,25,41,46,46,5,21,20,47,0.5434782608695652,0.8913043478260869,0.9787234042553192,0.108695652173913,0.4565217391304347,0.4347826086956521
Basic Research in Cardiology,2023,1435-1803,0,,Cardiac & Cardiovascular Systems,Cardiac & Cardiovascular Systems,BASIC RES CARDIOL,14,30,33,33,3,19,11,35,0.4242424242424242,0.9090909090909092,0.9428571428571428,0.0909090909090909,0.5757575757575758,0.3333333333333333
Basic Research in Cardiology,2024,1435-1803,0,,Cardiac & Cardiovascular Systems,Cardiac & Cardiovascular Systems,BASIC RES CARDIOL,11,42,43,43,1,32,10,45,0.2558139534883721,0.9767441860465116,0.9555555555555556,0.0232558139534883,0.7441860465116279,0.2325581395348837
Basic Research in Cardiology,2025,1435-1803,0,,Cardiac & Cardiovascular Systems,Cardiac & Cardiovascular Systems,BASIC RES CARDIOL,10,47,48,48,1,38,9,50,0.2083333333333333,0.9791666666666666,0.96,0.0208333333333333,0.7916666666666666,0.1875
Biofactors,2010,1872-8081,0,,Endocrinology & Metabolism,Biochemistry & Molecular Biology; Endocrinology & Metabolism,BIOFACTORS,15,1,15,15,14,0,1,19,1.0,0.0666666666666666,0.7894736842105263,0.9333333333333332,0.0,0.0666666666666666
Biofactors,2011,1872-8081,0,,Endocrinology & Metabolism,Biochemistry & Molecular Biology; Endocrinology & Metabolism,BIOFACTORS,19,2,21,21,19,2,0,23,0.9047619047619048,0.0952380952380952,0.9130434782608696,0.9047619047619048,0.0952380952380952,0.0
Biofactors,2012,1872-8081,0,,Endocrinology & Metabolism,Biochemistry & Molecular Biology; Endocrinology & Metabolism,BIOFACTORS,18,2,20,20,18,2,0,28,0.9,0.1,0.7142857142857143,0.9,0.1,0.0
Biofactors,2013,1872-8081,0,,Endocrinology & Metabolism,Biochemistry & Molecular Biology; Endocrinology & Metabolism,BIOFACTORS,25,1,25,25,24,0,1,34,1.0,0.04,0.7352941176470589,0.96,0.0,0.04
Biofactors,2014,1872-8081,0,,Endocrinology & Metabolism,Biochemistry & Molecular Biology; Endocrinology & Metabolism,BIOFACTORS,25,5,26,26,21,1,4,31,0.9615384615384616,0.1923076923076923,0.8387096774193549,0.8076923076923077,0.0384615384615384,0.1538461538461538
Biofactors,2015,1872-8081,0,,Endocrinology & Metabolism,Biochemistry & Molecular Biology; Endocrinology & Metabolism,BIOFACTORS,35,4,36,36,32,1,3,40,0.9722222222222222,0.1111111111111111,0.9,0.8888888888888888,0.0277777777777777,0.0833333333333333
Biofactors,2016,1872-8081,0,,Endocrinology & Metabolism,Biochemistry & Molecular Biology; Endocrinology & Metabolism,BIOFACTORS,38,7,40,40,33,2,5,45,0.95,0.175,0.8888888888888888,0.825,0.05,0.125
Biofactors,2017,1872-8081,0,,Endocrinology & Metabolism,Biochemistry & Molecular Biology; Endocrinology & Metabolism,BIOFACTORS,46,6,46,46,40,0,6,48,1.0,0.1304347826086956,0.9583333333333334,0.8695652173913043,0.0,0.1304347826086956
Biofactors,2018,1872-8081,0,,Endocrinology & Metabolism,Biochemistry & Molecular Biology; Endocrinology & Metabolism,BIOFACTORS,36,6,38,38,32,2,4,40,0.9473684210526316,0.1578947368421052,0.95,0.8421052631578947,0.0526315789473684,0.1052631578947368
Biofactors,2019,1872-8081,0,,Endocrinology & Metabolism,Biochemistry & Molecular Biology; Endocrinology & Metabolism,BIOFACTORS,49,15,54,54,39,5,10,62,0.9074074074074074,0.2777777777777778,0.8709677419354839,0.7222222222222222,0.0925925925925925,0.1851851851851851
Biofactors,2020,1872-8081,0,,Endocrinology & Metabolism,Biochemistry & Molecular Biology; Endocrinology & Metabolism,BIOFACTORS,46,11,48,48,37,2,9,53,0.9583333333333334,0.2291666666666666,0.9056603773584906,0.7708333333333334,0.0416666666666666,0.1875
Biofactors,2021,1872-8081,0,,Endocrinology & Metabolism,Biochemistry & Molecular Biology; Endocrinology & Metabolism,BIOFACTORS,34,17,38,38,21,4,13,40,0.8947368421052632,0.4473684210526316,0.95,0.5526315789473685,0.1052631578947368,0.3421052631578947
Biofactors,2022,1872-8081,0,,Endocrinology & Metabolism,Biochemistry & Molecular Biology; Endocrinology & Metabolism,BIOFACTORS,37,17,43,43,26,6,11,50,0.8604651162790697,0.3953488372093023,0.86,0.6046511627906976,0.1395348837209302,0.2558139534883721
Biofactors,2023,1872-8081,0,,Endocrinology & Metabolism,Biochemistry & Molecular Biology; Endocrinology & Metabolism,BIOFACTORS,35,18,43,43,25,8,10,47,0.813953488372093,0.4186046511627907,0.9148936170212766,0.5813953488372093,0.1860465116279069,0.2325581395348837
Biofactors,2024,1872-8081,0,,Endocrinology & Metabolism,Biochemistry & Molecular Biology; Endocrinology & Metabolism,BIOFACTORS,46,32,56,56,24,10,22,58,0.8214285714285714,0.5714285714285714,0.9655172413793104,0.4285714285714285,0.1785714285714285,0.3928571428571428
Biofactors,2025,1872-8081,0,,Endocrinology & Metabolism,Biochemistry & Molecular Biology; Endocrinology & Metabolism,BIOFACTORS,72,54,90,90,36,18,36,94,0.8,0.6,0.9574468085106383,0.4,0.2,0.4
Blood Cancer Journal,2011,2044-5385,1,2013,Oncology,Hematology; Oncology,BLOOD CANCER J,20,8,22,22,14,2,6,28,0.9090909090909092,0.3636363636363636,0.7857142857142857,0.6363636363636364,0.0909090909090909,0.2727272727272727
Blood Cancer Journal,2012,2044-5385,1,2013,Oncology,Hematology; Oncology,BLOOD CANCER J,17,16,26,26,10,9,7,38,0.6538461538461539,0.6153846153846154,0.6842105263157895,0.3846153846153846,0.3461538461538461,0.2692307692307692
Blood Cancer Journal,2013,2044-5385,1,2013,Oncology,Hematology; Oncology,BLOOD CANCER J,27,16,33,33,17,6,10,48,0.8181818181818182,0.4848484848484848,0.6875,0.5151515151515151,0.1818181818181818,0.303030303030303
Blood Cancer Journal,2014,2044-5385,1,2013,Oncology,Hematology; Oncology,BLOOD CANCER J,25,21,32,32,11,7,14,54,0.78125,0.65625,0.5925925925925926,0.34375,0.21875,0.4375
Blood Cancer Journal,2015,2044-5385,1,2013,Oncology,Hematology; Oncology,BLOOD CANCER J,20,21,28,28,7,8,13,45,0.7142857142857143,0.75,0.6222222222222222,0.25,0.2857142857142857,0.4642857142857143
Blood Cancer Journal,2016,2044-5385,1,2013,Oncology,Hematology; Oncology,BLOOD CANCER J,17,14,23,23,9,6,8,46,0.7391304347826086,0.6086956521739131,0.5,0.391304347826087,0.2608695652173913,0.3478260869565217
Blood Cancer Journal,2017,2044-5385,1,2013,Oncology,Hematology; Oncology,BLOOD CANCER J,16,20,26,26,6,10,10,47,0.6153846153846154,0.7692307692307693,0.5531914893617021,0.2307692307692307,0.3846153846153846,0.3846153846153846
Blood Cancer Journal,2018,2044-5385,1,2013,Oncology,Hematology; Oncology,BLOOD CANCER J,11,19,23,23,4,12,7,50,0.4782608695652174,0.8260869565217391,0.46,0.1739130434782608,0.5217391304347826,0.3043478260869565
Blood Cancer Journal,2019,2044-5385,1,2013,Oncology,Hematology; Oncology,BLOOD CANCER J,17,20,27,27,7,10,10,56,0.6296296296296297,0.7407407407407407,0.4821428571428571,0.2592592592592592,0.3703703703703703,0.3703703703703703
Blood Cancer Journal,2020,2044-5385,1,2013,Oncology,Hematology; Oncology,BLOOD CANCER J,14,26,30,30,4,16,10,76,0.4666666666666667,0.8666666666666667,0.3947368421052631,0.1333333333333333,0.5333333333333333,0.3333333333333333
Blood Cancer Journal,2021,2044-5385,1,2013,Oncology,Hematology; Oncology,BLOOD CANCER J,24,38,39,39,1,15,23,87,0.6153846153846154,0.9743589743589745,0.4482758620689655,0.0256410256410256,0.3846153846153846,0.5897435897435898
Blood Cancer Journal,2022,2044-5385,1,2013,Oncology,Hematology; Oncology,BLOOD CANCER J,22,26,31,31,5,9,17,76,0.7096774193548387,0.8387096774193549,0.4078947368421052,0.1612903225806451,0.2903225806451613,0.5483870967741935
Blood Cancer Journal,2023,2044-5385,1,2013,Oncology,Hematology; Oncology,BLOOD CANCER J,18,34,38,38,4,20,14,85,0.4736842105263157,0.8947368421052632,0.4470588235294118,0.1052631578947368,0.5263157894736842,0.3684210526315789
Blood Cancer Journal,2024,2044-5385,1,2013,Oncology,Hematology; Oncology,BLOOD CANCER J,21,40,46,46,6,25,15,96,0.4565217391304347,0.8695652173913043,0.4791666666666667,0.1304347826086956,0.5434782608695652,0.3260869565217391
Blood Cancer Journal,2025,2044-5385,1,2013,Oncology,Hematology; Oncology,BLOOD CANCER J,14,27,33,33,6,19,8,93,0.4242424242424242,0.8181818181818182,0.3548387096774194,0.1818181818181818,0.5757575757575758,0.2424242424242424
Bone & Joint Journal,2013,2049-4394,0,,Orthopedics,Orthopedics; Surgery,BONE JOINT J,28,30,58,58,28,30,0,204,0.4827586206896552,0.5172413793103449,0.284313725490196,0.4827586206896552,0.5172413793103449,0.0
Bone & Joint Journal,2014,2049-4394,0,,Orthopedics,Orthopedics; Surgery,BONE JOINT J,14,23,33,33,10,19,4,216,0.4242424242424242,0.696969696969697,0.1527777777777778,0.303030303030303,0.5757575757575758,0.1212121212121212
Bone & Joint Journal,2015,2049-4394,0,,Orthopedics,Orthopedics; Surgery,BONE JOINT J,26,32,53,53,21,27,5,224,0.490566037735849,0.6037735849056604,0.2366071428571428,0.3962264150943396,0.5094339622641509,0.0943396226415094
Bone & Joint Journal,2016,2049-4394,0,,Orthopedics,Orthopedics; Surgery,BONE JOINT J,16,27,43,43,16,27,0,211,0.3720930232558139,0.627906976744186,0.2037914691943128,0.3720930232558139,0.627906976744186,0.0
Bone & Joint Journal,2017,2049-4394,0,,Orthopedics,Orthopedics; Surgery,BONE JOINT J,11,36,45,45,9,34,2,196,0.2444444444444444,0.8,0.2295918367346938,0.2,0.7555555555555555,0.0444444444444444
Bone & Joint Journal,2018,2049-4394,0,,Orthopedics,Orthopedics; Surgery,BONE JOINT J,20,28,44,44,16,24,4,204,0.4545454545454545,0.6363636363636364,0.2156862745098039,0.3636363636363636,0.5454545454545454,0.0909090909090909
Bone & Joint Journal,2019,2049-4394,0,,Orthopedics,Orthopedics; Surgery,BONE JOINT J,22,31,50,50,19,28,3,215,0.44,0.62,0.2325581395348837,0.38,0.56,0.06
Bone & Joint Journal,2020,2049-4394,0,,Orthopedics,Orthopedics; Surgery,BONE JOINT J,16,45,59,59,14,43,2,253,0.2711864406779661,0.7627118644067796,0.233201581027668,0.2372881355932203,0.7288135593220338,0.0338983050847457
Bone & Joint Journal,2021,2049-4394,0,,Orthopedics,Orthopedics; Surgery,BONE JOINT J,16,37,49,49,12,33,4,256,0.3265306122448979,0.7551020408163265,0.19140625,0.2448979591836734,0.673469387755102,0.0816326530612244
Bone & Joint Journal,2022,2049-4394,0,,Orthopedics,Orthopedics; Surgery,BONE JOINT J,6,24,28,28,4,22,2,147,0.2142857142857142,0.8571428571428571,0.1904761904761904,0.1428571428571428,0.7857142857142857,0.0714285714285714
Bone & Joint Journal,2023,2049-4394,0,,Orthopedics,Orthopedics; Surgery,BONE JOINT J,9,22,29,29,7,20,2,127,0.3103448275862069,0.7586206896551724,0.2283464566929134,0.2413793103448276,0.6896551724137931,0.0689655172413793
Bone & Joint Journal,2024,2049-4394,0,,Orthopedics,Orthopedics; Surgery,BONE JOINT J,7,31,37,37,6,30,1,188,0.1891891891891892,0.8378378378378378,0.1968085106382978,0.1621621621621621,0.8108108108108109,0.027027027027027
Bone & Joint Journal,2025,2049-4394,0,,Orthopedics,Orthopedics; Surgery,BONE JOINT J,13,26,35,35,9,22,4,165,0.3714285714285714,0.7428571428571429,0.2121212121212121,0.2571428571428571,0.6285714285714286,0.1142857142857142
Bone & Joint Research,2012,2046-3758,1,2021,Orthopedics,Cell & Tissue Engineering; Orthopedics,BONE JOINT RES,7,7,13,13,6,6,1,42,0.5384615384615384,0.5384615384615384,0.3095238095238095,0.4615384615384615,0.4615384615384615,0.0769230769230769
Bone & Joint Research,2013,2046-3758,1,2021,Orthopedics,Cell & Tissue Engineering; Orthopedics,BONE JOINT RES,8,5,12,12,7,4,1,32,0.6666666666666666,0.4166666666666667,0.375,0.5833333333333334,0.3333333333333333,0.0833333333333333
Bone & Joint Research,2014,2046-3758,1,2021,Orthopedics,Cell & Tissue Engineering; Orthopedics,BONE JOINT RES,12,8,20,20,12,8,0,36,0.6,0.4,0.5555555555555556,0.6,0.4,0.0
Bone & Joint Research,2015,2046-3758,1,2021,Orthopedics,Cell & Tissue Engineering; Orthopedics,BONE JOINT RES,2,5,6,6,1,4,1,21,0.3333333333333333,0.8333333333333334,0.2857142857142857,0.1666666666666666,0.6666666666666666,0.1666666666666666
Bone & Joint Research,2016,2046-3758,1,2021,Orthopedics,Cell & Tissue Engineering; Orthopedics,BONE JOINT RES,21,12,30,30,18,9,3,74,0.7,0.4,0.4054054054054054,0.6,0.3,0.1
Bone & Joint Research,2017,2046-3758,1,2021,Orthopedics,Cell & Tissue Engineering; Orthopedics,BONE JOINT RES,31,13,39,39,26,8,5,72,0.7948717948717948,0.3333333333333333,0.5416666666666666,0.6666666666666666,0.2051282051282051,0.1282051282051282
Bone & Joint Research,2018,2046-3758,1,2021,Orthopedics,Cell & Tissue Engineering; Orthopedics,BONE JOINT RES,23,18,40,40,22,17,1,72,0.575,0.45,0.5555555555555556,0.55,0.425,0.025
Bone & Joint Research,2019,2046-3758,1,2021,Orthopedics,Cell & Tissue Engineering; Orthopedics,BONE JOINT RES,25,12,33,33,21,8,4,61,0.7575757575757576,0.3636363636363636,0.5409836065573771,0.6363636363636364,0.2424242424242424,0.1212121212121212
Bone & Joint Research,2020,2046-3758,1,2021,Orthopedics,Cell & Tissue Engineering; Orthopedics,BONE JOINT RES,39,19,49,49,30,10,9,84,0.7959183673469388,0.3877551020408163,0.5833333333333334,0.6122448979591837,0.2040816326530612,0.1836734693877551
Bone & Joint Research,2021,2046-3758,1,2021,Orthopedics,Cell & Tissue Engineering; Orthopedics,BONE JOINT RES,42,21,50,50,29,8,13,77,0.84,0.42,0.6493506493506493,0.58,0.16,0.26
Bone & Joint Research,2022,2046-3758,1,2021,Orthopedics,Cell & Tissue Engineering; Orthopedics,BONE JOINT RES,30,34,52,52,18,22,12,76,0.5769230769230769,0.6538461538461539,0.6842105263157895,0.3461538461538461,0.4230769230769231,0.2307692307692307
Bone & Joint Research,2023,2046-3758,1,2021,Orthopedics,Cell & Tissue Engineering; Orthopedics,BONE JOINT RES,23,26,38,38,12,15,11,62,0.6052631578947368,0.6842105263157895,0.6129032258064516,0.3157894736842105,0.3947368421052631,0.2894736842105263
Bone & Joint Research,2024,2046-3758,1,2021,Orthopedics,Cell & Tissue Engineering; Orthopedics,BONE JOINT RES,25,24,41,41,17,16,8,67,0.6097560975609756,0.5853658536585366,0.6119402985074627,0.4146341463414634,0.3902439024390244,0.1951219512195122
Bone & Joint Research,2025,2046-3758,1,2021,Orthopedics,Cell & Tissue Engineering; Orthopedics,BONE JOINT RES,27,44,62,62,18,35,9,97,0.4354838709677419,0.7096774193548387,0.6391752577319587,0.2903225806451613,0.5645161290322581,0.1451612903225806
Bone Marrow Transplantation,2010,1476-5365,1,2013,Immunology,Hematology; Immunology; Oncology; Transplantation,BONE MARROW TRANSPL,24,35,54,54,19,30,5,188,0.4444444444444444,0.6481481481481481,0.2872340425531915,0.3518518518518518,0.5555555555555556,0.0925925925925925
Bone Marrow Transplantation,2011,1476-5365,1,2013,Immunology,Hematology; Immunology; Oncology; Transplantation,BONE MARROW TRANSPL,9,18,23,23,5,14,4,159,0.391304347826087,0.782608695652174,0.1446540880503144,0.217391304347826,0.6086956521739131,0.1739130434782608
Bone Marrow Transplantation,2012,1476-5365,1,2013,Immunology,Hematology; Immunology; Oncology; Transplantation,BONE MARROW TRANSPL,13,23,31,31,8,18,5,153,0.4193548387096774,0.7419354838709677,0.2026143790849673,0.2580645161290322,0.5806451612903226,0.1612903225806451
Bone Marrow Transplantation,2013,1476-5365,1,2013,Immunology,Hematology; Immunology; Oncology; Transplantation,BONE MARROW TRANSPL,18,20,34,34,14,16,4,166,0.5294117647058824,0.5882352941176471,0.2048192771084337,0.4117647058823529,0.4705882352941176,0.1176470588235294
Bone Marrow Transplantation,2014,1476-5365,1,2013,Immunology,Hematology; Immunology; Oncology; Transplantation,BONE MARROW TRANSPL,21,36,45,45,9,24,12,164,0.4666666666666667,0.8,0.274390243902439,0.2,0.5333333333333333,0.2666666666666666
Bone Marrow Transplantation,2015,1476-5365,1,2013,Immunology,Hematology; Immunology; Oncology; Transplantation,BONE MARROW TRANSPL,14,31,38,38,7,24,7,159,0.3684210526315789,0.8157894736842105,0.2389937106918239,0.1842105263157894,0.631578947368421,0.1842105263157894
Bone Marrow Transplantation,2016,1476-5365,1,2013,Immunology,Hematology; Immunology; Oncology; Transplantation,BONE MARROW TRANSPL,10,16,24,24,8,14,2,119,0.4166666666666667,0.6666666666666666,0.2016806722689075,0.3333333333333333,0.5833333333333334,0.0833333333333333
Bone Marrow Transplantation,2017,1476-5365,1,2013,Immunology,Hematology; Immunology; Oncology; Transplantation,BONE MARROW TRANSPL,15,27,36,36,9,21,6,140,0.4166666666666667,0.75,0.2571428571428571,0.25,0.5833333333333334,0.1666666666666666
Bone Marrow Transplantation,2018,1476-5365,1,2013,Immunology,Hematology; Immunology; Oncology; Transplantation,BONE MARROW TRANSPL,14,18,28,28,10,14,4,112,0.5,0.6428571428571429,0.25,0.3571428571428571,0.5,0.1428571428571428
Bone Marrow Transplantation,2019,1476-5365,1,2013,Immunology,Hematology; Immunology; Oncology; Transplantation,BONE MARROW TRANSPL,14,26,35,35,9,21,5,159,0.4,0.7428571428571429,0.220125786163522,0.2571428571428571,0.6,0.1428571428571428
Bone Marrow Transplantation,2020,1476-5365,1,2013,Immunology,Hematology; Immunology; Oncology; Transplantation,BONE MARROW TRANSPL,20,23,33,33,10,13,10,154,0.6060606060606061,0.696969696969697,0.2142857142857142,0.303030303030303,0.3939393939393939,0.303030303030303
Bone Marrow Transplantation,2021,1476-5365,1,2013,Immunology,Hematology; Immunology; Oncology; Transplantation,BONE MARROW TRANSPL,14,48,56,56,8,42,6,238,0.25,0.8571428571428571,0.2352941176470588,0.1428571428571428,0.75,0.1071428571428571
Bone Marrow Transplantation,2022,1476-5365,1,2013,Immunology,Hematology; Immunology; Oncology; Transplantation,BONE MARROW TRANSPL,12,28,34,34,6,22,6,151,0.3529411764705882,0.8235294117647058,0.2251655629139073,0.1764705882352941,0.6470588235294118,0.1764705882352941
Bone Marrow Transplantation,2023,1476-5365,1,2013,Immunology,Hematology; Immunology; Oncology; Transplantation,BONE MARROW TRANSPL,5,16,20,20,4,15,1,107,0.25,0.8,0.1869158878504672,0.2,0.75,0.05
Bone Marrow Transplantation,2024,1476-5365,1,2013,Immunology,Hematology; Immunology; Oncology; Transplantation,BONE MARROW TRANSPL,12,21,27,27,6,15,6,154,0.4444444444444444,0.7777777777777778,0.1753246753246753,0.2222222222222222,0.5555555555555556,0.2222222222222222
Bone Marrow Transplantation,2025,1476-5365,1,2013,Immunology,Hematology; Immunology; Oncology; Transplantation,BONE MARROW TRANSPL,7,27,32,32,5,25,2,138,0.21875,0.84375,0.2318840579710145,0.15625,0.78125,0.0625
Brain,2010,1460-2156,1,2013,Clinical Neurology,Clinical Neurology; Neurosciences,BRAIN,140,69,172,172,103,32,37,258,0.813953488372093,0.4011627906976744,0.6666666666666666,0.5988372093023255,0.1860465116279069,0.2151162790697674
Brain,2011,1460-2156,1,2013,Clinical Neurology,Clinical Neurology; Neurosciences,BRAIN,123,58,158,158,100,35,23,251,0.7784810126582279,0.3670886075949367,0.6294820717131474,0.6329113924050633,0.2215189873417721,0.1455696202531645
Brain,2012,1460-2156,1,2013,Clinical Neurology,Clinical Neurology; Neurosciences,BRAIN,126,80,172,172,92,46,34,258,0.7325581395348837,0.4651162790697674,0.6666666666666666,0.5348837209302325,0.2674418604651162,0.1976744186046511
Brain,2013,1460-2156,1,2013,Clinical Neurology,Clinical Neurology; Neurosciences,BRAIN,126,58,156,156,98,30,28,243,0.8076923076923077,0.3717948717948718,0.6419753086419753,0.6282051282051282,0.1923076923076923,0.1794871794871795
Brain,2014,1460-2156,1,2013,Clinical Neurology,Clinical Neurology; Neurosciences,BRAIN,113,64,145,145,81,32,32,221,0.7793103448275862,0.4413793103448276,0.6561085972850679,0.5586206896551724,0.2206896551724138,0.2206896551724138
Brain,2015,1460-2156,1,2013,Clinical Neurology,Clinical Neurology; Neurosciences,BRAIN,122,75,158,158,83,36,39,239,0.7721518987341772,0.4746835443037974,0.6610878661087866,0.5253164556962026,0.2278481012658227,0.2468354430379747
Brain,2016,1460-2156,1,2013,Clinical Neurology,Clinical Neurology; Neurosciences,BRAIN,96,67,129,129,62,33,34,198,0.7441860465116279,0.5193798449612403,0.6515151515151515,0.4806201550387597,0.2558139534883721,0.2635658914728682
Brain,2017,1460-2156,1,2013,Clinical Neurology,Clinical Neurology; Neurosciences,BRAIN,102,79,140,140,61,38,41,204,0.7285714285714285,0.5642857142857143,0.6862745098039216,0.4357142857142857,0.2714285714285714,0.2928571428571428
Brain,2018,1460-2156,1,2013,Clinical Neurology,Clinical Neurology; Neurosciences,BRAIN,72,113,150,150,37,78,35,200,0.48,0.7533333333333333,0.75,0.2466666666666666,0.52,0.2333333333333333
Brain,2019,1460-2156,1,2013,Clinical Neurology,Clinical Neurology; Neurosciences,BRAIN,30,155,168,168,13,138,17,243,0.1785714285714285,0.9226190476190476,0.691358024691358,0.0773809523809523,0.8214285714285714,0.1011904761904761
Brain,2020,1460-2156,1,2013,Clinical Neurology,Clinical Neurology; Neurosciences,BRAIN,29,142,151,151,9,122,20,212,0.1920529801324503,0.9403973509933776,0.7122641509433962,0.0596026490066225,0.8079470198675497,0.1324503311258278
Brain,2021,1460-2156,1,2013,Clinical Neurology,Clinical Neurology; Neurosciences,BRAIN,33,164,173,173,9,140,24,231,0.1907514450867052,0.9479768786127168,0.7489177489177489,0.0520231213872832,0.8092485549132948,0.1387283236994219
Brain,2022,1460-2156,1,2013,Clinical Neurology,Clinical Neurology; Neurosciences,BRAIN,34,202,207,207,5,173,29,292,0.1642512077294686,0.9758454106280192,0.708904109589041,0.0241545893719806,0.8357487922705314,0.1400966183574879
Brain,2023,1460-2156,1,2013,Clinical Neurology,Clinical Neurology; Neurosciences,BRAIN,63,235,246,246,11,183,52,348,0.2560975609756097,0.9552845528455284,0.7068965517241379,0.0447154471544715,0.7439024390243902,0.2113821138211382
Brain,2024,1460-2156,1,2013,Clinical Neurology,Clinical Neurology; Neurosciences,BRAIN,59,198,207,207,9,148,50,265,0.2850241545893719,0.9565217391304348,0.7811320754716982,0.0434782608695652,0.714975845410628,0.2415458937198067
Brain,2025,1460-2156,1,2013,Clinical Neurology,Clinical Neurology; Neurosciences,BRAIN,84,296,307,307,11,223,73,403,0.2736156351791531,0.9641693811074918,0.7617866004962779,0.0358306188925081,0.7263843648208469,0.2377850162866449
British Journal of Cancer,2010,1532-1827,1,2013,Oncology,Oncology,BRIT J CANCER,153,95,204,204,109,51,44,419,0.75,0.4656862745098039,0.4868735083532219,0.5343137254901961,0.25,0.2156862745098039
British Journal of Cancer,2011,1532-1827,1,2013,Oncology,Oncology,BRIT J CANCER,154,85,196,196,111,42,43,441,0.7857142857142857,0.4336734693877551,0.4444444444444444,0.5663265306122449,0.2142857142857142,0.2193877551020408
British Journal of Cancer,2012,1532-1827,1,2013,Oncology,Oncology,BRIT J CANCER,150,107,208,208,101,58,49,486,0.7211538461538461,0.5144230769230769,0.4279835390946502,0.4855769230769231,0.2788461538461538,0.235576923076923
British Journal of Cancer,2013,1532-1827,1,2013,Oncology,Oncology,BRIT J CANCER,194,177,288,288,111,94,83,639,0.6736111111111112,0.6145833333333334,0.4507042253521127,0.3854166666666667,0.3263888888888889,0.2881944444444444
British Journal of Cancer,2014,1532-1827,1,2013,Oncology,Oncology,BRIT J CANCER,195,144,259,259,115,64,80,560,0.752895752895753,0.555984555984556,0.4625,0.444015444015444,0.2471042471042471,0.3088803088803089
British Journal of Cancer,2015,1532-1827,1,2013,Oncology,Oncology,BRIT J CANCER,117,112,186,186,74,69,43,416,0.6290322580645161,0.6021505376344086,0.4471153846153846,0.3978494623655914,0.3709677419354839,0.2311827956989247
British Journal of Cancer,2016,1532-1827,1,2013,Oncology,Oncology,BRIT J CANCER,77,81,117,117,36,40,41,324,0.6581196581196581,0.6923076923076923,0.3611111111111111,0.3076923076923077,0.3418803418803419,0.3504273504273504
British Journal of Cancer,2017,1532-1827,1,2013,Oncology,Oncology,BRIT J CANCER,110,93,150,150,57,40,53,362,0.7333333333333333,0.62,0.4143646408839779,0.38,0.2666666666666666,0.3533333333333333
British Journal of Cancer,2018,1532-1827,1,2013,Oncology,Oncology,BRIT J CANCER,96,100,147,147,47,51,49,333,0.6530612244897959,0.6802721088435374,0.4414414414414414,0.3197278911564626,0.3469387755102041,0.3333333333333333
British Journal of Cancer,2019,1532-1827,1,2013,Oncology,Oncology,BRIT J CANCER,73,68,99,99,31,26,42,198,0.7373737373737373,0.6868686868686869,0.5,0.3131313131313131,0.2626262626262626,0.4242424242424242
British Journal of Cancer,2020,1532-1827,1,2013,Oncology,Oncology,BRIT J CANCER,147,143,201,201,58,54,89,316,0.7313432835820896,0.7114427860696517,0.6360759493670886,0.2885572139303483,0.2686567164179104,0.4427860696517413
British Journal of Cancer,2021,1532-1827,1,2013,Oncology,Oncology,BRIT J CANCER,96,117,147,147,30,51,66,281,0.6530612244897959,0.7959183673469388,0.5231316725978647,0.2040816326530612,0.3469387755102041,0.4489795918367347
British Journal of Cancer,2022,1532-1827,1,2013,Oncology,Oncology,BRIT J CANCER,94,140,166,166,26,72,68,323,0.5662650602409639,0.8433734939759037,0.5139318885448917,0.1566265060240964,0.4337349397590361,0.4096385542168674
British Journal of Cancer,2023,1532-1827,1,2013,Oncology,Oncology,BRIT J CANCER,98,156,180,180,24,82,74,324,0.5444444444444444,0.8666666666666667,0.5555555555555556,0.1333333333333333,0.4555555555555555,0.4111111111111111
British Journal of Cancer,2024,1532-1827,1,2013,Oncology,Oncology,BRIT J CANCER,108,163,187,187,24,79,84,317,0.5775401069518716,0.8716577540106952,0.5899053627760252,0.1283422459893048,0.4224598930481283,0.4491978609625668
British Journal of Cancer,2025,1532-1827,1,2013,Oncology,Oncology,BRIT J CANCER,96,163,174,174,11,78,85,278,0.5517241379310345,0.9367816091954024,0.6258992805755396,0.0632183908045977,0.4482758620689655,0.4885057471264368
British Journal of Pharmacology,2010,1476-5381,1,2017,Pharmacology & Pharmacy,Pharmacology & Pharmacy,BRIT J PHARMACOL,332,52,340,340,288,8,44,391,0.976470588235294,0.1529411764705882,0.8695652173913043,0.8470588235294118,0.0235294117647058,0.1294117647058823
British Journal of Pharmacology,2011,1476-5381,1,2017,Pharmacology & Pharmacy,Pharmacology & Pharmacy,BRIT J PHARMACOL,299,42,302,302,260,3,39,334,0.9900662251655628,0.1390728476821192,0.9041916167664672,0.8609271523178808,0.009933774834437,0.1291390728476821
British Journal of Pharmacology,2012,1476-5381,1,2017,Pharmacology & Pharmacy,Pharmacology & Pharmacy,BRIT J PHARMACOL,355,62,363,363,301,8,54,401,0.977961432506887,0.1707988980716253,0.9052369077306732,0.8292011019283747,0.0220385674931129,0.1487603305785124
British Journal of Pharmacology,2013,1476-5381,1,2017,Pharmacology & Pharmacy,Pharmacology & Pharmacy,BRIT J PHARMACOL,298,45,304,304,259,6,39,341,0.9802631578947368,0.1480263157894736,0.8914956011730205,0.8519736842105263,0.0197368421052631,0.1282894736842105
British Journal of Pharmacology,2014,1476-5381,1,2017,Pharmacology & Pharmacy,Pharmacology & Pharmacy,BRIT J PHARMACOL,255,44,256,256,212,1,43,291,0.99609375,0.171875,0.8797250859106529,0.828125,0.00390625,0.16796875
British Journal of Pharmacology,2015,1476-5381,1,2017,Pharmacology & Pharmacy,Pharmacology & Pharmacy,BRIT J PHARMACOL,289,58,297,297,239,8,50,321,0.9730639730639732,0.1952861952861952,0.9252336448598132,0.8047138047138047,0.0269360269360269,0.1683501683501683
British Journal of Pharmacology,2016,1476-5381,1,2017,Pharmacology & Pharmacy,Pharmacology & Pharmacy,BRIT J PHARMACOL,180,49,192,192,143,12,37,209,0.9375,0.2552083333333333,0.9186602870813396,0.7447916666666666,0.0625,0.1927083333333333
British Journal of Pharmacology,2017,1476-5381,1,2017,Pharmacology & Pharmacy,Pharmacology & Pharmacy,BRIT J PHARMACOL,186,53,195,195,142,9,44,216,0.953846153846154,0.2717948717948718,0.9027777777777778,0.7282051282051282,0.0461538461538461,0.2256410256410256
British Journal of Pharmacology,2018,1476-5381,1,2017,Pharmacology & Pharmacy,Pharmacology & Pharmacy,BRIT J PHARMACOL,181,87,206,206,119,25,62,229,0.8786407766990292,0.4223300970873786,0.8995633187772926,0.5776699029126213,0.1213592233009708,0.3009708737864077
British Journal of Pharmacology,2019,1476-5381,1,2017,Pharmacology & Pharmacy,Pharmacology & Pharmacy,BRIT J PHARMACOL,145,107,192,192,85,47,60,199,0.7552083333333334,0.5572916666666666,0.964824120603015,0.4427083333333333,0.2447916666666666,0.3125
British Journal of Pharmacology,2020,1476-5381,1,2017,Pharmacology & Pharmacy,Pharmacology & Pharmacy,BRIT J PHARMACOL,178,144,236,236,92,58,86,246,0.7542372881355932,0.6101694915254238,0.959349593495935,0.3898305084745763,0.2457627118644068,0.3644067796610169
British Journal of Pharmacology,2021,1476-5381,1,2017,Pharmacology & Pharmacy,Pharmacology & Pharmacy,BRIT J PHARMACOL,91,145,179,179,34,88,57,191,0.5083798882681564,0.8100558659217877,0.93717277486911,0.1899441340782122,0.4916201117318435,0.3184357541899441
British Journal of Pharmacology,2022,1476-5381,1,2017,Pharmacology & Pharmacy,Pharmacology & Pharmacy,BRIT J PHARMACOL,80,158,182,182,24,102,56,197,0.4395604395604395,0.8681318681318682,0.9238578680203046,0.1318681318681318,0.5604395604395604,0.3076923076923077
British Journal of Pharmacology,2023,1476-5381,1,2017,Pharmacology & Pharmacy,Pharmacology & Pharmacy,BRIT J PHARMACOL,63,119,139,139,20,76,43,146,0.4532374100719424,0.8561151079136691,0.952054794520548,0.1438848920863309,0.5467625899280576,0.3093525179856115
British Journal of Pharmacology,2024,1476-5381,1,2017,Pharmacology & Pharmacy,Pharmacology & Pharmacy,BRIT J PHARMACOL,77,168,197,197,29,120,48,214,0.3908629441624365,0.8527918781725888,0.9205607476635514,0.1472081218274111,0.6091370558375635,0.2436548223350254
British Journal of Pharmacology,2025,1476-5381,1,2017,Pharmacology & Pharmacy,Pharmacology & Pharmacy,BRIT J PHARMACOL,105,269,288,288,19,183,86,305,0.3645833333333333,0.9340277777777778,0.9442622950819672,0.0659722222222222,0.6354166666666666,0.2986111111111111
Canadian Journal of Cardiology,2010,1916-7075,0,,Cardiac & Cardiovascular Systems,Cardiac & Cardiovascular Systems,CAN J CARDIOL,14,5,19,19,14,5,0,50,0.7368421052631579,0.2631578947368421,0.38,0.7368421052631579,0.2631578947368421,0.0
Canadian Journal of Cardiology,2011,1916-7075,0,,Cardiac & Cardiovascular Systems,Cardiac & Cardiovascular Systems,CAN J CARDIOL,10,10,18,18,8,8,2,62,0.5555555555555556,0.5555555555555556,0.2903225806451613,0.4444444444444444,0.4444444444444444,0.1111111111111111
Canadian Journal of Cardiology,2012,1916-7075,0,,Cardiac & Cardiovascular Systems,Cardiac & Cardiovascular Systems,CAN J CARDIOL,10,6,15,15,9,5,1,60,0.6666666666666666,0.4,0.25,0.6,0.3333333333333333,0.0666666666666666
Canadian Journal of Cardiology,2013,1916-7075,0,,Cardiac & Cardiovascular Systems,Cardiac & Cardiovascular Systems,CAN J CARDIOL,25,16,37,37,21,12,4,112,0.6756756756756757,0.4324324324324324,0.3303571428571428,0.5675675675675675,0.3243243243243243,0.1081081081081081
Canadian Journal of Cardiology,2014,1916-7075,0,,Cardiac & Cardiovascular Systems,Cardiac & Cardiovascular Systems,CAN J CARDIOL,20,13,31,31,18,11,2,106,0.6451612903225806,0.4193548387096774,0.2924528301886792,0.5806451612903226,0.3548387096774194,0.064516129032258
Canadian Journal of Cardiology,2015,1916-7075,0,,Cardiac & Cardiovascular Systems,Cardiac & Cardiovascular Systems,CAN J CARDIOL,21,11,28,28,17,7,4,74,0.75,0.3928571428571428,0.3783783783783784,0.6071428571428571,0.25,0.1428571428571428
Canadian Journal of Cardiology,2016,1916-7075,0,,Cardiac & Cardiovascular Systems,Cardiac & Cardiovascular Systems,CAN J CARDIOL,24,17,39,39,22,15,2,121,0.6153846153846154,0.4358974358974359,0.3223140495867768,0.5641025641025641,0.3846153846153846,0.0512820512820512
Canadian Journal of Cardiology,2017,1916-7075,0,,Cardiac & Cardiovascular Systems,Cardiac & Cardiovascular Systems,CAN J CARDIOL,13,18,29,29,11,16,2,77,0.4482758620689655,0.6206896551724138,0.3766233766233766,0.3793103448275862,0.5517241379310345,0.0689655172413793
Canadian Journal of Cardiology,2018,1916-7075,0,,Cardiac & Cardiovascular Systems,Cardiac & Cardiovascular Systems,CAN J CARDIOL,11,6,16,16,10,5,1,93,0.6875,0.375,0.1720430107526881,0.625,0.3125,0.0625
Canadian Journal of Cardiology,2019,1916-7075,0,,Cardiac & Cardiovascular Systems,Cardiac & Cardiovascular Systems,CAN J CARDIOL,17,27,38,38,11,21,6,96,0.4473684210526316,0.7105263157894737,0.3958333333333333,0.2894736842105263,0.5526315789473685,0.1578947368421052
Canadian Journal of Cardiology,2020,1916-7075,0,,Cardiac & Cardiovascular Systems,Cardiac & Cardiovascular Systems,CAN J CARDIOL,12,24,29,29,5,17,7,105,0.4137931034482758,0.8275862068965517,0.2761904761904762,0.1724137931034483,0.5862068965517241,0.2413793103448276
Canadian Journal of Cardiology,2021,1916-7075,0,,Cardiac & Cardiovascular Systems,Cardiac & Cardiovascular Systems,CAN J CARDIOL,13,18,25,25,7,12,6,112,0.52,0.72,0.2232142857142857,0.28,0.48,0.24
Canadian Journal of Cardiology,2022,1916-7075,0,,Cardiac & Cardiovascular Systems,Cardiac & Cardiovascular Systems,CAN J CARDIOL,9,13,19,19,6,10,3,62,0.4736842105263157,0.6842105263157895,0.3064516129032258,0.3157894736842105,0.5263157894736842,0.1578947368421052
Canadian Journal of Cardiology,2023,1916-7075,0,,Cardiac & Cardiovascular Systems,Cardiac & Cardiovascular Systems,CAN J CARDIOL,12,17,27,27,10,15,2,64,0.4444444444444444,0.6296296296296297,0.421875,0.3703703703703703,0.5555555555555556,0.074074074074074
Canadian Journal of Cardiology,2024,1916-7075,0,,Cardiac & Cardiovascular Systems,Cardiac & Cardiovascular Systems,CAN J CARDIOL,5,17,21,21,4,16,1,81,0.238095238095238,0.8095238095238095,0.2592592592592592,0.1904761904761904,0.7619047619047619,0.0476190476190476
Canadian Journal of Cardiology,2025,1916-7075,0,,Cardiac & Cardiovascular Systems,Cardiac & Cardiovascular Systems,CAN J CARDIOL,17,31,42,42,11,25,6,111,0.4047619047619047,0.7380952380952381,0.3783783783783784,0.2619047619047619,0.5952380952380952,0.1428571428571428
Cancer,2010,1097-0142,1,2018,Oncology,Oncology,CANCER-AM CANCER SOC,68,73,129,129,56,61,12,579,0.5271317829457365,0.5658914728682171,0.2227979274611398,0.4341085271317829,0.4728682170542636,0.0930232558139534
Cancer,2011,1097-0142,1,2018,Oncology,Oncology,CANCER-AM CANCER SOC,83,52,120,120,68,37,15,532,0.6916666666666667,0.4333333333333333,0.225563909774436,0.5666666666666667,0.3083333333333333,0.125
Cancer,2012,1097-0142,1,2018,Oncology,Oncology,CANCER-AM CANCER SOC,83,58,119,119,61,36,22,621,0.6974789915966386,0.4873949579831932,0.1916264090177133,0.5126050420168067,0.3025210084033613,0.1848739495798319
Cancer,2013,1097-0142,1,2018,Oncology,Oncology,CANCER-AM CANCER SOC,43,52,81,81,29,38,14,451,0.5308641975308642,0.6419753086419753,0.17960088691796,0.3580246913580246,0.4691358024691358,0.1728395061728395
Cancer,2014,1097-0142,1,2018,Oncology,Oncology,CANCER-AM CANCER SOC,48,49,86,86,37,38,11,375,0.5581395348837209,0.5697674418604651,0.2293333333333333,0.4302325581395348,0.4418604651162791,0.127906976744186
Cancer,2015,1097-0142,1,2018,Oncology,Oncology,CANCER-AM CANCER SOC,32,32,58,58,26,26,6,399,0.5517241379310345,0.5517241379310345,0.1453634085213032,0.4482758620689655,0.4482758620689655,0.1034482758620689
Cancer,2016,1097-0142,1,2018,Oncology,Oncology,CANCER-AM CANCER SOC,22,41,58,58,17,36,5,329,0.3793103448275862,0.7068965517241379,0.1762917933130699,0.293103448275862,0.6206896551724138,0.0862068965517241
Cancer,2017,1097-0142,1,2018,Oncology,Oncology,CANCER-AM CANCER SOC,29,36,62,62,26,33,3,429,0.4677419354838709,0.5806451612903226,0.1445221445221445,0.4193548387096774,0.532258064516129,0.0483870967741935
Cancer,2018,1097-0142,1,2018,Oncology,Oncology,CANCER-AM CANCER SOC,33,26,54,54,28,21,5,380,0.6111111111111112,0.4814814814814814,0.1421052631578947,0.5185185185185185,0.3888888888888889,0.0925925925925925
Cancer,2019,1097-0142,1,2018,Oncology,Oncology,CANCER-AM CANCER SOC,40,43,78,78,35,38,5,352,0.5128205128205128,0.5512820512820513,0.2215909090909091,0.4487179487179487,0.4871794871794871,0.0641025641025641
Cancer,2020,1097-0142,1,2018,Oncology,Oncology,CANCER-AM CANCER SOC,35,53,81,81,28,46,7,428,0.4320987654320987,0.654320987654321,0.1892523364485981,0.345679012345679,0.5679012345679012,0.0864197530864197
Cancer,2021,1097-0142,1,2018,Oncology,Oncology,CANCER-AM CANCER SOC,27,44,68,68,24,41,3,389,0.3970588235294117,0.6470588235294118,0.1748071979434447,0.3529411764705882,0.6029411764705882,0.0441176470588235
Cancer,2022,1097-0142,1,2018,Oncology,Oncology,CANCER-AM CANCER SOC,22,37,53,53,16,31,6,340,0.4150943396226415,0.6981132075471698,0.1558823529411764,0.3018867924528302,0.5849056603773585,0.1132075471698113
Cancer,2023,1097-0142,1,2018,Oncology,Oncology,CANCER-AM CANCER SOC,33,44,70,70,26,37,7,286,0.4714285714285714,0.6285714285714286,0.2447552447552447,0.3714285714285714,0.5285714285714286,0.1
Cancer,2024,1097-0142,1,2018,Oncology,Oncology,CANCER-AM CANCER SOC,26,46,66,66,20,40,6,301,0.3939393939393939,0.696969696969697,0.2192691029900332,0.303030303030303,0.6060606060606061,0.0909090909090909
Cancer,2025,1097-0142,1,2018,Oncology,Oncology,CANCER-AM CANCER SOC,21,44,56,56,12,35,9,333,0.375,0.7857142857142857,0.1681681681681681,0.2142857142857142,0.625,0.1607142857142857
Cancer Cell,2010,1878-3686,0,,Oncology,Cell Biology; Oncology,CANCER CELL,76,35,82,82,47,6,29,84,0.926829268292683,0.4268292682926829,0.9761904761904762,0.573170731707317,0.073170731707317,0.3536585365853658
Cancer Cell,2011,1878-3686,0,,Oncology,Cell Biology; Oncology,CANCER CELL,101,47,104,104,57,3,44,106,0.971153846153846,0.4519230769230769,0.981132075471698,0.5480769230769231,0.0288461538461538,0.4230769230769231
Cancer Cell,2012,1878-3686,0,,Oncology,Cell Biology; Oncology,CANCER CELL,97,62,102,102,40,5,57,104,0.9509803921568628,0.6078431372549019,0.9807692307692308,0.392156862745098,0.0490196078431372,0.5588235294117647
Cancer Cell,2013,1878-3686,0,,Oncology,Cell Biology; Oncology,CANCER CELL,96,75,101,101,26,5,70,104,0.9504950495049505,0.7425742574257426,0.971153846153846,0.2574257425742574,0.0495049504950495,0.693069306930693
Cancer Cell,2014,1878-3686,0,,Oncology,Cell Biology; Oncology,CANCER CELL,96,73,103,103,30,7,66,108,0.9320388349514565,0.7087378640776699,0.9537037037037036,0.2912621359223301,0.0679611650485436,0.6407766990291263
Cancer Cell,2015,1878-3686,0,,Oncology,Cell Biology; Oncology,CANCER CELL,93,82,103,103,21,10,72,104,0.9029126213592232,0.7961165048543689,0.9903846153846154,0.203883495145631,0.0970873786407767,0.6990291262135923
Cancer Cell,2016,1878-3686,0,,Oncology,Cell Biology; Oncology,CANCER CELL,92,87,106,106,19,14,73,107,0.8679245283018868,0.8207547169811321,0.9906542056074766,0.1792452830188679,0.1320754716981132,0.6886792452830188
Cancer Cell,2017,1878-3686,0,,Oncology,Cell Biology; Oncology,CANCER CELL,79,83,93,93,10,14,69,94,0.8494623655913979,0.8924731182795699,0.9893617021276596,0.1075268817204301,0.1505376344086021,0.7419354838709677
Cancer Cell,2018,1878-3686,0,,Oncology,Cell Biology; Oncology,CANCER CELL,101,105,120,120,15,19,86,121,0.8416666666666667,0.875,0.9917355371900828,0.125,0.1583333333333333,0.7166666666666667
Cancer Cell,2019,1878-3686,0,,Oncology,Cell Biology; Oncology,CANCER CELL,69,79,84,84,5,15,64,87,0.8214285714285714,0.9404761904761904,0.9655172413793104,0.0595238095238095,0.1785714285714285,0.7619047619047619
Cancer Cell,2020,1878-3686,0,,Oncology,Cell Biology; Oncology,CANCER CELL,50,71,73,73,2,23,48,76,0.684931506849315,0.9726027397260274,0.9605263157894736,0.0273972602739726,0.3150684931506849,0.6575342465753424
Cancer Cell,2021,1878-3686,0,,Oncology,Cell Biology; Oncology,CANCER CELL,35,64,67,67,3,32,32,74,0.5223880597014925,0.9552238805970148,0.9054054054054054,0.044776119402985,0.4776119402985074,0.4776119402985074
Cancer Cell,2022,1878-3686,0,,Oncology,Cell Biology; Oncology,CANCER CELL,29,71,73,73,2,44,27,84,0.3972602739726027,0.9726027397260274,0.8690476190476191,0.0273972602739726,0.6027397260273972,0.3698630136986301
Cancer Cell,2023,1878-3686,0,,Oncology,Cell Biology; Oncology,CANCER CELL,57,98,100,100,2,43,55,108,0.57,0.98,0.925925925925926,0.02,0.43,0.55
Cancer Cell,2024,1878-3686,0,,Oncology,Cell Biology; Oncology,CANCER CELL,39,93,94,94,1,55,38,105,0.4148936170212766,0.9893617021276596,0.8952380952380953,0.0106382978723404,0.5851063829787234,0.4042553191489361
Cancer Cell,2025,1878-3686,0,,Oncology,Cell Biology; Oncology,CANCER CELL,46,97,99,99,2,53,44,106,0.4646464646464646,0.9797979797979798,0.9339622641509434,0.0202020202020202,0.5353535353535354,0.4444444444444444
Cancer Communications,2018,2523-3548,0,,Oncology,Oncology,CANCER COMMUN,18,17,23,23,6,5,12,52,0.782608695652174,0.7391304347826086,0.4423076923076923,0.2608695652173913,0.217391304347826,0.5217391304347826
Cancer Communications,2019,2523-3548,0,,Oncology,Oncology,CANCER COMMUN,4,10,11,11,1,7,3,37,0.3636363636363636,0.9090909090909092,0.2972972972972973,0.0909090909090909,0.6363636363636364,0.2727272727272727
Cancer Communications,2020,2523-3548,0,,Oncology,Oncology,CANCER COMMUN,10,8,10,10,2,0,8,30,1.0,0.8,0.3333333333333333,0.2,0.0,0.8
Cancer Communications,2021,2523-3548,0,,Oncology,Oncology,CANCER COMMUN,29,27,33,33,6,4,23,44,0.8787878787878788,0.8181818181818182,0.75,0.1818181818181818,0.1212121212121212,0.696969696969697
Cancer Communications,2022,2523-3548,0,,Oncology,Oncology,CANCER COMMUN,20,28,29,29,1,9,19,34,0.6896551724137931,0.9655172413793104,0.8529411764705882,0.0344827586206896,0.3103448275862069,0.6551724137931034
Cancer Communications,2023,2523-3548,0,,Oncology,Oncology,CANCER COMMUN,26,30,34,34,4,8,22,40,0.7647058823529411,0.8823529411764706,0.85,0.1176470588235294,0.2352941176470588,0.6470588235294118
Cancer Communications,2024,2523-3548,0,,Oncology,Oncology,CANCER COMMUN,18,22,23,23,1,5,17,29,0.782608695652174,0.9565217391304348,0.7931034482758621,0.0434782608695652,0.217391304347826,0.7391304347826086
Cancer Communications,2025,2523-3548,0,,Oncology,Oncology,CANCER COMMUN,15,27,29,29,2,14,13,39,0.5172413793103449,0.9310344827586208,0.7435897435897436,0.0689655172413793,0.4827586206896552,0.4482758620689655
Cancer Discovery,2011,2159-8290,1,2016,Oncology,Oncology,CANCER DISCOV,23,11,26,26,15,3,8,32,0.8846153846153846,0.4230769230769231,0.8125,0.5769230769230769,0.1153846153846153,0.3076923076923077
Cancer Discovery,2012,2159-8290,1,2016,Oncology,Oncology,CANCER DISCOV,47,31,51,51,20,4,27,58,0.9215686274509804,0.6078431372549019,0.8793103448275862,0.392156862745098,0.0784313725490196,0.5294117647058824
Cancer Discovery,2013,2159-8290,1,2016,Oncology,Oncology,CANCER DISCOV,59,38,63,63,25,4,34,75,0.9365079365079364,0.6031746031746031,0.84,0.3968253968253968,0.0634920634920634,0.5396825396825397
Cancer Discovery,2014,2159-8290,1,2016,Oncology,Oncology,CANCER DISCOV,64,45,68,68,23,4,41,77,0.9411764705882352,0.6617647058823529,0.8831168831168831,0.3382352941176471,0.0588235294117647,0.6029411764705882
Cancer Discovery,2015,2159-8290,1,2016,Oncology,Oncology,CANCER DISCOV,52,32,58,58,26,6,26,70,0.896551724137931,0.5517241379310345,0.8285714285714286,0.4482758620689655,0.1034482758620689,0.4482758620689655
Cancer Discovery,2016,2159-8290,1,2016,Oncology,Oncology,CANCER DISCOV,54,46,64,64,18,10,36,66,0.84375,0.71875,0.9696969696969696,0.28125,0.15625,0.5625
Cancer Discovery,2017,2159-8290,1,2016,Oncology,Oncology,CANCER DISCOV,59,48,66,66,18,7,41,71,0.8939393939393939,0.7272727272727273,0.9295774647887324,0.2727272727272727,0.106060606060606,0.6212121212121212
Cancer Discovery,2018,2159-8290,1,2016,Oncology,Oncology,CANCER DISCOV,47,63,71,71,8,24,39,78,0.6619718309859155,0.8873239436619719,0.9102564102564102,0.1126760563380281,0.3380281690140845,0.5492957746478874
Cancer Discovery,2019,2159-8290,1,2016,Oncology,Oncology,CANCER DISCOV,58,64,74,74,10,16,48,78,0.7837837837837838,0.8648648648648649,0.9487179487179488,0.1351351351351351,0.2162162162162162,0.6486486486486487
Cancer Discovery,2020,2159-8290,1,2016,Oncology,Oncology,CANCER DISCOV,60,81,86,86,5,26,55,90,0.6976744186046512,0.9418604651162792,0.9555555555555556,0.0581395348837209,0.3023255813953488,0.6395348837209303
Cancer Discovery,2021,2159-8290,1,2016,Oncology,Oncology,CANCER DISCOV,78,110,117,117,7,39,71,138,0.6666666666666666,0.9401709401709402,0.8478260869565217,0.0598290598290598,0.3333333333333333,0.6068376068376068
Cancer Discovery,2022,2159-8290,1,2016,Oncology,Oncology,CANCER DISCOV,63,105,111,111,6,48,57,131,0.5675675675675675,0.945945945945946,0.8473282442748091,0.054054054054054,0.4324324324324324,0.5135135135135135
Cancer Discovery,2023,2159-8290,1,2016,Oncology,Oncology,CANCER DISCOV,34,87,90,90,3,56,31,104,0.3777777777777777,0.9666666666666668,0.8653846153846154,0.0333333333333333,0.6222222222222222,0.3444444444444444
Cancer Discovery,2024,2159-8290,1,2016,Oncology,Oncology,CANCER DISCOV,39,89,91,91,2,52,37,130,0.4285714285714285,0.978021978021978,0.7,0.0219780219780219,0.5714285714285714,0.4065934065934066
Cancer Discovery,2025,2159-8290,1,2016,Oncology,Oncology,CANCER DISCOV,47,115,120,120,5,73,42,136,0.3916666666666666,0.9583333333333334,0.8823529411764706,0.0416666666666666,0.6083333333333333,0.35
Cancer Gene Therapy,2010,1476-5500,1,2013,Genetics & Heredity,"Biotechnology & Applied Microbiology; Genetics & Heredity; Medicine, Research & Experimental; Oncology",CANCER GENE THER,82,20,83,83,63,1,19,88,0.9879518072289156,0.2409638554216867,0.9431818181818182,0.7590361445783133,0.0120481927710843,0.2289156626506024
Cancer Gene Therapy,2011,1476-5500,1,2013,Genetics & Heredity,"Biotechnology & Applied Microbiology; Genetics & Heredity; Medicine, Research & Experimental; Oncology",CANCER GENE THER,72,14,75,75,61,3,11,88,0.96,0.1866666666666666,0.8522727272727273,0.8133333333333334,0.04,0.1466666666666666
Cancer Gene Therapy,2012,1476-5500,1,2013,Genetics & Heredity,"Biotechnology & Applied Microbiology; Genetics & Heredity; Medicine, Research & Experimental; Oncology",CANCER GENE THER,85,21,86,86,65,1,20,95,0.9883720930232558,0.2441860465116279,0.9052631578947368,0.7558139534883721,0.0116279069767441,0.2325581395348837
Cancer Gene Therapy,2013,1476-5500,1,2013,Genetics & Heredity,"Biotechnology & Applied Microbiology; Genetics & Heredity; Medicine, Research & Experimental; Oncology",CANCER GENE THER,68,16,71,71,55,3,13,77,0.9577464788732394,0.2253521126760563,0.922077922077922,0.7746478873239436,0.0422535211267605,0.1830985915492957
Cancer Gene Therapy,2014,1476-5500,1,2013,Genetics & Heredity,"Biotechnology & Applied Microbiology; Genetics & Heredity; Medicine, Research & Experimental; Oncology",CANCER GENE THER,50,16,52,52,36,2,14,59,0.9615384615384616,0.3076923076923077,0.8813559322033898,0.6923076923076923,0.0384615384615384,0.2692307692307692
Cancer Gene Therapy,2015,1476-5500,1,2013,Genetics & Heredity,"Biotechnology & Applied Microbiology; Genetics & Heredity; Medicine, Research & Experimental; Oncology",CANCER GENE THER,49,19,50,50,31,1,18,54,0.98,0.38,0.925925925925926,0.62,0.02,0.36
Cancer Gene Therapy,2016,1476-5500,1,2013,Genetics & Heredity,"Biotechnology & Applied Microbiology; Genetics & Heredity; Medicine, Research & Experimental; Oncology",CANCER GENE THER,44,16,45,45,29,1,15,51,0.9777777777777776,0.3555555555555555,0.8823529411764706,0.6444444444444445,0.0222222222222222,0.3333333333333333
Cancer Gene Therapy,2017,1476-5500,1,2013,Genetics & Heredity,"Biotechnology & Applied Microbiology; Genetics & Heredity; Medicine, Research & Experimental; Oncology",CANCER GENE THER,33,8,35,35,27,2,6,41,0.9428571428571428,0.2285714285714285,0.8536585365853658,0.7714285714285715,0.0571428571428571,0.1714285714285714
Cancer Gene Therapy,2018,1476-5500,1,2013,Genetics & Heredity,"Biotechnology & Applied Microbiology; Genetics & Heredity; Medicine, Research & Experimental; Oncology",CANCER GENE THER,24,11,25,25,14,1,10,29,0.96,0.44,0.8620689655172413,0.56,0.04,0.4
Cancer Gene Therapy,2019,1476-5500,1,2013,Genetics & Heredity,"Biotechnology & Applied Microbiology; Genetics & Heredity; Medicine, Research & Experimental; Oncology",CANCER GENE THER,26,15,28,28,13,2,13,38,0.9285714285714286,0.5357142857142857,0.7368421052631579,0.4642857142857143,0.0714285714285714,0.4642857142857143
Cancer Gene Therapy,2020,1476-5500,1,2013,Genetics & Heredity,"Biotechnology & Applied Microbiology; Genetics & Heredity; Medicine, Research & Experimental; Oncology",CANCER GENE THER,44,36,51,51,15,7,29,66,0.8627450980392157,0.7058823529411765,0.7727272727272727,0.2941176470588235,0.1372549019607843,0.5686274509803921
Cancer Gene Therapy,2021,1476-5500,1,2013,Genetics & Heredity,"Biotechnology & Applied Microbiology; Genetics & Heredity; Medicine, Research & Experimental; Oncology",CANCER GENE THER,61,59,68,68,9,7,52,72,0.8970588235294118,0.8676470588235294,0.9444444444444444,0.1323529411764706,0.1029411764705882,0.7647058823529411
Cancer Gene Therapy,2022,1476-5500,1,2013,Genetics & Heredity,"Biotechnology & Applied Microbiology; Genetics & Heredity; Medicine, Research & Experimental; Oncology",CANCER GENE THER,115,105,131,131,26,16,89,136,0.8778625954198473,0.8015267175572519,0.9632352941176472,0.1984732824427481,0.1221374045801526,0.6793893129770993
Cancer Gene Therapy,2023,1476-5500,1,2013,Genetics & Heredity,"Biotechnology & Applied Microbiology; Genetics & Heredity; Medicine, Research & Experimental; Oncology",CANCER GENE THER,95,97,115,115,18,20,77,117,0.8260869565217391,0.8434782608695652,0.9829059829059827,0.1565217391304348,0.1739130434782608,0.6695652173913044
Cancer Gene Therapy,2024,1476-5500,1,2013,Genetics & Heredity,"Biotechnology & Applied Microbiology; Genetics & Heredity; Medicine, Research & Experimental; Oncology",CANCER GENE THER,90,109,118,118,9,28,81,121,0.7627118644067796,0.923728813559322,0.975206611570248,0.0762711864406779,0.2372881355932203,0.6864406779661016
Cancer Gene Therapy,2025,1476-5500,1,2013,Genetics & Heredity,"Biotechnology & Applied Microbiology; Genetics & Heredity; Medicine, Research & Experimental; Oncology",CANCER GENE THER,74,84,93,93,9,19,65,97,0.7956989247311828,0.9032258064516128,0.9587628865979382,0.0967741935483871,0.2043010752688172,0.6989247311827957
Cancer Immunology Immunotherapy,2010,1432-0851,0,,Oncology,Immunology; Oncology,CANCER IMMUNOL IMMUN,106,57,124,124,67,18,39,152,0.8548387096774194,0.4596774193548387,0.8157894736842105,0.5403225806451613,0.1451612903225806,0.314516129032258
Cancer Immunology Immunotherapy,2011,1432-0851,0,,Oncology,Immunology; Oncology,CANCER IMMUNOL IMMUN,102,53,115,115,62,13,40,133,0.8869565217391304,0.4608695652173913,0.8646616541353384,0.5391304347826087,0.1130434782608695,0.3478260869565217
Cancer Immunology Immunotherapy,2012,1432-0851,0,,Oncology,Immunology; Oncology,CANCER IMMUNOL IMMUN,125,75,136,136,61,11,64,169,0.9191176470588236,0.5514705882352942,0.8047337278106509,0.4485294117647059,0.0808823529411764,0.4705882352941176
Cancer Immunology Immunotherapy,2013,1432-0851,0,,Oncology,Immunology; Oncology,CANCER IMMUNOL IMMUN,105,85,130,130,45,25,60,147,0.8076923076923077,0.6538461538461539,0.8843537414965986,0.3461538461538461,0.1923076923076923,0.4615384615384615
Cancer Immunology Immunotherapy,2014,1432-0851,0,,Oncology,Immunology; Oncology,CANCER IMMUNOL IMMUN,55,48,73,73,25,18,30,82,0.7534246575342466,0.6575342465753424,0.8902439024390244,0.3424657534246575,0.2465753424657534,0.410958904109589
Cancer Immunology Immunotherapy,2015,1432-0851,0,,Oncology,Immunology; Oncology,CANCER IMMUNOL IMMUN,77,63,99,99,36,22,41,121,0.7777777777777778,0.6363636363636364,0.8181818181818182,0.3636363636363636,0.2222222222222222,0.4141414141414141
Cancer Immunology Immunotherapy,2016,1432-0851,0,,Oncology,Immunology; Oncology,CANCER IMMUNOL IMMUN,60,57,81,81,24,21,36,99,0.7407407407407407,0.7037037037037037,0.8181818181818182,0.2962962962962963,0.2592592592592592,0.4444444444444444
Cancer Immunology Immunotherapy,2017,1432-0851,0,,Oncology,Immunology; Oncology,CANCER IMMUNOL IMMUN,59,60,76,76,16,17,43,101,0.7763157894736842,0.7894736842105263,0.7524752475247525,0.2105263157894736,0.2236842105263158,0.5657894736842105
Cancer Immunology Immunotherapy,2018,1432-0851,0,,Oncology,Immunology; Oncology,CANCER IMMUNOL IMMUN,71,73,102,102,29,31,42,131,0.696078431372549,0.7156862745098039,0.7786259541984732,0.284313725490196,0.3039215686274509,0.4117647058823529
Cancer Immunology Immunotherapy,2019,1432-0851,0,,Oncology,Immunology; Oncology,CANCER IMMUNOL IMMUN,71,85,111,111,26,40,45,141,0.6396396396396397,0.7657657657657657,0.7872340425531915,0.2342342342342342,0.3603603603603603,0.4054054054054054
Cancer Immunology Immunotherapy,2020,1432-0851,0,,Oncology,Immunology; Oncology,CANCER IMMUNOL IMMUN,90,106,142,142,36,52,54,182,0.6338028169014085,0.7464788732394366,0.7802197802197802,0.2535211267605634,0.3661971830985915,0.380281690140845
Cancer Immunology Immunotherapy,2021,1432-0851,0,,Oncology,Immunology; Oncology,CANCER IMMUNOL IMMUN,113,152,196,196,44,83,69,257,0.576530612244898,0.7755102040816326,0.7626459143968871,0.2244897959183673,0.423469387755102,0.3520408163265306
Cancer Immunology Immunotherapy,2022,1432-0851,0,,Oncology,Immunology; Oncology,CANCER IMMUNOL IMMUN,87,139,165,165,26,78,61,212,0.5272727272727272,0.8424242424242424,0.7783018867924528,0.1575757575757575,0.4727272727272727,0.3696969696969697
Cancer Immunology Immunotherapy,2023,1432-0851,0,,Oncology,Immunology; Oncology,CANCER IMMUNOL IMMUN,136,210,242,242,32,106,104,298,0.5619834710743802,0.8677685950413223,0.8120805369127517,0.1322314049586777,0.4380165289256198,0.4297520661157025
Cancer Immunology Immunotherapy,2024,1432-0851,0,,Oncology,Immunology; Oncology,CANCER IMMUNOL IMMUN,118,178,204,204,26,86,92,265,0.5784313725490197,0.8725490196078431,0.769811320754717,0.1274509803921568,0.4215686274509804,0.4509803921568627
Cancer Immunology Immunotherapy,2025,1432-0851,0,,Oncology,Immunology; Oncology,CANCER IMMUNOL IMMUN,115,229,245,245,16,130,99,323,0.4693877551020408,0.9346938775510204,0.7585139318885449,0.0653061224489796,0.5306122448979592,0.4040816326530612
Cancer Immunology Research,2013,2326-6074,1,2016,Immunology,Immunology; Oncology,CANCER IMMUNOL RES,18,17,25,25,8,7,10,32,0.72,0.68,0.78125,0.32,0.28,0.4
Cancer Immunology Research,2014,2326-6074,1,2016,Immunology,Immunology; Oncology,CANCER IMMUNOL RES,61,62,80,80,18,19,43,96,0.7625,0.775,0.8333333333333334,0.225,0.2375,0.5375
Cancer Immunology Research,2015,2326-6074,1,2016,Immunology,Immunology; Oncology,CANCER IMMUNOL RES,86,79,101,101,22,15,64,115,0.8514851485148515,0.7821782178217822,0.8782608695652174,0.2178217821782178,0.1485148514851485,0.6336633663366337
Cancer Immunology Research,2016,2326-6074,1,2016,Immunology,Immunology; Oncology,CANCER IMMUNOL RES,56,63,80,80,17,24,39,91,0.7,0.7875,0.8791208791208791,0.2125,0.3,0.4875
Cancer Immunology Research,2017,2326-6074,1,2016,Immunology,Immunology; Oncology,CANCER IMMUNOL RES,76,74,91,91,17,15,59,100,0.8351648351648352,0.8131868131868132,0.91,0.1868131868131868,0.1648351648351648,0.6483516483516484
Cancer Immunology Research,2018,2326-6074,1,2016,Immunology,Immunology; Oncology,CANCER IMMUNOL RES,94,102,119,119,17,25,77,130,0.7899159663865546,0.8571428571428571,0.9153846153846154,0.1428571428571428,0.2100840336134453,0.6470588235294118
Cancer Immunology Research,2019,2326-6074,1,2016,Immunology,Immunology; Oncology,CANCER IMMUNOL RES,112,123,149,149,26,37,86,159,0.7516778523489933,0.825503355704698,0.9371069182389936,0.174496644295302,0.2483221476510067,0.5771812080536913
Cancer Immunology Research,2020,2326-6074,1,2016,Immunology,Immunology; Oncology,CANCER IMMUNOL RES,79,107,118,118,11,39,68,124,0.6694915254237288,0.9067796610169492,0.9516129032258064,0.0932203389830508,0.3305084745762712,0.576271186440678
Cancer Immunology Research,2021,2326-6074,1,2016,Immunology,Immunology; Oncology,CANCER IMMUNOL RES,62,93,99,99,6,37,56,102,0.6262626262626263,0.9393939393939394,0.9705882352941176,0.0606060606060606,0.3737373737373737,0.5656565656565656
Cancer Immunology Research,2022,2326-6074,1,2016,Immunology,Immunology; Oncology,CANCER IMMUNOL RES,54,83,87,87,4,33,50,94,0.6206896551724138,0.9540229885057472,0.925531914893617,0.0459770114942528,0.3793103448275862,0.5747126436781609
Cancer Immunology Research,2023,2326-6074,1,2016,Immunology,Immunology; Oncology,CANCER IMMUNOL RES,49,94,96,96,2,47,47,103,0.5104166666666666,0.9791666666666666,0.9320388349514565,0.0208333333333333,0.4895833333333333,0.4895833333333333
Cancer Immunology Research,2024,2326-6074,1,2016,Immunology,Immunology; Oncology,CANCER IMMUNOL RES,51,100,102,102,2,51,49,107,0.5,0.9803921568627452,0.9532710280373832,0.0196078431372549,0.5,0.4803921568627451
Cancer Immunology Research,2025,2326-6074,1,2016,Immunology,Immunology; Oncology,CANCER IMMUNOL RES,48,135,136,136,1,88,47,139,0.3529411764705882,0.9926470588235294,0.9784172661870504,0.0073529411764705,0.6470588235294118,0.3455882352941176
Cancer Research,2010,1538-7445,1,2016,Oncology,Oncology,CANCER RES,839,303,879,879,576,40,263,994,0.9544937428896472,0.3447098976109215,0.8843058350100603,0.6552901023890785,0.0455062571103526,0.2992036405005688
Cancer Research,2011,1538-7445,1,2016,Oncology,Oncology,CANCER RES,608,259,649,649,390,41,218,700,0.9368258859784284,0.399075500770416,0.9271428571428572,0.600924499229584,0.0631741140215716,0.3359013867488444
Cancer Research,2012,1538-7445,1,2016,Oncology,Oncology,CANCER RES,477,232,510,510,278,33,199,573,0.9352941176470588,0.4549019607843137,0.8900523560209425,0.5450980392156862,0.0647058823529411,0.3901960784313725
Cancer Research,2013,1538-7445,1,2016,Oncology,Oncology,CANCER RES,537,295,562,562,267,25,270,615,0.9555160142348754,0.5249110320284698,0.913821138211382,0.4750889679715303,0.0444839857651245,0.4804270462633452
Cancer Research,2014,1538-7445,1,2016,Oncology,Oncology,CANCER RES,536,321,579,579,258,43,278,634,0.92573402417962,0.5544041450777202,0.9132492113564668,0.4455958549222797,0.0742659758203799,0.4801381692573402
Cancer Research,2015,1538-7445,1,2016,Oncology,Oncology,CANCER RES,394,270,422,422,152,28,242,448,0.933649289099526,0.6398104265402843,0.9419642857142856,0.3601895734597156,0.0663507109004739,0.5734597156398105
Cancer Research,2016,1538-7445,1,2016,Oncology,Oncology,CANCER RES,508,369,560,560,191,52,317,604,0.9071428571428573,0.6589285714285714,0.9271523178807948,0.3410714285714286,0.0928571428571428,0.5660714285714286
Cancer Research,2017,1538-7445,1,2016,Oncology,Oncology,CANCER RES,457,351,510,510,159,53,298,584,0.8960784313725491,0.6882352941176471,0.8732876712328768,0.3117647058823529,0.1039215686274509,0.5843137254901961
Cancer Research,2018,1538-7445,1,2016,Oncology,Oncology,CANCER RES,417,370,478,478,108,61,309,511,0.8723849372384938,0.7740585774058577,0.9354207436399216,0.2259414225941422,0.1276150627615062,0.6464435146443515
Cancer Research,2019,1538-7445,1,2016,Oncology,Oncology,CANCER RES,342,315,401,401,86,59,256,442,0.8528678304239401,0.7855361596009975,0.9072398190045248,0.2144638403990025,0.1471321695760598,0.6384039900249376
Cancer Research,2020,1538-7445,1,2016,Oncology,Oncology,CANCER RES,276,295,344,344,49,68,227,379,0.8023255813953488,0.8575581395348837,0.907651715039578,0.1424418604651162,0.1976744186046511,0.6598837209302325
Cancer Research,2021,1538-7445,1,2016,Oncology,Oncology,CANCER RES,302,341,389,389,48,87,254,411,0.7763496143958869,0.8766066838046273,0.94647201946472,0.1233933161953727,0.2236503856041131,0.6529562982005142
Cancer Research,2022,1538-7445,1,2016,Oncology,Oncology,CANCER RES,193,249,278,278,29,85,164,298,0.6942446043165468,0.89568345323741,0.9328859060402684,0.1043165467625899,0.3057553956834532,0.5899280575539568
Cancer Research,2023,1538-7445,1,2016,Oncology,Oncology,CANCER RES,151,223,238,238,15,87,136,252,0.634453781512605,0.9369747899159664,0.9444444444444444,0.0630252100840336,0.3655462184873949,0.5714285714285714
Cancer Research,2024,1538-7445,1,2016,Oncology,Oncology,CANCER RES,134,225,231,231,6,97,128,239,0.5800865800865801,0.974025974025974,0.9665271966527196,0.0259740259740259,0.4199134199134199,0.5541125541125541
Cancer Research,2025,1538-7445,1,2016,Oncology,Oncology,CANCER RES,135,308,314,314,6,179,129,342,0.4299363057324841,0.9808917197452228,0.9181286549707602,0.019108280254777,0.5700636942675159,0.410828025477707
Cancer Science,2010,1349-7006,0,,Oncology,Oncology,CANCER SCI,234,73,261,261,188,27,46,337,0.896551724137931,0.2796934865900383,0.7744807121661721,0.7203065134099617,0.1034482758620689,0.1762452107279693
Cancer Science,2011,1349-7006,0,,Oncology,Oncology,CANCER SCI,189,65,206,206,141,17,48,278,0.9174757281553398,0.3155339805825243,0.7410071942446043,0.6844660194174758,0.0825242718446602,0.233009708737864
Cancer Science,2012,1349-7006,0,,Oncology,Oncology,CANCER SCI,171,62,193,193,131,22,40,266,0.8860103626943006,0.3212435233160621,0.7255639097744361,0.6787564766839378,0.1139896373056994,0.2072538860103626
Cancer Science,2013,1349-7006,0,,Oncology,Oncology,CANCER SCI,139,59,151,151,92,12,47,204,0.9205298013245032,0.390728476821192,0.7401960784313726,0.609271523178808,0.0794701986754966,0.3112582781456953
Cancer Science,2014,1349-7006,0,,Oncology,Oncology,CANCER SCI,120,43,133,133,90,13,30,189,0.9022556390977444,0.3233082706766917,0.7037037037037037,0.6766917293233082,0.0977443609022556,0.225563909774436
Cancer Science,2015,1349-7006,0,,Oncology,Oncology,CANCER SCI,126,61,146,146,85,20,41,189,0.863013698630137,0.4178082191780822,0.7724867724867724,0.5821917808219178,0.136986301369863,0.2808219178082192
Cancer Science,2016,1349-7006,0,,Oncology,Oncology,CANCER SCI,131,65,150,150,85,19,46,198,0.8733333333333333,0.4333333333333333,0.7575757575757576,0.5666666666666667,0.1266666666666666,0.3066666666666666
Cancer Science,2017,1349-7006,0,,Oncology,Oncology,CANCER SCI,177,84,193,193,109,16,68,251,0.917098445595855,0.4352331606217616,0.7689243027888446,0.5647668393782384,0.082901554404145,0.3523316062176165
Cancer Science,2018,1349-7006,0,,Oncology,Oncology,CANCER SCI,220,144,249,249,105,29,115,335,0.8835341365461847,0.5783132530120482,0.7432835820895523,0.4216867469879518,0.1164658634538152,0.4618473895582329
Cancer Science,2019,1349-7006,0,,Oncology,Oncology,CANCER SCI,219,167,260,260,93,41,126,314,0.8423076923076923,0.6423076923076924,0.8280254777070064,0.3576923076923077,0.1576923076923077,0.4846153846153846
Cancer Science,2020,1349-7006,0,,Oncology,Oncology,CANCER SCI,226,181,265,265,84,39,142,356,0.8528301886792453,0.6830188679245283,0.7443820224719101,0.3169811320754717,0.1471698113207547,0.5358490566037736
Cancer Science,2021,1349-7006,0,,Oncology,Oncology,CANCER SCI,249,223,308,308,85,59,164,372,0.8084415584415584,0.724025974025974,0.8279569892473119,0.275974025974026,0.1915584415584415,0.5324675324675324
Cancer Science,2022,1349-7006,0,,Oncology,Oncology,CANCER SCI,193,193,253,253,60,60,133,323,0.7628458498023716,0.7628458498023716,0.7832817337461301,0.2371541501976284,0.2371541501976284,0.525691699604743
Cancer Science,2023,1349-7006,0,,Oncology,Oncology,CANCER SCI,230,233,284,284,51,54,179,344,0.8098591549295775,0.8204225352112676,0.8255813953488372,0.1795774647887324,0.1901408450704225,0.6302816901408451
Cancer Science,2024,1349-7006,0,,Oncology,Oncology,CANCER SCI,148,198,226,226,28,78,120,276,0.6548672566371682,0.8761061946902655,0.8188405797101449,0.1238938053097345,0.3451327433628318,0.5309734513274337
Cancer Science,2025,1349-7006,0,,Oncology,Oncology,CANCER SCI,142,202,228,228,26,86,116,280,0.6228070175438597,0.8859649122807017,0.8142857142857143,0.1140350877192982,0.3771929824561403,0.5087719298245614
Cardiovascular Diabetology,2010,1475-2840,0,,Endocrinology & Metabolism,Cardiac & Cardiovascular Systems; Endocrinology & Metabolism,CARDIOVASC DIABETOL,38,12,48,48,36,10,2,87,0.7916666666666666,0.25,0.5517241379310345,0.75,0.2083333333333333,0.0416666666666666
Cardiovascular Diabetology,2011,1475-2840,0,,Endocrinology & Metabolism,Cardiac & Cardiovascular Systems; Endocrinology & Metabolism,CARDIOVASC DIABETOL,51,14,61,61,47,10,4,104,0.8360655737704918,0.2295081967213114,0.5865384615384616,0.7704918032786885,0.1639344262295081,0.0655737704918032
Cardiovascular Diabetology,2012,1475-2840,0,,Endocrinology & Metabolism,Cardiac & Cardiovascular Systems; Endocrinology & Metabolism,CARDIOVASC DIABETOL,62,14,71,71,57,9,5,141,0.8732394366197183,0.1971830985915492,0.5035460992907801,0.8028169014084507,0.1267605633802817,0.0704225352112676
Cardiovascular Diabetology,2013,1475-2840,0,,Endocrinology & Metabolism,Cardiac & Cardiovascular Systems; Endocrinology & Metabolism,CARDIOVASC DIABETOL,80,19,92,92,73,12,7,163,0.8695652173913043,0.2065217391304347,0.5644171779141104,0.7934782608695652,0.1304347826086956,0.0760869565217391
Cardiovascular Diabetology,2014,1475-2840,0,,Endocrinology & Metabolism,Cardiac & Cardiovascular Systems; Endocrinology & Metabolism,CARDIOVASC DIABETOL,83,26,98,98,72,15,11,148,0.8469387755102041,0.2653061224489796,0.6621621621621622,0.7346938775510204,0.1530612244897959,0.1122448979591836
Cardiovascular Diabetology,2015,1475-2840,0,,Endocrinology & Metabolism,Cardiac & Cardiovascular Systems; Endocrinology & Metabolism,CARDIOVASC DIABETOL,56,25,74,74,49,18,7,141,0.7567567567567568,0.3378378378378378,0.524822695035461,0.6621621621621622,0.2432432432432432,0.0945945945945946
Cardiovascular Diabetology,2016,1475-2840,0,,Endocrinology & Metabolism,Cardiac & Cardiovascular Systems; Endocrinology & Metabolism,CARDIOVASC DIABETOL,62,27,80,80,53,18,9,144,0.775,0.3375,0.5555555555555556,0.6625,0.225,0.1125
Cardiovascular Diabetology,2017,1475-2840,0,,Endocrinology & Metabolism,Cardiac & Cardiovascular Systems; Endocrinology & Metabolism,CARDIOVASC DIABETOL,46,24,64,64,40,18,6,120,0.71875,0.375,0.5333333333333333,0.625,0.28125,0.09375
Cardiovascular Diabetology,2018,1475-2840,0,,Endocrinology & Metabolism,Cardiac & Cardiovascular Systems; Endocrinology & Metabolism,CARDIOVASC DIABETOL,40,29,59,59,30,19,10,128,0.6779661016949152,0.4915254237288136,0.4609375,0.5084745762711864,0.3220338983050847,0.1694915254237288
Cardiovascular Diabetology,2019,1475-2840,0,,Endocrinology & Metabolism,Cardiac & Cardiovascular Systems; Endocrinology & Metabolism,CARDIOVASC DIABETOL,34,30,61,61,31,27,3,140,0.5573770491803278,0.4918032786885246,0.4357142857142857,0.5081967213114754,0.4426229508196721,0.0491803278688524
Cardiovascular Diabetology,2020,1475-2840,0,,Endocrinology & Metabolism,Cardiac & Cardiovascular Systems; Endocrinology & Metabolism,CARDIOVASC DIABETOL,38,39,70,70,31,32,7,180,0.5428571428571428,0.5571428571428572,0.3888888888888889,0.4428571428571428,0.4571428571428571,0.1
Cardiovascular Diabetology,2021,1475-2840,0,,Endocrinology & Metabolism,Cardiac & Cardiovascular Systems; Endocrinology & Metabolism,CARDIOVASC DIABETOL,32,35,61,61,26,29,6,194,0.5245901639344263,0.5737704918032787,0.3144329896907216,0.4262295081967213,0.4754098360655737,0.0983606557377049
Cardiovascular Diabetology,2022,1475-2840,0,,Endocrinology & Metabolism,Cardiac & Cardiovascular Systems; Endocrinology & Metabolism,CARDIOVASC DIABETOL,25,64,82,82,18,57,7,251,0.3048780487804878,0.7804878048780488,0.3266932270916334,0.2195121951219512,0.6951219512195121,0.0853658536585365
Cardiovascular Diabetology,2023,1475-2840,0,,Endocrinology & Metabolism,Cardiac & Cardiovascular Systems; Endocrinology & Metabolism,CARDIOVASC DIABETOL,53,87,121,121,34,68,19,299,0.4380165289256198,0.71900826446281,0.4046822742474916,0.2809917355371901,0.5619834710743802,0.1570247933884297
Cardiovascular Diabetology,2024,1475-2840,0,,Endocrinology & Metabolism,Cardiac & Cardiovascular Systems; Endocrinology & Metabolism,CARDIOVASC DIABETOL,66,154,192,192,38,126,28,397,0.34375,0.8020833333333334,0.4836272040302267,0.1979166666666666,0.65625,0.1458333333333333
Cardiovascular Diabetology,2025,1475-2840,0,,Endocrinology & Metabolism,Cardiac & Cardiovascular Systems; Endocrinology & Metabolism,CARDIOVASC DIABETOL,58,169,205,205,36,147,22,417,0.2829268292682926,0.824390243902439,0.4916067146282973,0.1756097560975609,0.7170731707317073,0.1073170731707317
Cell Metabolism,2010,1932-7420,0,,Endocrinology & Metabolism,Cell Biology; Endocrinology & Metabolism,CELL METAB,94,19,94,94,75,0,19,97,1.0,0.202127659574468,0.9690721649484536,0.7978723404255319,0.0,0.202127659574468
Cell Metabolism,2011,1932-7420,0,,Endocrinology & Metabolism,Cell Biology; Endocrinology & Metabolism,CELL METAB,114,36,114,114,78,0,36,118,1.0,0.3157894736842105,0.9661016949152542,0.6842105263157895,0.0,0.3157894736842105
Cell Metabolism,2012,1932-7420,0,,Endocrinology & Metabolism,Cell Biology; Endocrinology & Metabolism,CELL METAB,110,22,112,112,90,2,20,123,0.9821428571428572,0.1964285714285714,0.9105691056910568,0.8035714285714286,0.0178571428571428,0.1785714285714285
Cell Metabolism,2013,1932-7420,0,,Endocrinology & Metabolism,Cell Biology; Endocrinology & Metabolism,CELL METAB,117,27,118,118,91,1,26,120,0.9915254237288136,0.2288135593220339,0.9833333333333332,0.7711864406779662,0.0084745762711864,0.2203389830508474
Cell Metabolism,2014,1932-7420,0,,Endocrinology & Metabolism,Cell Biology; Endocrinology & Metabolism,CELL METAB,126,46,128,128,82,2,44,136,0.984375,0.359375,0.9411764705882352,0.640625,0.015625,0.34375
Cell Metabolism,2015,1932-7420,0,,Endocrinology & Metabolism,Cell Biology; Endocrinology & Metabolism,CELL METAB,116,52,125,125,73,9,43,129,0.928,0.416,0.9689922480620154,0.584,0.072,0.344
Cell Metabolism,2016,1932-7420,0,,Endocrinology & Metabolism,Cell Biology; Endocrinology & Metabolism,CELL METAB,116,78,123,123,45,7,71,134,0.943089430894309,0.6341463414634146,0.917910447761194,0.3658536585365853,0.056910569105691,0.5772357723577236
Cell Metabolism,2017,1932-7420,0,,Endocrinology & Metabolism,Cell Biology; Endocrinology & Metabolism,CELL METAB,112,75,121,121,46,9,66,129,0.9256198347107438,0.6198347107438017,0.937984496124031,0.3801652892561983,0.0743801652892562,0.5454545454545454
Cell Metabolism,2018,1932-7420,0,,Endocrinology & Metabolism,Cell Biology; Endocrinology & Metabolism,CELL METAB,119,84,135,135,51,16,68,135,0.8814814814814815,0.6222222222222222,1.0,0.3777777777777777,0.1185185185185185,0.5037037037037037
Cell Metabolism,2019,1932-7420,0,,Endocrinology & Metabolism,Cell Biology; Endocrinology & Metabolism,CELL METAB,122,114,145,145,31,23,91,148,0.8413793103448276,0.7862068965517242,0.9797297297297296,0.2137931034482758,0.1586206896551724,0.6275862068965518
Cell Metabolism,2020,1932-7420,0,,Endocrinology & Metabolism,Cell Biology; Endocrinology & Metabolism,CELL METAB,75,107,123,123,16,48,59,129,0.6097560975609756,0.8699186991869918,0.9534883720930232,0.1300813008130081,0.3902439024390244,0.4796747967479675
Cell Metabolism,2021,1932-7420,0,,Endocrinology & Metabolism,Cell Biology; Endocrinology & Metabolism,CELL METAB,69,104,115,115,11,46,58,119,0.6,0.9043478260869564,0.9663865546218487,0.0956521739130434,0.4,0.5043478260869565
Cell Metabolism,2022,1932-7420,0,,Endocrinology & Metabolism,Cell Biology; Endocrinology & Metabolism,CELL METAB,47,97,105,105,8,58,39,107,0.4476190476190476,0.923809523809524,0.9813084112149532,0.0761904761904762,0.5523809523809524,0.3714285714285714
Cell Metabolism,2023,1932-7420,0,,Endocrinology & Metabolism,Cell Biology; Endocrinology & Metabolism,CELL METAB,52,110,115,115,5,63,47,118,0.4521739130434782,0.9565217391304348,0.9745762711864406,0.0434782608695652,0.5478260869565217,0.408695652173913
Cell Metabolism,2024,1932-7420,0,,Endocrinology & Metabolism,Cell Biology; Endocrinology & Metabolism,CELL METAB,41,116,116,116,0,75,41,118,0.3534482758620689,1.0,0.9830508474576272,0.0,0.646551724137931,0.3534482758620689
Cell Metabolism,2025,1932-7420,0,,Endocrinology & Metabolism,Cell Biology; Endocrinology & Metabolism,CELL METAB,57,129,134,134,5,77,52,135,0.4253731343283582,0.9626865671641792,0.9925925925925926,0.0373134328358208,0.5746268656716418,0.3880597014925373
Cellular & Molecular Immunology,2010,2042-0226,1,2013,Immunology,Immunology,CELL MOL IMMUNOL,35,14,40,40,26,5,9,43,0.875,0.35,0.9302325581395348,0.65,0.125,0.225
Cellular & Molecular Immunology,2011,2042-0226,1,2013,Immunology,Immunology,CELL MOL IMMUNOL,31,11,31,31,20,0,11,36,1.0,0.3548387096774194,0.8611111111111112,0.6451612903225806,0.0,0.3548387096774194
Cellular & Molecular Immunology,2012,2042-0226,1,2013,Immunology,Immunology,CELL MOL IMMUNOL,32,15,34,34,19,2,13,35,0.9411764705882352,0.4411764705882353,0.9714285714285714,0.5588235294117647,0.0588235294117647,0.3823529411764705
Cellular & Molecular Immunology,2013,2042-0226,1,2013,Immunology,Immunology,CELL MOL IMMUNOL,25,8,25,25,17,0,8,29,1.0,0.32,0.8620689655172413,0.68,0.0,0.32
Cellular & Molecular Immunology,2014,2042-0226,1,2013,Immunology,Immunology,CELL MOL IMMUNOL,31,16,33,33,17,2,14,35,0.9393939393939394,0.4848484848484848,0.9428571428571428,0.5151515151515151,0.0606060606060606,0.4242424242424242
Cellular & Molecular Immunology,2015,2042-0226,1,2013,Immunology,Immunology,CELL MOL IMMUNOL,42,20,46,46,26,4,16,47,0.9130434782608696,0.4347826086956521,0.9787234042553192,0.5652173913043478,0.0869565217391304,0.3478260869565217
Cellular & Molecular Immunology,2016,2042-0226,1,2013,Immunology,Immunology,CELL MOL IMMUNOL,51,29,56,56,27,5,24,57,0.9107142857142856,0.5178571428571429,0.9824561403508772,0.4821428571428571,0.0892857142857142,0.4285714285714285
Cellular & Molecular Immunology,2017,2042-0226,1,2013,Immunology,Immunology,CELL MOL IMMUNOL,52,27,53,53,26,1,26,55,0.981132075471698,0.5094339622641509,0.9636363636363636,0.490566037735849,0.0188679245283018,0.490566037735849
Cellular & Molecular Immunology,2018,2042-0226,1,2013,Immunology,Immunology,CELL MOL IMMUNOL,50,24,51,51,27,1,23,51,0.9803921568627452,0.4705882352941176,1.0,0.5294117647058824,0.0196078431372549,0.4509803921568627
Cellular & Molecular Immunology,2019,2042-0226,1,2013,Immunology,Immunology,CELL MOL IMMUNOL,46,30,49,49,19,3,27,52,0.9387755102040816,0.6122448979591837,0.9423076923076924,0.3877551020408163,0.0612244897959183,0.5510204081632653
Cellular & Molecular Immunology,2020,2042-0226,1,2013,Immunology,Immunology,CELL MOL IMMUNOL,45,38,55,55,17,10,28,55,0.8181818181818182,0.6909090909090909,1.0,0.3090909090909091,0.1818181818181818,0.509090909090909
Cellular & Molecular Immunology,2021,2042-0226,1,2013,Immunology,Immunology,CELL MOL IMMUNOL,98,105,129,129,24,31,74,130,0.7596899224806202,0.813953488372093,0.9923076923076924,0.1860465116279069,0.2403100775193798,0.5736434108527132
Cellular & Molecular Immunology,2022,2042-0226,1,2013,Immunology,Immunology,CELL MOL IMMUNOL,40,51,61,61,10,21,30,61,0.6557377049180327,0.8360655737704918,1.0,0.1639344262295081,0.3442622950819672,0.4918032786885246
Cellular & Molecular Immunology,2023,2042-0226,1,2013,Immunology,Immunology,CELL MOL IMMUNOL,43,63,66,66,3,23,40,66,0.6515151515151515,0.9545454545454546,1.0,0.0454545454545454,0.3484848484848485,0.6060606060606061
Cellular & Molecular Immunology,2024,2042-0226,1,2013,Immunology,Immunology,CELL MOL IMMUNOL,35,66,66,66,0,31,35,66,0.5303030303030303,1.0,1.0,0.0,0.4696969696969697,0.5303030303030303
Cellular & Molecular Immunology,2025,2042-0226,1,2013,Immunology,Immunology,CELL MOL IMMUNOL,37,68,68,68,0,31,37,68,0.5441176470588235,1.0,1.0,0.0,0.4558823529411764,0.5441176470588235
Chromosome Research,2010,1573-6849,0,,Genetics & Heredity,Biochemistry & Molecular Biology; Genetics & Heredity,CHROMOSOME RES,9,11,16,16,5,7,4,63,0.5625,0.6875,0.2539682539682539,0.3125,0.4375,0.25
Chromosome Research,2011,1573-6849,0,,Genetics & Heredity,Biochemistry & Molecular Biology; Genetics & Heredity,CHROMOSOME RES,10,11,17,17,6,7,4,54,0.5882352941176471,0.6470588235294118,0.3148148148148148,0.3529411764705882,0.4117647058823529,0.2352941176470588
Chromosome Research,2012,1573-6849,0,,Genetics & Heredity,Biochemistry & Molecular Biology; Genetics & Heredity,CHROMOSOME RES,12,5,17,17,12,5,0,55,0.7058823529411765,0.2941176470588235,0.3090909090909091,0.7058823529411765,0.2941176470588235,0.0
Chromosome Research,2013,1573-6849,0,,Genetics & Heredity,Biochemistry & Molecular Biology; Genetics & Heredity,CHROMOSOME RES,7,5,11,11,6,4,1,38,0.6363636363636364,0.4545454545454545,0.2894736842105263,0.5454545454545454,0.3636363636363636,0.0909090909090909
Chromosome Research,2014,1573-6849,0,,Genetics & Heredity,Biochemistry & Molecular Biology; Genetics & Heredity,CHROMOSOME RES,9,7,15,15,8,6,1,25,0.6,0.4666666666666667,0.6,0.5333333333333333,0.4,0.0666666666666666
Chromosome Research,2015,1573-6849,0,,Genetics & Heredity,Biochemistry & Molecular Biology; Genetics & Heredity,CHROMOSOME RES,5,5,9,9,4,4,1,30,0.5555555555555556,0.5555555555555556,0.3,0.4444444444444444,0.4444444444444444,0.1111111111111111
Chromosome Research,2016,1573-6849,0,,Genetics & Heredity,Biochemistry & Molecular Biology; Genetics & Heredity,CHROMOSOME RES,10,5,13,13,8,3,2,27,0.7692307692307693,0.3846153846153846,0.4814814814814814,0.6153846153846154,0.2307692307692307,0.1538461538461538
Chromosome Research,2017,1573-6849,0,,Genetics & Heredity,Biochemistry & Molecular Biology; Genetics & Heredity,CHROMOSOME RES,3,3,6,6,3,3,0,17,0.5,0.5,0.3529411764705882,0.5,0.5,0.0
Chromosome Research,2018,1573-6849,0,,Genetics & Heredity,Biochemistry & Molecular Biology; Genetics & Heredity,CHROMOSOME RES,4,2,5,5,3,1,1,14,0.8,0.4,0.3571428571428571,0.6,0.2,0.2
Chromosome Research,2019,1573-6849,0,,Genetics & Heredity,Biochemistry & Molecular Biology; Genetics & Heredity,CHROMOSOME RES,5,5,9,9,4,4,1,15,0.5555555555555556,0.5555555555555556,0.6,0.4444444444444444,0.4444444444444444,0.1111111111111111
Chromosome Research,2020,1573-6849,0,,Genetics & Heredity,Biochemistry & Molecular Biology; Genetics & Heredity,CHROMOSOME RES,1,3,4,4,1,3,0,16,0.25,0.75,0.25,0.25,0.75,0.0
Chromosome Research,2021,1573-6849,0,,Genetics & Heredity,Biochemistry & Molecular Biology; Genetics & Heredity,CHROMOSOME RES,3,4,6,6,2,3,1,18,0.5,0.6666666666666666,0.3333333333333333,0.3333333333333333,0.5,0.1666666666666666
Chromosome Research,2022,1573-6849,0,,Genetics & Heredity,Biochemistry & Molecular Biology; Genetics & Heredity,CHROMOSOME RES,4,7,10,10,3,6,1,21,0.4,0.7,0.4761904761904761,0.3,0.6,0.1
Chromosome Research,2023,1573-6849,0,,Genetics & Heredity,Biochemistry & Molecular Biology; Genetics & Heredity,CHROMOSOME RES,4,12,14,14,2,10,2,24,0.2857142857142857,0.8571428571428571,0.5833333333333334,0.1428571428571428,0.7142857142857143,0.1428571428571428
Chromosome Research,2024,1573-6849,0,,Genetics & Heredity,Biochemistry & Molecular Biology; Genetics & Heredity,CHROMOSOME RES,1,2,2,2,0,1,1,11,0.5,1.0,0.1818181818181818,0.0,0.5,0.5
Chromosome Research,2025,1573-6849,0,,Genetics & Heredity,Biochemistry & Molecular Biology; Genetics & Heredity,CHROMOSOME RES,2,9,10,10,1,8,1,17,0.2,0.9,0.5882352941176471,0.1,0.8,0.1
Chronobiology International,2010,1525-6073,0,,Physiology,Biology; Physiology,CHRONOBIOL INT,43,13,52,52,39,9,4,113,0.8269230769230769,0.25,0.4601769911504424,0.75,0.173076923076923,0.0769230769230769
Chronobiology International,2011,1525-6073,0,,Physiology,Biology; Physiology,CHRONOBIOL INT,41,8,48,48,40,7,1,101,0.8541666666666666,0.1666666666666666,0.4752475247524752,0.8333333333333334,0.1458333333333333,0.0208333333333333
Chronobiology International,2012,1525-6073,0,,Physiology,Biology; Physiology,CHRONOBIOL INT,54,21,66,66,45,12,9,127,0.8181818181818182,0.3181818181818182,0.5196850393700787,0.6818181818181818,0.1818181818181818,0.1363636363636363
Chronobiology International,2013,1525-6073,0,,Physiology,Biology; Physiology,CHRONOBIOL INT,45,21,59,59,38,14,7,100,0.7627118644067796,0.3559322033898305,0.59,0.6440677966101694,0.2372881355932203,0.1186440677966101
Chronobiology International,2014,1525-6073,0,,Physiology,Biology; Physiology,CHRONOBIOL INT,44,21,57,57,36,13,8,126,0.7719298245614035,0.3684210526315789,0.4523809523809524,0.631578947368421,0.2280701754385964,0.1403508771929824
Chronobiology International,2015,1525-6073,0,,Physiology,Biology; Physiology,CHRONOBIOL INT,58,22,72,72,50,14,8,144,0.8055555555555556,0.3055555555555556,0.5,0.6944444444444444,0.1944444444444444,0.1111111111111111
Chronobiology International,2016,1525-6073,0,,Physiology,Biology; Physiology,CHRONOBIOL INT,39,18,52,52,34,13,5,126,0.75,0.3461538461538461,0.4126984126984127,0.6538461538461539,0.25,0.0961538461538461
Chronobiology International,2017,1525-6073,0,,Physiology,Biology; Physiology,CHRONOBIOL INT,33,17,44,44,27,11,6,126,0.75,0.3863636363636363,0.3492063492063492,0.6136363636363636,0.25,0.1363636363636363
Chronobiology International,2018,1525-6073,0,,Physiology,Biology; Physiology,CHRONOBIOL INT,57,28,72,72,44,15,13,162,0.7916666666666666,0.3888888888888889,0.4444444444444444,0.6111111111111112,0.2083333333333333,0.1805555555555555
Chronobiology International,2019,1525-6073,0,,Physiology,Biology; Physiology,CHRONOBIOL INT,33,31,57,57,26,24,7,150,0.5789473684210527,0.543859649122807,0.38,0.4561403508771929,0.4210526315789473,0.1228070175438596
Chronobiology International,2020,1525-6073,0,,Physiology,Biology; Physiology,CHRONOBIOL INT,37,23,56,56,33,19,4,150,0.6607142857142857,0.4107142857142857,0.3733333333333333,0.5892857142857143,0.3392857142857143,0.0714285714285714
Chronobiology International,2021,1525-6073,0,,Physiology,Biology; Physiology,CHRONOBIOL INT,40,30,59,59,29,19,11,138,0.6779661016949152,0.5084745762711864,0.427536231884058,0.4915254237288136,0.3220338983050847,0.1864406779661017
Chronobiology International,2022,1525-6073,0,,Physiology,Biology; Physiology,CHRONOBIOL INT,37,25,55,55,30,18,7,136,0.6727272727272727,0.4545454545454545,0.4044117647058823,0.5454545454545454,0.3272727272727272,0.1272727272727272
Chronobiology International,2023,1525-6073,0,,Physiology,Biology; Physiology,CHRONOBIOL INT,18,28,41,41,13,23,5,118,0.4390243902439024,0.6829268292682927,0.3474576271186441,0.3170731707317073,0.5609756097560976,0.1219512195121951
Chronobiology International,2024,1525-6073,0,,Physiology,Biology; Physiology,CHRONOBIOL INT,24,29,48,48,19,24,5,117,0.5,0.6041666666666666,0.4102564102564102,0.3958333333333333,0.5,0.1041666666666666
Chronobiology International,2025,1525-6073,0,,Physiology,Biology; Physiology,CHRONOBIOL INT,30,44,67,67,23,37,7,161,0.4477611940298507,0.6567164179104478,0.4161490683229814,0.3432835820895522,0.5522388059701493,0.1044776119402985
Circulation,2010,1524-4539,1,2019,Cardiac & Cardiovascular Systems,Cardiac & Cardiovascular Systems; Peripheral Vascular Disease,CIRCULATION,162,86,201,201,115,39,47,401,0.8059701492537313,0.4278606965174129,0.5012468827930174,0.572139303482587,0.1940298507462686,0.2338308457711442
Circulation,2011,1524-4539,1,2019,Cardiac & Cardiovascular Systems,Cardiac & Cardiovascular Systems; Peripheral Vascular Disease,CIRCULATION,186,86,221,221,135,35,51,390,0.8416289592760181,0.3891402714932127,0.5666666666666667,0.6108597285067874,0.1583710407239819,0.2307692307692307
Circulation,2012,1524-4539,1,2019,Cardiac & Cardiovascular Systems,Cardiac & Cardiovascular Systems; Peripheral Vascular Disease,CIRCULATION,180,111,231,231,120,51,60,420,0.7792207792207793,0.4805194805194805,0.55,0.5194805194805194,0.2207792207792207,0.2597402597402597
Circulation,2013,1524-4539,1,2019,Cardiac & Cardiovascular Systems,Cardiac & Cardiovascular Systems; Peripheral Vascular Disease,CIRCULATION,152,108,199,199,91,47,61,351,0.7638190954773869,0.542713567839196,0.5669515669515669,0.457286432160804,0.236180904522613,0.3065326633165829
Circulation,2014,1524-4539,1,2019,Cardiac & Cardiovascular Systems,Cardiac & Cardiovascular Systems; Peripheral Vascular Disease,CIRCULATION,98,80,139,139,59,41,39,287,0.7050359712230215,0.5755395683453237,0.4843205574912892,0.4244604316546763,0.2949640287769784,0.2805755395683453
Circulation,2015,1524-4539,1,2019,Cardiac & Cardiovascular Systems,Cardiac & Cardiovascular Systems; Peripheral Vascular Disease,CIRCULATION,89,80,126,126,46,37,43,262,0.7063492063492064,0.6349206349206349,0.4809160305343511,0.365079365079365,0.2936507936507936,0.3412698412698413
Circulation,2016,1524-4539,1,2019,Cardiac & Cardiovascular Systems,Cardiac & Cardiovascular Systems; Peripheral Vascular Disease,CIRCULATION,72,90,121,121,31,49,41,251,0.5950413223140496,0.743801652892562,0.4820717131474104,0.256198347107438,0.4049586776859504,0.3388429752066115
Circulation,2017,1524-4539,1,2019,Cardiac & Cardiovascular Systems,Cardiac & Cardiovascular Systems; Peripheral Vascular Disease,CIRCULATION,99,106,146,146,40,47,59,244,0.678082191780822,0.726027397260274,0.5983606557377049,0.273972602739726,0.3219178082191781,0.4041095890410959
Circulation,2018,1524-4539,1,2019,Cardiac & Cardiovascular Systems,Cardiac & Cardiovascular Systems; Peripheral Vascular Disease,CIRCULATION,103,117,159,159,42,56,61,261,0.6477987421383647,0.7358490566037735,0.6091954022988506,0.2641509433962264,0.3522012578616352,0.3836477987421384
Circulation,2019,1524-4539,1,2019,Cardiac & Cardiovascular Systems,Cardiac & Cardiovascular Systems; Peripheral Vascular Disease,CIRCULATION,89,108,137,137,29,48,60,262,0.6496350364963503,0.7883211678832117,0.5229007633587787,0.2116788321167883,0.3503649635036496,0.437956204379562
Circulation,2020,1524-4539,1,2019,Cardiac & Cardiovascular Systems,Cardiac & Cardiovascular Systems; Peripheral Vascular Disease,CIRCULATION,51,100,115,115,15,64,36,222,0.4434782608695652,0.8695652173913043,0.5180180180180181,0.1304347826086956,0.5565217391304348,0.3130434782608696
Circulation,2021,1524-4539,1,2019,Cardiac & Cardiovascular Systems,Cardiac & Cardiovascular Systems; Peripheral Vascular Disease,CIRCULATION,39,127,138,138,11,99,28,233,0.2826086956521739,0.9202898550724636,0.592274678111588,0.0797101449275362,0.717391304347826,0.2028985507246377
Circulation,2022,1524-4539,1,2019,Cardiac & Cardiovascular Systems,Cardiac & Cardiovascular Systems; Peripheral Vascular Disease,CIRCULATION,28,101,106,106,5,78,23,197,0.2641509433962264,0.9528301886792452,0.5380710659898477,0.0471698113207547,0.7358490566037735,0.2169811320754717
Circulation,2023,1524-4539,1,2019,Cardiac & Cardiovascular Systems,Cardiac & Cardiovascular Systems; Peripheral Vascular Disease,CIRCULATION,30,89,94,94,5,64,25,179,0.3191489361702128,0.946808510638298,0.5251396648044693,0.0531914893617021,0.6808510638297872,0.2659574468085106
Circulation,2024,1524-4539,1,2019,Cardiac & Cardiovascular Systems,Cardiac & Cardiovascular Systems; Peripheral Vascular Disease,CIRCULATION,32,109,114,114,5,82,27,193,0.2807017543859649,0.956140350877193,0.5906735751295337,0.043859649122807,0.7192982456140351,0.2368421052631578
Circulation,2025,1524-4539,1,2019,Cardiac & Cardiovascular Systems,Cardiac & Cardiovascular Systems; Peripheral Vascular Disease,CIRCULATION,33,116,125,125,9,92,24,190,0.264,0.928,0.6578947368421053,0.072,0.736,0.192
Circulation Research,2010,1524-4571,1,2019,Cardiac & Cardiovascular Systems,Cardiac & Cardiovascular Systems; Peripheral Vascular Disease; Hematology,CIRC RES,245,52,247,247,195,2,50,258,0.9919028340080972,0.2105263157894736,0.9573643410852714,0.7894736842105263,0.0080971659919028,0.2024291497975708
Circulation Research,2011,1524-4571,1,2019,Cardiac & Cardiovascular Systems,Cardiac & Cardiovascular Systems; Peripheral Vascular Disease; Hematology,CIRC RES,174,35,174,174,139,0,35,185,1.0,0.2011494252873563,0.9405405405405406,0.7988505747126436,0.0,0.2011494252873563
Circulation Research,2012,1524-4571,1,2019,Cardiac & Cardiovascular Systems,Cardiac & Cardiovascular Systems; Peripheral Vascular Disease; Hematology,CIRC RES,174,45,177,177,132,3,42,192,0.9830508474576272,0.2542372881355932,0.921875,0.7457627118644068,0.0169491525423728,0.2372881355932203
Circulation Research,2013,1524-4571,1,2019,Cardiac & Cardiovascular Systems,Cardiac & Cardiovascular Systems; Peripheral Vascular Disease; Hematology,CIRC RES,155,50,160,160,110,5,45,172,0.96875,0.3125,0.9302325581395348,0.6875,0.03125,0.28125
Circulation Research,2014,1524-4571,1,2019,Cardiac & Cardiovascular Systems,Cardiac & Cardiovascular Systems; Peripheral Vascular Disease; Hematology,CIRC RES,128,50,135,135,85,7,43,143,0.9481481481481482,0.3703703703703703,0.944055944055944,0.6296296296296297,0.0518518518518518,0.3185185185185185
Circulation Research,2015,1524-4571,1,2019,Cardiac & Cardiovascular Systems,Cardiac & Cardiovascular Systems; Peripheral Vascular Disease; Hematology,CIRC RES,125,60,134,134,74,9,51,144,0.9328358208955224,0.4477611940298507,0.9305555555555556,0.5522388059701493,0.0671641791044776,0.3805970149253731
Circulation Research,2016,1524-4571,1,2019,Cardiac & Cardiovascular Systems,Cardiac & Cardiovascular Systems; Peripheral Vascular Disease; Hematology,CIRC RES,98,57,108,108,51,10,47,129,0.9074074074074074,0.5277777777777778,0.8372093023255814,0.4722222222222222,0.0925925925925925,0.4351851851851852
Circulation Research,2017,1524-4571,1,2019,Cardiac & Cardiovascular Systems,Cardiac & Cardiovascular Systems; Peripheral Vascular Disease; Hematology,CIRC RES,111,74,120,120,46,9,65,135,0.925,0.6166666666666667,0.8888888888888888,0.3833333333333333,0.075,0.5416666666666666
Circulation Research,2018,1524-4571,1,2019,Cardiac & Cardiovascular Systems,Cardiac & Cardiovascular Systems; Peripheral Vascular Disease; Hematology,CIRC RES,88,71,108,108,37,20,51,123,0.8148148148148148,0.6574074074074074,0.8780487804878049,0.3425925925925926,0.1851851851851851,0.4722222222222222
Circulation Research,2019,1524-4571,1,2019,Cardiac & Cardiovascular Systems,Cardiac & Cardiovascular Systems; Peripheral Vascular Disease; Hematology,CIRC RES,71,97,113,113,16,42,55,133,0.6283185840707964,0.8584070796460177,0.849624060150376,0.1415929203539823,0.3716814159292035,0.4867256637168141
Circulation Research,2020,1524-4571,1,2019,Cardiac & Cardiovascular Systems,Cardiac & Cardiovascular Systems; Peripheral Vascular Disease; Hematology,CIRC RES,28,131,133,133,2,105,26,144,0.2105263157894736,0.9849624060150376,0.9236111111111112,0.0150375939849624,0.7894736842105263,0.1954887218045112
Circulation Research,2021,1524-4571,1,2019,Cardiac & Cardiovascular Systems,Cardiac & Cardiovascular Systems; Peripheral Vascular Disease; Hematology,CIRC RES,26,121,122,122,1,96,25,132,0.2131147540983606,0.9918032786885246,0.9242424242424242,0.0081967213114754,0.7868852459016393,0.2049180327868852
Circulation Research,2022,1524-4571,1,2019,Cardiac & Cardiovascular Systems,Cardiac & Cardiovascular Systems; Peripheral Vascular Disease; Hematology,CIRC RES,20,108,110,110,2,90,18,120,0.1818181818181818,0.9818181818181818,0.9166666666666666,0.0181818181818181,0.8181818181818182,0.1636363636363636
Circulation Research,2023,1524-4571,1,2019,Cardiac & Cardiovascular Systems,Cardiac & Cardiovascular Systems; Peripheral Vascular Disease; Hematology,CIRC RES,18,108,108,108,0,90,18,111,0.1666666666666666,1.0,0.972972972972973,0.0,0.8333333333333334,0.1666666666666666
Circulation Research,2024,1524-4571,1,2019,Cardiac & Cardiovascular Systems,Cardiac & Cardiovascular Systems; Peripheral Vascular Disease; Hematology,CIRC RES,13,106,106,106,0,93,13,116,0.1226415094339622,1.0,0.913793103448276,0.0,0.8773584905660378,0.1226415094339622
Circulation Research,2025,1524-4571,1,2019,Cardiac & Cardiovascular Systems,Cardiac & Cardiovascular Systems; Peripheral Vascular Disease; Hematology,CIRC RES,26,125,125,125,0,99,26,125,0.208,1.0,1.0,0.0,0.792,0.208
Circulation-Arrhythmia and Electrophysiology,2010,1941-3084,1,2019,Cardiac & Cardiovascular Systems,Cardiac & Cardiovascular Systems,CIRC-ARRHYTHMIA ELEC,20,11,28,28,17,8,3,67,0.7142857142857143,0.3928571428571428,0.417910447761194,0.6071428571428571,0.2857142857142857,0.1071428571428571
Circulation-Arrhythmia and Electrophysiology,2011,1941-3084,1,2019,Cardiac & Cardiovascular Systems,Cardiac & Cardiovascular Systems,CIRC-ARRHYTHMIA ELEC,26,21,37,37,16,11,10,97,0.7027027027027027,0.5675675675675675,0.3814432989690721,0.4324324324324324,0.2972972972972973,0.2702702702702703
Circulation-Arrhythmia and Electrophysiology,2012,1941-3084,1,2019,Cardiac & Cardiovascular Systems,Cardiac & Cardiovascular Systems,CIRC-ARRHYTHMIA ELEC,35,34,61,61,27,26,8,123,0.5737704918032787,0.5573770491803278,0.4959349593495935,0.4426229508196721,0.4262295081967213,0.1311475409836065
Circulation-Arrhythmia and Electrophysiology,2013,1941-3084,1,2019,Cardiac & Cardiovascular Systems,Cardiac & Cardiovascular Systems,CIRC-ARRHYTHMIA ELEC,30,31,54,54,23,24,7,129,0.5555555555555556,0.5740740740740741,0.4186046511627907,0.4259259259259259,0.4444444444444444,0.1296296296296296
Circulation-Arrhythmia and Electrophysiology,2014,1941-3084,1,2019,Cardiac & Cardiovascular Systems,Cardiac & Cardiovascular Systems,CIRC-ARRHYTHMIA ELEC,21,32,46,46,14,25,7,123,0.4565217391304347,0.6956521739130435,0.3739837398373983,0.3043478260869565,0.5434782608695652,0.1521739130434782
Circulation-Arrhythmia and Electrophysiology,2015,1941-3084,1,2019,Cardiac & Cardiovascular Systems,Cardiac & Cardiovascular Systems,CIRC-ARRHYTHMIA ELEC,28,38,54,54,16,26,12,134,0.5185185185185185,0.7037037037037037,0.4029850746268656,0.2962962962962963,0.4814814814814814,0.2222222222222222
Circulation-Arrhythmia and Electrophysiology,2016,1941-3084,1,2019,Cardiac & Cardiovascular Systems,Cardiac & Cardiovascular Systems,CIRC-ARRHYTHMIA ELEC,20,21,34,34,13,14,7,108,0.5882352941176471,0.6176470588235294,0.3148148148148148,0.3823529411764705,0.4117647058823529,0.2058823529411764
Circulation-Arrhythmia and Electrophysiology,2017,1941-3084,1,2019,Cardiac & Cardiovascular Systems,Cardiac & Cardiovascular Systems,CIRC-ARRHYTHMIA ELEC,21,30,43,43,13,22,8,101,0.4883720930232558,0.6976744186046512,0.4257425742574257,0.3023255813953488,0.5116279069767442,0.1860465116279069
Circulation-Arrhythmia and Electrophysiology,2018,1941-3084,1,2019,Cardiac & Cardiovascular Systems,Cardiac & Cardiovascular Systems,CIRC-ARRHYTHMIA ELEC,23,38,50,50,12,27,11,102,0.46,0.76,0.4901960784313725,0.24,0.54,0.22
Circulation-Arrhythmia and Electrophysiology,2019,1941-3084,1,2019,Cardiac & Cardiovascular Systems,Cardiac & Cardiovascular Systems,CIRC-ARRHYTHMIA ELEC,21,27,36,36,9,15,12,84,0.5833333333333334,0.75,0.4285714285714285,0.25,0.4166666666666667,0.3333333333333333
Circulation-Arrhythmia and Electrophysiology,2020,1941-3084,1,2019,Cardiac & Cardiovascular Systems,Cardiac & Cardiovascular Systems,CIRC-ARRHYTHMIA ELEC,17,34,44,44,10,27,7,102,0.3863636363636363,0.7727272727272727,0.4313725490196078,0.2272727272727272,0.6136363636363636,0.1590909090909091
Circulation-Arrhythmia and Electrophysiology,2021,1941-3084,1,2019,Cardiac & Cardiovascular Systems,Cardiac & Cardiovascular Systems,CIRC-ARRHYTHMIA ELEC,12,20,30,30,10,18,2,64,0.4,0.6666666666666666,0.46875,0.3333333333333333,0.6,0.0666666666666666
Circulation-Arrhythmia and Electrophysiology,2022,1941-3084,1,2019,Cardiac & Cardiovascular Systems,Cardiac & Cardiovascular Systems,CIRC-ARRHYTHMIA ELEC,8,17,22,22,5,14,3,51,0.3636363636363636,0.7727272727272727,0.4313725490196078,0.2272727272727272,0.6363636363636364,0.1363636363636363
Circulation-Arrhythmia and Electrophysiology,2023,1941-3084,1,2019,Cardiac & Cardiovascular Systems,Cardiac & Cardiovascular Systems,CIRC-ARRHYTHMIA ELEC,6,19,21,21,2,15,4,49,0.2857142857142857,0.9047619047619048,0.4285714285714285,0.0952380952380952,0.7142857142857143,0.1904761904761904
Circulation-Arrhythmia and Electrophysiology,2024,1941-3084,1,2019,Cardiac & Cardiovascular Systems,Cardiac & Cardiovascular Systems,CIRC-ARRHYTHMIA ELEC,14,25,31,31,6,17,8,66,0.4516129032258064,0.8064516129032258,0.4696969696969697,0.1935483870967742,0.5483870967741935,0.2580645161290322
Circulation-Arrhythmia and Electrophysiology,2025,1941-3084,1,2019,Cardiac & Cardiovascular Systems,Cardiac & Cardiovascular Systems,CIRC-ARRHYTHMIA ELEC,12,30,34,34,4,22,8,73,0.3529411764705882,0.8823529411764706,0.4657534246575342,0.1176470588235294,0.6470588235294118,0.2352941176470588
Circulation-Cardiovascular Imaging,2010,1942-0080,1,2019,Cardiac & Cardiovascular Systems,"Cardiac & Cardiovascular Systems; Radiology, Nuclear Medicine & Medical Imaging",CIRC-CARDIOVASC IMAG,24,22,38,38,16,14,8,80,0.631578947368421,0.5789473684210527,0.475,0.4210526315789473,0.3684210526315789,0.2105263157894736
Circulation-Cardiovascular Imaging,2011,1942-0080,1,2019,Cardiac & Cardiovascular Systems,"Cardiac & Cardiovascular Systems; Radiology, Nuclear Medicine & Medical Imaging",CIRC-CARDIOVASC IMAG,21,11,30,30,19,9,2,68,0.7,0.3666666666666666,0.4411764705882353,0.6333333333333333,0.3,0.0666666666666666
Circulation-Cardiovascular Imaging,2012,1942-0080,1,2019,Cardiac & Cardiovascular Systems,"Cardiac & Cardiovascular Systems; Radiology, Nuclear Medicine & Medical Imaging",CIRC-CARDIOVASC IMAG,32,19,45,45,26,13,6,76,0.7111111111111111,0.4222222222222222,0.5921052631578947,0.5777777777777777,0.2888888888888888,0.1333333333333333
Circulation-Cardiovascular Imaging,2013,1942-0080,1,2019,Cardiac & Cardiovascular Systems,"Cardiac & Cardiovascular Systems; Radiology, Nuclear Medicine & Medical Imaging",CIRC-CARDIOVASC IMAG,40,33,67,67,34,27,6,102,0.5970149253731343,0.4925373134328358,0.6568627450980392,0.5074626865671642,0.4029850746268656,0.0895522388059701
Circulation-Cardiovascular Imaging,2014,1942-0080,1,2019,Cardiac & Cardiovascular Systems,"Cardiac & Cardiovascular Systems; Radiology, Nuclear Medicine & Medical Imaging",CIRC-CARDIOVASC IMAG,16,18,31,31,13,15,3,83,0.5161290322580645,0.5806451612903226,0.3734939759036144,0.4193548387096774,0.4838709677419355,0.0967741935483871
Circulation-Cardiovascular Imaging,2015,1942-0080,1,2019,Cardiac & Cardiovascular Systems,"Cardiac & Cardiovascular Systems; Radiology, Nuclear Medicine & Medical Imaging",CIRC-CARDIOVASC IMAG,23,27,40,40,13,17,10,80,0.575,0.675,0.5,0.325,0.425,0.25
Circulation-Cardiovascular Imaging,2016,1942-0080,1,2019,Cardiac & Cardiovascular Systems,"Cardiac & Cardiovascular Systems; Radiology, Nuclear Medicine & Medical Imaging",CIRC-CARDIOVASC IMAG,17,26,42,42,16,25,1,90,0.4047619047619047,0.6190476190476191,0.4666666666666667,0.3809523809523809,0.5952380952380952,0.0238095238095238
Circulation-Cardiovascular Imaging,2017,1942-0080,1,2019,Cardiac & Cardiovascular Systems,"Cardiac & Cardiovascular Systems; Radiology, Nuclear Medicine & Medical Imaging",CIRC-CARDIOVASC IMAG,15,26,39,39,13,24,2,86,0.3846153846153846,0.6666666666666666,0.4534883720930232,0.3333333333333333,0.6153846153846154,0.0512820512820512
Circulation-Cardiovascular Imaging,2018,1942-0080,1,2019,Cardiac & Cardiovascular Systems,"Cardiac & Cardiovascular Systems; Radiology, Nuclear Medicine & Medical Imaging",CIRC-CARDIOVASC IMAG,11,16,23,23,7,12,4,57,0.4782608695652174,0.6956521739130435,0.4035087719298245,0.3043478260869565,0.5217391304347826,0.1739130434782608
Circulation-Cardiovascular Imaging,2019,1942-0080,1,2019,Cardiac & Cardiovascular Systems,"Cardiac & Cardiovascular Systems; Radiology, Nuclear Medicine & Medical Imaging",CIRC-CARDIOVASC IMAG,4,24,27,27,3,23,1,62,0.1481481481481481,0.8888888888888888,0.4354838709677419,0.1111111111111111,0.8518518518518519,0.037037037037037
Circulation-Cardiovascular Imaging,2020,1942-0080,1,2019,Cardiac & Cardiovascular Systems,"Cardiac & Cardiovascular Systems; Radiology, Nuclear Medicine & Medical Imaging",CIRC-CARDIOVASC IMAG,9,14,21,21,7,12,2,57,0.4285714285714285,0.6666666666666666,0.3684210526315789,0.3333333333333333,0.5714285714285714,0.0952380952380952
Circulation-Cardiovascular Imaging,2021,1942-0080,1,2019,Cardiac & Cardiovascular Systems,"Cardiac & Cardiovascular Systems; Radiology, Nuclear Medicine & Medical Imaging",CIRC-CARDIOVASC IMAG,11,17,26,26,9,15,2,56,0.4230769230769231,0.6538461538461539,0.4642857142857143,0.3461538461538461,0.5769230769230769,0.0769230769230769
Circulation-Cardiovascular Imaging,2022,1942-0080,1,2019,Cardiac & Cardiovascular Systems,"Cardiac & Cardiovascular Systems; Radiology, Nuclear Medicine & Medical Imaging",CIRC-CARDIOVASC IMAG,4,13,16,16,3,12,1,46,0.25,0.8125,0.3478260869565217,0.1875,0.75,0.0625
Circulation-Cardiovascular Imaging,2023,1942-0080,1,2019,Cardiac & Cardiovascular Systems,"Cardiac & Cardiovascular Systems; Radiology, Nuclear Medicine & Medical Imaging",CIRC-CARDIOVASC IMAG,9,14,18,18,4,9,5,52,0.5,0.7777777777777778,0.3461538461538461,0.2222222222222222,0.5,0.2777777777777778
Circulation-Cardiovascular Imaging,2024,1942-0080,1,2019,Cardiac & Cardiovascular Systems,"Cardiac & Cardiovascular Systems; Radiology, Nuclear Medicine & Medical Imaging",CIRC-CARDIOVASC IMAG,5,19,22,22,3,17,2,60,0.2272727272727272,0.8636363636363636,0.3666666666666666,0.1363636363636363,0.7727272727272727,0.0909090909090909
Circulation-Cardiovascular Imaging,2025,1942-0080,1,2019,Cardiac & Cardiovascular Systems,"Cardiac & Cardiovascular Systems; Radiology, Nuclear Medicine & Medical Imaging",CIRC-CARDIOVASC IMAG,8,26,32,32,6,24,2,66,0.25,0.8125,0.4848484848484848,0.1875,0.75,0.0625
Circulation-Cardiovascular Quality and Outcomes,2010,1941-7713,1,2019,Cardiac & Cardiovascular Systems,Cardiac & Cardiovascular Systems,CIRC-CARDIOVASC QUAL,10,9,18,18,9,8,1,65,0.5555555555555556,0.5,0.2769230769230769,0.5,0.4444444444444444,0.0555555555555555
Circulation-Cardiovascular Quality and Outcomes,2011,1941-7713,1,2019,Cardiac & Cardiovascular Systems,Cardiac & Cardiovascular Systems,CIRC-CARDIOVASC QUAL,10,11,20,20,9,10,1,64,0.5,0.55,0.3125,0.45,0.5,0.05
Circulation-Cardiovascular Quality and Outcomes,2012,1941-7713,1,2019,Cardiac & Cardiovascular Systems,Cardiac & Cardiovascular Systems,CIRC-CARDIOVASC QUAL,8,13,19,19,6,11,2,81,0.4210526315789473,0.6842105263157895,0.2345679012345679,0.3157894736842105,0.5789473684210527,0.1052631578947368
Circulation-Cardiovascular Quality and Outcomes,2013,1941-7713,1,2019,Cardiac & Cardiovascular Systems,Cardiac & Cardiovascular Systems,CIRC-CARDIOVASC QUAL,13,3,16,16,13,3,0,71,0.8125,0.1875,0.2253521126760563,0.8125,0.1875,0.0
Circulation-Cardiovascular Quality and Outcomes,2014,1941-7713,1,2019,Cardiac & Cardiovascular Systems,Cardiac & Cardiovascular Systems,CIRC-CARDIOVASC QUAL,9,14,22,22,8,13,1,90,0.4090909090909091,0.6363636363636364,0.2444444444444444,0.3636363636363636,0.5909090909090909,0.0454545454545454
Circulation-Cardiovascular Quality and Outcomes,2015,1941-7713,1,2019,Cardiac & Cardiovascular Systems,Cardiac & Cardiovascular Systems,CIRC-CARDIOVASC QUAL,7,11,18,18,7,11,0,67,0.3888888888888889,0.6111111111111112,0.2686567164179104,0.3888888888888889,0.6111111111111112,0.0
Circulation-Cardiovascular Quality and Outcomes,2016,1941-7713,1,2019,Cardiac & Cardiovascular Systems,Cardiac & Cardiovascular Systems,CIRC-CARDIOVASC QUAL,7,13,19,19,6,12,1,69,0.3684210526315789,0.6842105263157895,0.2753623188405797,0.3157894736842105,0.631578947368421,0.0526315789473684
Circulation-Cardiovascular Quality and Outcomes,2017,1941-7713,1,2019,Cardiac & Cardiovascular Systems,Cardiac & Cardiovascular Systems,CIRC-CARDIOVASC QUAL,5,15,18,18,3,13,2,73,0.2777777777777778,0.8333333333333334,0.2465753424657534,0.1666666666666666,0.7222222222222222,0.1111111111111111
Circulation-Cardiovascular Quality and Outcomes,2018,1941-7713,1,2019,Cardiac & Cardiovascular Systems,Cardiac & Cardiovascular Systems,CIRC-CARDIOVASC QUAL,5,10,15,15,5,10,0,74,0.3333333333333333,0.6666666666666666,0.2027027027027027,0.3333333333333333,0.6666666666666666,0.0
Circulation-Cardiovascular Quality and Outcomes,2019,1941-7713,1,2019,Cardiac & Cardiovascular Systems,Cardiac & Cardiovascular Systems,CIRC-CARDIOVASC QUAL,4,10,14,14,4,10,0,74,0.2857142857142857,0.7142857142857143,0.1891891891891892,0.2857142857142857,0.7142857142857143,0.0
Circulation-Cardiovascular Quality and Outcomes,2020,1941-7713,1,2019,Cardiac & Cardiovascular Systems,Cardiac & Cardiovascular Systems,CIRC-CARDIOVASC QUAL,6,12,17,17,5,11,1,77,0.3529411764705882,0.7058823529411765,0.2207792207792207,0.2941176470588235,0.6470588235294118,0.0588235294117647
Circulation-Cardiovascular Quality and Outcomes,2021,1941-7713,1,2019,Cardiac & Cardiovascular Systems,Cardiac & Cardiovascular Systems,CIRC-CARDIOVASC QUAL,9,13,21,21,8,12,1,78,0.4285714285714285,0.6190476190476191,0.2692307692307692,0.3809523809523809,0.5714285714285714,0.0476190476190476
Circulation-Cardiovascular Quality and Outcomes,2022,1941-7713,1,2019,Cardiac & Cardiovascular Systems,Cardiac & Cardiovascular Systems,CIRC-CARDIOVASC QUAL,4,7,11,11,4,7,0,59,0.3636363636363636,0.6363636363636364,0.1864406779661017,0.3636363636363636,0.6363636363636364,0.0
Circulation-Cardiovascular Quality and Outcomes,2023,1941-7713,1,2019,Cardiac & Cardiovascular Systems,Cardiac & Cardiovascular Systems,CIRC-CARDIOVASC QUAL,1,6,7,7,1,6,0,56,0.1428571428571428,0.8571428571428571,0.125,0.1428571428571428,0.8571428571428571,0.0
Circulation-Cardiovascular Quality and Outcomes,2024,1941-7713,1,2019,Cardiac & Cardiovascular Systems,Cardiac & Cardiovascular Systems,CIRC-CARDIOVASC QUAL,4,17,20,20,3,16,1,78,0.2,0.85,0.2564102564102564,0.15,0.8,0.05
Circulation-Cardiovascular Quality and Outcomes,2025,1941-7713,1,2019,Cardiac & Cardiovascular Systems,Cardiac & Cardiovascular Systems,CIRC-CARDIOVASC QUAL,3,7,10,10,3,7,0,62,0.3,0.7,0.1612903225806451,0.3,0.7,0.0
Circulation-Cardiovascular interventions,2010,1941-7632,1,2019,Cardiac & Cardiovascular Systems,Cardiac & Cardiovascular Systems,CIRC-CARDIOVASC INTE,20,7,25,25,18,5,2,61,0.8,0.28,0.4098360655737705,0.72,0.2,0.08
Circulation-Cardiovascular interventions,2011,1941-7632,1,2019,Cardiac & Cardiovascular Systems,Cardiac & Cardiovascular Systems,CIRC-CARDIOVASC INTE,18,14,29,29,15,11,3,58,0.6206896551724138,0.4827586206896552,0.5,0.5172413793103449,0.3793103448275862,0.1034482758620689
Circulation-Cardiovascular interventions,2012,1941-7632,1,2019,Cardiac & Cardiovascular Systems,Cardiac & Cardiovascular Systems,CIRC-CARDIOVASC INTE,22,24,38,38,14,16,8,82,0.5789473684210527,0.631578947368421,0.4634146341463415,0.3684210526315789,0.4210526315789473,0.2105263157894736
Circulation-Cardiovascular interventions,2013,1941-7632,1,2019,Cardiac & Cardiovascular Systems,Cardiac & Cardiovascular Systems,CIRC-CARDIOVASC INTE,9,16,25,25,9,16,0,70,0.36,0.64,0.3571428571428571,0.36,0.64,0.0
Circulation-Cardiovascular interventions,2014,1941-7632,1,2019,Cardiac & Cardiovascular Systems,Cardiac & Cardiovascular Systems,CIRC-CARDIOVASC INTE,17,21,33,33,12,16,5,74,0.5151515151515151,0.6363636363636364,0.4459459459459459,0.3636363636363636,0.4848484848484848,0.1515151515151515
Circulation-Cardiovascular interventions,2015,1941-7632,1,2019,Cardiac & Cardiovascular Systems,Cardiac & Cardiovascular Systems,CIRC-CARDIOVASC INTE,20,20,34,34,14,14,6,103,0.5882352941176471,0.5882352941176471,0.3300970873786408,0.4117647058823529,0.4117647058823529,0.1764705882352941
Circulation-Cardiovascular interventions,2016,1941-7632,1,2019,Cardiac & Cardiovascular Systems,Cardiac & Cardiovascular Systems,CIRC-CARDIOVASC INTE,18,18,30,30,12,12,6,96,0.6,0.6,0.3125,0.4,0.4,0.2
Circulation-Cardiovascular interventions,2017,1941-7632,1,2019,Cardiac & Cardiovascular Systems,Cardiac & Cardiovascular Systems,CIRC-CARDIOVASC INTE,15,22,28,28,6,13,9,82,0.5357142857142857,0.7857142857142857,0.3414634146341463,0.2142857142857142,0.4642857142857143,0.3214285714285714
Circulation-Cardiovascular interventions,2018,1941-7632,1,2019,Cardiac & Cardiovascular Systems,Cardiac & Cardiovascular Systems,CIRC-CARDIOVASC INTE,13,15,27,27,12,14,1,84,0.4814814814814814,0.5555555555555556,0.3214285714285714,0.4444444444444444,0.5185185185185185,0.037037037037037
Circulation-Cardiovascular interventions,2019,1941-7632,1,2019,Cardiac & Cardiovascular Systems,Cardiac & Cardiovascular Systems,CIRC-CARDIOVASC INTE,7,25,29,29,4,22,3,90,0.2413793103448276,0.8620689655172413,0.3222222222222222,0.1379310344827586,0.7586206896551724,0.1034482758620689
Circulation-Cardiovascular interventions,2020,1941-7632,1,2019,Cardiac & Cardiovascular Systems,Cardiac & Cardiovascular Systems,CIRC-CARDIOVASC INTE,5,23,27,27,4,22,1,99,0.1851851851851851,0.8518518518518519,0.2727272727272727,0.1481481481481481,0.8148148148148148,0.037037037037037
Circulation-Cardiovascular interventions,2021,1941-7632,1,2019,Cardiac & Cardiovascular Systems,Cardiac & Cardiovascular Systems,CIRC-CARDIOVASC INTE,12,20,30,30,10,18,2,99,0.4,0.6666666666666666,0.303030303030303,0.3333333333333333,0.6,0.0666666666666666
Circulation-Cardiovascular interventions,2022,1941-7632,1,2019,Cardiac & Cardiovascular Systems,Cardiac & Cardiovascular Systems,CIRC-CARDIOVASC INTE,7,20,25,25,5,18,2,77,0.28,0.8,0.3246753246753247,0.2,0.72,0.08
Circulation-Cardiovascular interventions,2023,1941-7632,1,2019,Cardiac & Cardiovascular Systems,Cardiac & Cardiovascular Systems,CIRC-CARDIOVASC INTE,2,13,15,15,2,13,0,53,0.1333333333333333,0.8666666666666667,0.2830188679245283,0.1333333333333333,0.8666666666666667,0.0
Circulation-Cardiovascular interventions,2024,1941-7632,1,2019,Cardiac & Cardiovascular Systems,Cardiac & Cardiovascular Systems,CIRC-CARDIOVASC INTE,13,24,33,33,9,20,4,85,0.3939393939393939,0.7272727272727273,0.388235294117647,0.2727272727272727,0.6060606060606061,0.1212121212121212
Circulation-Cardiovascular interventions,2025,1941-7632,1,2019,Cardiac & Cardiovascular Systems,Cardiac & Cardiovascular Systems,CIRC-CARDIOVASC INTE,5,17,22,22,5,17,0,81,0.2272727272727272,0.7727272727272727,0.2716049382716049,0.2272727272727272,0.7727272727272727,0.0
Circulation-Genomic and Precision Medicine,2018,2574-8300,1,2019,Genetics & Heredity,Cardiac & Cardiovascular Systems; Genetics & Heredity,CIRC-GENOM PRECIS ME,16,25,29,29,4,13,12,59,0.5517241379310345,0.8620689655172413,0.4915254237288136,0.1379310344827586,0.4482758620689655,0.4137931034482758
Circulation-Genomic and Precision Medicine,2019,2574-8300,1,2019,Genetics & Heredity,Cardiac & Cardiovascular Systems; Genetics & Heredity,CIRC-GENOM PRECIS ME,8,16,19,19,3,11,5,35,0.4210526315789473,0.8421052631578947,0.5428571428571428,0.1578947368421052,0.5789473684210527,0.2631578947368421
Circulation-Genomic and Precision Medicine,2020,2574-8300,1,2019,Genetics & Heredity,Cardiac & Cardiovascular Systems; Genetics & Heredity,CIRC-GENOM PRECIS ME,8,20,27,27,7,19,1,57,0.2962962962962963,0.7407407407407407,0.4736842105263157,0.2592592592592592,0.7037037037037037,0.037037037037037
Circulation-Genomic and Precision Medicine,2021,2574-8300,1,2019,Genetics & Heredity,Cardiac & Cardiovascular Systems; Genetics & Heredity,CIRC-GENOM PRECIS ME,12,24,29,29,5,17,7,57,0.4137931034482758,0.8275862068965517,0.5087719298245614,0.1724137931034483,0.5862068965517241,0.2413793103448276
Circulation-Genomic and Precision Medicine,2022,2574-8300,1,2019,Genetics & Heredity,Cardiac & Cardiovascular Systems; Genetics & Heredity,CIRC-GENOM PRECIS ME,3,17,20,20,3,17,0,46,0.15,0.85,0.4347826086956521,0.15,0.85,0.0
Circulation-Genomic and Precision Medicine,2023,2574-8300,1,2019,Genetics & Heredity,Cardiac & Cardiovascular Systems; Genetics & Heredity,CIRC-GENOM PRECIS ME,3,17,20,20,3,17,0,40,0.15,0.85,0.5,0.15,0.85,0.0
Circulation-Genomic and Precision Medicine,2024,2574-8300,1,2019,Genetics & Heredity,Cardiac & Cardiovascular Systems; Genetics & Heredity,CIRC-GENOM PRECIS ME,3,16,17,17,1,14,2,30,0.1764705882352941,0.9411764705882352,0.5666666666666667,0.0588235294117647,0.8235294117647058,0.1176470588235294
Circulation-Genomic and Precision Medicine,2025,2574-8300,1,2019,Genetics & Heredity,Cardiac & Cardiovascular Systems; Genetics & Heredity,CIRC-GENOM PRECIS ME,8,18,22,22,4,14,4,47,0.3636363636363636,0.8181818181818182,0.4680851063829787,0.1818181818181818,0.6363636363636364,0.1818181818181818
Clinical & Translational Immunology,2012,2050-0068,1,2021,Immunology,Immunology,CLIN TRANSL IMMUNOL,0,1,1,1,0,1,0,1,0.0,1.0,1.0,0.0,1.0,0.0
Clinical & Translational Immunology,2013,2050-0068,1,2021,Immunology,Immunology,CLIN TRANSL IMMUNOL,2,3,4,4,1,2,1,4,0.5,0.75,1.0,0.25,0.5,0.25
Clinical & Translational Immunology,2014,2050-0068,1,2021,Immunology,Immunology,CLIN TRANSL IMMUNOL,5,3,6,6,3,1,2,7,0.8333333333333334,0.5,0.8571428571428571,0.5,0.1666666666666666,0.3333333333333333
Clinical & Translational Immunology,2015,2050-0068,1,2021,Immunology,Immunology,CLIN TRANSL IMMUNOL,13,8,13,13,5,0,8,15,1.0,0.6153846153846154,0.8666666666666667,0.3846153846153846,0.0,0.6153846153846154
Clinical & Translational Immunology,2016,2050-0068,1,2021,Immunology,Immunology,CLIN TRANSL IMMUNOL,11,15,20,20,5,9,6,29,0.55,0.75,0.6896551724137931,0.25,0.45,0.3
Clinical & Translational Immunology,2017,2050-0068,1,2021,Immunology,Immunology,CLIN TRANSL IMMUNOL,8,14,16,16,2,8,6,19,0.5,0.875,0.8421052631578947,0.125,0.5,0.375
Clinical & Translational Immunology,2018,2050-0068,1,2021,Immunology,Immunology,CLIN TRANSL IMMUNOL,2,10,10,10,0,8,2,11,0.2,1.0,0.9090909090909092,0.0,0.8,0.2
Clinical & Translational Immunology,2019,2050-0068,1,2021,Immunology,Immunology,CLIN TRANSL IMMUNOL,5,14,14,14,0,9,5,19,0.3571428571428571,1.0,0.7368421052631579,0.0,0.6428571428571429,0.3571428571428571
Clinical & Translational Immunology,2020,2050-0068,1,2021,Immunology,Immunology,CLIN TRANSL IMMUNOL,44,77,86,86,9,42,35,101,0.5116279069767442,0.8953488372093024,0.8514851485148515,0.1046511627906976,0.4883720930232558,0.4069767441860465
Clinical & Translational Immunology,2021,2050-0068,1,2021,Immunology,Immunology,CLIN TRANSL IMMUNOL,40,90,95,95,5,55,35,104,0.4210526315789473,0.9473684210526316,0.9134615384615384,0.0526315789473684,0.5789473684210527,0.3684210526315789
Clinical & Translational Immunology,2022,2050-0068,1,2021,Immunology,Immunology,CLIN TRANSL IMMUNOL,25,50,59,59,9,34,16,62,0.423728813559322,0.847457627118644,0.9516129032258064,0.1525423728813559,0.576271186440678,0.2711864406779661
Clinical & Translational Immunology,2023,2050-0068,1,2021,Immunology,Immunology,CLIN TRANSL IMMUNOL,9,30,30,30,0,21,9,34,0.3,1.0,0.8823529411764706,0.0,0.7,0.3
Clinical & Translational Immunology,2024,2050-0068,1,2021,Immunology,Immunology,CLIN TRANSL IMMUNOL,14,45,49,49,4,35,10,58,0.2857142857142857,0.9183673469387756,0.8448275862068966,0.0816326530612244,0.7142857142857143,0.2040816326530612
Clinical & Translational Immunology,2025,2050-0068,1,2021,Immunology,Immunology,CLIN TRANSL IMMUNOL,7,34,34,34,0,27,7,38,0.2058823529411764,1.0,0.8947368421052632,0.0,0.7941176470588235,0.2058823529411764
Clinical Cancer Research,2010,1557-3265,1,2016,Oncology,Oncology,CLIN CANCER RES,254,157,323,323,166,69,88,536,0.7863777089783281,0.4860681114551083,0.6026119402985075,0.5139318885448917,0.2136222910216718,0.2724458204334365
Clinical Cancer Research,2011,1557-3265,1,2016,Oncology,Oncology,CLIN CANCER RES,351,241,467,467,226,116,125,691,0.7516059957173448,0.5160599571734475,0.6758321273516642,0.4839400428265524,0.2483940042826552,0.2676659528907923
Clinical Cancer Research,2012,1557-3265,1,2016,Oncology,Oncology,CLIN CANCER RES,282,198,365,365,167,83,115,584,0.7726027397260274,0.5424657534246575,0.625,0.4575342465753425,0.2273972602739726,0.3150684931506849
Clinical Cancer Research,2013,1557-3265,1,2016,Oncology,Oncology,CLIN CANCER RES,313,231,395,395,164,82,149,570,0.7924050632911392,0.5848101265822785,0.6929824561403509,0.4151898734177215,0.2075949367088607,0.3772151898734177
Clinical Cancer Research,2014,1557-3265,1,2016,Oncology,Oncology,CLIN CANCER RES,279,197,349,349,152,70,127,516,0.7994269340974212,0.5644699140401146,0.6763565891472868,0.4355300859598854,0.2005730659025787,0.3638968481375358
Clinical Cancer Research,2015,1557-3265,1,2016,Oncology,Oncology,CLIN CANCER RES,233,213,326,326,113,93,120,473,0.7147239263803681,0.6533742331288344,0.6892177589852009,0.3466257668711656,0.2852760736196319,0.3680981595092024
Clinical Cancer Research,2016,1557-3265,1,2016,Oncology,Oncology,CLIN CANCER RES,276,243,375,375,132,99,144,525,0.736,0.648,0.7142857142857143,0.352,0.264,0.384
Clinical Cancer Research,2017,1557-3265,1,2016,Oncology,Oncology,CLIN CANCER RES,344,359,484,484,125,140,219,665,0.7107438016528925,0.7417355371900827,0.7278195488721805,0.2582644628099173,0.2892561983471074,0.4524793388429752
Clinical Cancer Research,2018,1557-3265,1,2016,Oncology,Oncology,CLIN CANCER RES,298,296,402,402,106,104,192,542,0.7412935323383084,0.736318407960199,0.7416974169741697,0.263681592039801,0.2587064676616915,0.4776119402985074
Clinical Cancer Research,2019,1557-3265,1,2016,Oncology,Oncology,CLIN CANCER RES,311,334,448,448,114,137,197,614,0.6941964285714286,0.7455357142857143,0.7296416938110749,0.2544642857142857,0.3058035714285714,0.4397321428571428
Clinical Cancer Research,2020,1557-3265,1,2016,Oncology,Oncology,CLIN CANCER RES,202,308,371,371,63,169,139,536,0.5444743935309974,0.8301886792452831,0.6921641791044776,0.1698113207547169,0.4555256064690027,0.3746630727762803
Clinical Cancer Research,2021,1557-3265,1,2016,Oncology,Oncology,CLIN CANCER RES,167,301,352,352,51,185,116,517,0.4744318181818182,0.8551136363636364,0.6808510638297872,0.1448863636363636,0.5255681818181818,0.3295454545454545
Clinical Cancer Research,2022,1557-3265,1,2016,Oncology,Oncology,CLIN CANCER RES,126,255,283,283,28,157,98,421,0.4452296819787986,0.901060070671378,0.672209026128266,0.0989399293286219,0.5547703180212014,0.3462897526501767
Clinical Cancer Research,2023,1557-3265,1,2016,Oncology,Oncology,CLIN CANCER RES,94,231,252,252,21,158,73,381,0.373015873015873,0.9166666666666666,0.6614173228346457,0.0833333333333333,0.626984126984127,0.2896825396825397
Clinical Cancer Research,2024,1557-3265,1,2016,Oncology,Oncology,CLIN CANCER RES,103,270,288,288,18,185,85,442,0.3576388888888889,0.9375,0.6515837104072398,0.0625,0.6423611111111112,0.2951388888888889
Clinical Cancer Research,2025,1557-3265,1,2016,Oncology,Oncology,CLIN CANCER RES,80,271,287,287,16,207,64,471,0.2787456445993031,0.9442508710801394,0.6093418259023354,0.0557491289198606,0.7212543554006968,0.2229965156794425
Clinical Epigenetics,2011,1868-7083,0,,Genetics & Heredity,Genetics & Heredity; Oncology,CLIN EPIGENETICS,8,1,8,8,7,0,1,42,1.0,0.125,0.1904761904761904,0.875,0.0,0.125
Clinical Epigenetics,2012,1868-7083,0,,Genetics & Heredity,Genetics & Heredity; Oncology,CLIN EPIGENETICS,6,5,9,9,4,3,2,22,0.6666666666666666,0.5555555555555556,0.4090909090909091,0.4444444444444444,0.3333333333333333,0.2222222222222222
Clinical Epigenetics,2013,1868-7083,0,,Genetics & Heredity,Genetics & Heredity; Oncology,CLIN EPIGENETICS,8,7,14,14,7,6,1,21,0.5714285714285714,0.5,0.6666666666666666,0.5,0.4285714285714285,0.0714285714285714
Clinical Epigenetics,2014,1868-7083,0,,Genetics & Heredity,Genetics & Heredity; Oncology,CLIN EPIGENETICS,13,15,22,22,7,9,6,30,0.5909090909090909,0.6818181818181818,0.7333333333333333,0.3181818181818182,0.4090909090909091,0.2727272727272727
Clinical Epigenetics,2015,1868-7083,0,,Genetics & Heredity,Genetics & Heredity; Oncology,CLIN EPIGENETICS,53,57,80,80,23,27,30,114,0.6625,0.7125,0.7017543859649122,0.2875,0.3375,0.375
Clinical Epigenetics,2016,1868-7083,0,,Genetics & Heredity,Genetics & Heredity; Oncology,CLIN EPIGENETICS,40,60,76,76,16,36,24,99,0.5263157894736842,0.7894736842105263,0.7676767676767676,0.2105263157894736,0.4736842105263157,0.3157894736842105
Clinical Epigenetics,2017,1868-7083,0,,Genetics & Heredity,Genetics & Heredity; Oncology,CLIN EPIGENETICS,42,62,79,79,17,37,25,110,0.5316455696202531,0.7848101265822784,0.7181818181818181,0.2151898734177215,0.4683544303797468,0.3164556962025316
Clinical Epigenetics,2018,1868-7083,0,,Genetics & Heredity,Genetics & Heredity; Oncology,CLIN EPIGENETICS,61,90,108,108,18,47,43,140,0.5648148148148148,0.8333333333333334,0.7714285714285715,0.1666666666666666,0.4351851851851852,0.3981481481481481
Clinical Epigenetics,2019,1868-7083,0,,Genetics & Heredity,Genetics & Heredity; Oncology,CLIN EPIGENETICS,62,91,119,119,28,57,34,169,0.5210084033613446,0.7647058823529411,0.7041420118343196,0.2352941176470588,0.4789915966386555,0.2857142857142857
Clinical Epigenetics,2020,1868-7083,0,,Genetics & Heredity,Genetics & Heredity; Oncology,CLIN EPIGENETICS,47,95,109,109,14,62,33,155,0.4311926605504587,0.8715596330275229,0.7032258064516129,0.128440366972477,0.5688073394495413,0.3027522935779816
Clinical Epigenetics,2021,1868-7083,0,,Genetics & Heredity,Genetics & Heredity; Oncology,CLIN EPIGENETICS,50,106,123,123,17,73,33,183,0.4065040650406504,0.8617886178861789,0.6721311475409836,0.1382113821138211,0.5934959349593496,0.2682926829268293
Clinical Epigenetics,2022,1868-7083,0,,Genetics & Heredity,Genetics & Heredity; Oncology,CLIN EPIGENETICS,45,101,108,108,7,63,38,168,0.4166666666666667,0.9351851851851852,0.6428571428571429,0.0648148148148148,0.5833333333333334,0.3518518518518518
Clinical Epigenetics,2023,1868-7083,0,,Genetics & Heredity,Genetics & Heredity; Oncology,CLIN EPIGENETICS,54,104,121,121,17,67,37,166,0.4462809917355372,0.859504132231405,0.7289156626506024,0.140495867768595,0.5537190082644629,0.3057851239669421
Clinical Epigenetics,2024,1868-7083,0,,Genetics & Heredity,Genetics & Heredity; Oncology,CLIN EPIGENETICS,35,90,98,98,8,63,27,145,0.3571428571428571,0.9183673469387756,0.6758620689655173,0.0816326530612244,0.6428571428571429,0.2755102040816326
Clinical Epigenetics,2025,1868-7083,0,,Genetics & Heredity,Genetics & Heredity; Oncology,CLIN EPIGENETICS,53,111,124,124,13,71,40,191,0.4274193548387097,0.8951612903225806,0.6492146596858639,0.1048387096774193,0.5725806451612904,0.3225806451612903
Clinical Physiology and Functional Imaging,2010,1475-097X,0,,Physiology,Physiology,CLIN PHYSIOL FUNCT I,13,11,22,22,11,9,2,64,0.5909090909090909,0.5,0.34375,0.5,0.4090909090909091,0.0909090909090909
Clinical Physiology and Functional Imaging,2011,1475-097X,0,,Physiology,Physiology,CLIN PHYSIOL FUNCT I,15,11,25,25,14,10,1,67,0.6,0.44,0.373134328358209,0.56,0.4,0.04
Clinical Physiology and Functional Imaging,2012,1475-097X,0,,Physiology,Physiology,CLIN PHYSIOL FUNCT I,13,2,15,15,13,2,0,66,0.8666666666666667,0.1333333333333333,0.2272727272727272,0.8666666666666667,0.1333333333333333,0.0
Clinical Physiology and Functional Imaging,2013,1475-097X,0,,Physiology,Physiology,CLIN PHYSIOL FUNCT I,19,5,24,24,19,5,0,58,0.7916666666666666,0.2083333333333333,0.4137931034482758,0.7916666666666666,0.2083333333333333,0.0
Clinical Physiology and Functional Imaging,2014,1475-097X,0,,Physiology,Physiology,CLIN PHYSIOL FUNCT I,17,5,21,21,16,4,1,53,0.8095238095238095,0.238095238095238,0.3962264150943396,0.7619047619047619,0.1904761904761904,0.0476190476190476
Clinical Physiology and Functional Imaging,2015,1475-097X,0,,Physiology,Physiology,CLIN PHYSIOL FUNCT I,21,9,29,29,20,8,1,58,0.7241379310344828,0.3103448275862069,0.5,0.6896551724137931,0.2758620689655172,0.0344827586206896
Clinical Physiology and Functional Imaging,2016,1475-097X,0,,Physiology,Physiology,CLIN PHYSIOL FUNCT I,16,11,24,24,13,8,3,61,0.6666666666666666,0.4583333333333333,0.3934426229508196,0.5416666666666666,0.3333333333333333,0.125
Clinical Physiology and Functional Imaging,2017,1475-097X,0,,Physiology,Physiology,CLIN PHYSIOL FUNCT I,24,14,38,38,24,14,0,97,0.631578947368421,0.3684210526315789,0.3917525773195876,0.631578947368421,0.3684210526315789,0.0
Clinical Physiology and Functional Imaging,2018,1475-097X,0,,Physiology,Physiology,CLIN PHYSIOL FUNCT I,28,17,39,39,22,11,6,116,0.717948717948718,0.4358974358974359,0.3362068965517241,0.5641025641025641,0.282051282051282,0.1538461538461538
Clinical Physiology and Functional Imaging,2019,1475-097X,0,,Physiology,Physiology,CLIN PHYSIOL FUNCT I,6,10,15,15,5,9,1,43,0.4,0.6666666666666666,0.3488372093023256,0.3333333333333333,0.6,0.0666666666666666
Clinical Physiology and Functional Imaging,2020,1475-097X,0,,Physiology,Physiology,CLIN PHYSIOL FUNCT I,6,5,10,10,5,4,1,40,0.6,0.5,0.25,0.5,0.4,0.1
Clinical Physiology and Functional Imaging,2021,1475-097X,0,,Physiology,Physiology,CLIN PHYSIOL FUNCT I,6,11,17,17,6,11,0,50,0.3529411764705882,0.6470588235294118,0.34,0.3529411764705882,0.6470588235294118,0.0
Clinical Physiology and Functional Imaging,2022,1475-097X,0,,Physiology,Physiology,CLIN PHYSIOL FUNCT I,4,11,15,15,4,11,0,44,0.2666666666666666,0.7333333333333333,0.3409090909090909,0.2666666666666666,0.7333333333333333,0.0
Clinical Physiology and Functional Imaging,2023,1475-097X,0,,Physiology,Physiology,CLIN PHYSIOL FUNCT I,6,8,13,13,5,7,1,47,0.4615384615384615,0.6153846153846154,0.2765957446808511,0.3846153846153846,0.5384615384615384,0.0769230769230769
Clinical Physiology and Functional Imaging,2024,1475-097X,0,,Physiology,Physiology,CLIN PHYSIOL FUNCT I,4,13,15,15,2,11,2,42,0.2666666666666666,0.8666666666666667,0.3571428571428571,0.1333333333333333,0.7333333333333333,0.1333333333333333
Clinical Physiology and Functional Imaging,2025,1475-097X,0,,Physiology,Physiology,CLIN PHYSIOL FUNCT I,7,13,18,18,5,11,2,57,0.3888888888888889,0.7222222222222222,0.3157894736842105,0.2777777777777778,0.6111111111111112,0.1111111111111111
Clinical Research in Cardiology,2010,1861-0692,0,,Cardiac & Cardiovascular Systems,Cardiac & Cardiovascular Systems,CLIN RES CARDIOL,20,11,30,30,19,10,1,67,0.6666666666666666,0.3666666666666666,0.4477611940298507,0.6333333333333333,0.3333333333333333,0.0333333333333333
Clinical Research in Cardiology,2011,1861-0692,0,,Cardiac & Cardiovascular Systems,Cardiac & Cardiovascular Systems,CLIN RES CARDIOL,27,24,47,47,23,20,4,90,0.574468085106383,0.5106382978723404,0.5222222222222223,0.4893617021276595,0.425531914893617,0.0851063829787234
Clinical Research in Cardiology,2012,1861-0692,0,,Cardiac & Cardiovascular Systems,Cardiac & Cardiovascular Systems,CLIN RES CARDIOL,18,25,43,43,18,25,0,96,0.4186046511627907,0.5813953488372093,0.4479166666666667,0.4186046511627907,0.5813953488372093,0.0
Clinical Research in Cardiology,2013,1861-0692,0,,Cardiac & Cardiovascular Systems,Cardiac & Cardiovascular Systems,CLIN RES CARDIOL,16,13,27,27,14,11,2,79,0.5925925925925926,0.4814814814814814,0.3417721518987341,0.5185185185185185,0.4074074074074074,0.074074074074074
Clinical Research in Cardiology,2014,1861-0692,0,,Cardiac & Cardiovascular Systems,Cardiac & Cardiovascular Systems,CLIN RES CARDIOL,16,18,29,29,11,13,5,71,0.5517241379310345,0.6206896551724138,0.4084507042253521,0.3793103448275862,0.4482758620689655,0.1724137931034483
Clinical Research in Cardiology,2015,1861-0692,0,,Cardiac & Cardiovascular Systems,Cardiac & Cardiovascular Systems,CLIN RES CARDIOL,23,23,40,40,17,17,6,89,0.575,0.575,0.449438202247191,0.425,0.425,0.15
Clinical Research in Cardiology,2016,1861-0692,0,,Cardiac & Cardiovascular Systems,Cardiac & Cardiovascular Systems,CLIN RES CARDIOL,15,17,29,29,12,14,3,89,0.5172413793103449,0.5862068965517241,0.3258426966292135,0.4137931034482758,0.4827586206896552,0.1034482758620689
Clinical Research in Cardiology,2017,1861-0692,0,,Cardiac & Cardiovascular Systems,Cardiac & Cardiovascular Systems,CLIN RES CARDIOL,12,21,31,31,10,19,2,87,0.3870967741935484,0.6774193548387096,0.3563218390804598,0.3225806451612903,0.6129032258064516,0.064516129032258
Clinical Research in Cardiology,2018,1861-0692,0,,Cardiac & Cardiovascular Systems,Cardiac & Cardiovascular Systems,CLIN RES CARDIOL,13,22,33,33,11,20,2,98,0.3939393939393939,0.6666666666666666,0.336734693877551,0.3333333333333333,0.6060606060606061,0.0606060606060606
Clinical Research in Cardiology,2019,1861-0692,0,,Cardiac & Cardiovascular Systems,Cardiac & Cardiovascular Systems,CLIN RES CARDIOL,16,23,35,35,12,19,4,112,0.4571428571428571,0.6571428571428571,0.3125,0.3428571428571428,0.5428571428571428,0.1142857142857142
Clinical Research in Cardiology,2020,1861-0692,0,,Cardiac & Cardiovascular Systems,Cardiac & Cardiovascular Systems,CLIN RES CARDIOL,23,24,41,41,17,18,6,131,0.5609756097560976,0.5853658536585366,0.3129770992366412,0.4146341463414634,0.4390243902439024,0.1463414634146341
Clinical Research in Cardiology,2021,1861-0692,0,,Cardiac & Cardiovascular Systems,Cardiac & Cardiovascular Systems,CLIN RES CARDIOL,21,33,49,49,16,28,5,144,0.4285714285714285,0.673469387755102,0.3402777777777778,0.3265306122448979,0.5714285714285714,0.1020408163265306
Clinical Research in Cardiology,2022,1861-0692,0,,Cardiac & Cardiovascular Systems,Cardiac & Cardiovascular Systems,CLIN RES CARDIOL,15,35,44,44,9,29,6,103,0.3409090909090909,0.7954545454545454,0.4271844660194174,0.2045454545454545,0.6590909090909091,0.1363636363636363
Clinical Research in Cardiology,2023,1861-0692,0,,Cardiac & Cardiovascular Systems,Cardiac & Cardiovascular Systems,CLIN RES CARDIOL,12,43,49,49,6,37,6,131,0.2448979591836734,0.8775510204081632,0.3740458015267175,0.1224489795918367,0.7551020408163265,0.1224489795918367
Clinical Research in Cardiology,2024,1861-0692,0,,Cardiac & Cardiovascular Systems,Cardiac & Cardiovascular Systems,CLIN RES CARDIOL,12,28,39,39,11,27,1,153,0.3076923076923077,0.717948717948718,0.2549019607843137,0.282051282051282,0.6923076923076923,0.0256410256410256
Clinical Research in Cardiology,2025,1861-0692,0,,Cardiac & Cardiovascular Systems,Cardiac & Cardiovascular Systems,CLIN RES CARDIOL,38,64,97,97,33,59,5,257,0.3917525773195876,0.6597938144329897,0.377431906614786,0.3402061855670103,0.6082474226804123,0.0515463917525773
Clinical and Experimental Pharmacology and Physiology,2010,1440-1681,0,,Physiology,Pharmacology & Pharmacy; Physiology,CLIN EXP PHARMACOL P,108,7,112,112,105,4,3,148,0.9642857142857144,0.0625,0.7567567567567568,0.9375,0.0357142857142857,0.0267857142857142
Clinical and Experimental Pharmacology and Physiology,2011,1440-1681,0,,Physiology,Pharmacology & Pharmacy; Physiology,CLIN EXP PHARMACOL P,73,2,73,73,71,0,2,89,1.0,0.0273972602739726,0.8202247191011236,0.9726027397260274,0.0,0.0273972602739726
Clinical and Experimental Pharmacology and Physiology,2012,1440-1681,0,,Physiology,Pharmacology & Pharmacy; Physiology,CLIN EXP PHARMACOL P,64,5,66,66,61,2,3,79,0.9696969696969696,0.0757575757575757,0.8354430379746836,0.9242424242424242,0.0303030303030303,0.0454545454545454
Clinical and Experimental Pharmacology and Physiology,2013,1440-1681,0,,Physiology,Pharmacology & Pharmacy; Physiology,CLIN EXP PHARMACOL P,45,13,52,52,39,7,6,64,0.8653846153846154,0.25,0.8125,0.75,0.1346153846153846,0.1153846153846153
Clinical and Experimental Pharmacology and Physiology,2014,1440-1681,0,,Physiology,Pharmacology & Pharmacy; Physiology,CLIN EXP PHARMACOL P,79,9,84,84,75,5,4,109,0.9404761904761904,0.1071428571428571,0.7706422018348624,0.8928571428571429,0.0595238095238095,0.0476190476190476
Clinical and Experimental Pharmacology and Physiology,2015,1440-1681,0,,Physiology,Pharmacology & Pharmacy; Physiology,CLIN EXP PHARMACOL P,103,20,112,112,92,9,11,137,0.9196428571428572,0.1785714285714285,0.8175182481751825,0.8214285714285714,0.0803571428571428,0.0982142857142857
Clinical and Experimental Pharmacology and Physiology,2016,1440-1681,0,,Physiology,Pharmacology & Pharmacy; Physiology,CLIN EXP PHARMACOL P,93,33,103,103,70,10,23,116,0.9029126213592232,0.3203883495145631,0.8879310344827587,0.6796116504854369,0.0970873786407767,0.2233009708737864
Clinical and Experimental Pharmacology and Physiology,2017,1440-1681,0,,Physiology,Pharmacology & Pharmacy; Physiology,CLIN EXP PHARMACOL P,101,35,111,111,76,10,25,123,0.90990990990991,0.3153153153153153,0.902439024390244,0.6846846846846847,0.09009009009009,0.2252252252252252
Clinical and Experimental Pharmacology and Physiology,2018,1440-1681,0,,Physiology,Pharmacology & Pharmacy; Physiology,CLIN EXP PHARMACOL P,98,24,104,104,80,6,18,119,0.9423076923076924,0.2307692307692307,0.8739495798319328,0.7692307692307693,0.0576923076923076,0.173076923076923
Clinical and Experimental Pharmacology and Physiology,2019,1440-1681,0,,Physiology,Pharmacology & Pharmacy; Physiology,CLIN EXP PHARMACOL P,88,27,94,94,67,6,21,103,0.9361702127659576,0.2872340425531915,0.912621359223301,0.7127659574468085,0.0638297872340425,0.2234042553191489
Clinical and Experimental Pharmacology and Physiology,2020,1440-1681,0,,Physiology,Pharmacology & Pharmacy; Physiology,CLIN EXP PHARMACOL P,147,55,158,158,103,11,44,171,0.930379746835443,0.3481012658227848,0.9239766081871345,0.6518987341772152,0.0696202531645569,0.2784810126582278
Clinical and Experimental Pharmacology and Physiology,2021,1440-1681,0,,Physiology,Pharmacology & Pharmacy; Physiology,CLIN EXP PHARMACOL P,103,43,121,121,78,18,25,141,0.8512396694214877,0.3553719008264462,0.8581560283687943,0.6446280991735537,0.1487603305785124,0.2066115702479339
Clinical and Experimental Pharmacology and Physiology,2022,1440-1681,0,,Physiology,Pharmacology & Pharmacy; Physiology,CLIN EXP PHARMACOL P,85,44,97,97,53,12,32,105,0.8762886597938144,0.4536082474226804,0.923809523809524,0.5463917525773195,0.1237113402061855,0.3298969072164948
Clinical and Experimental Pharmacology and Physiology,2023,1440-1681,0,,Physiology,Pharmacology & Pharmacy; Physiology,CLIN EXP PHARMACOL P,62,34,71,71,37,9,25,81,0.8732394366197183,0.4788732394366197,0.8765432098765432,0.5211267605633803,0.1267605633802817,0.352112676056338
Clinical and Experimental Pharmacology and Physiology,2024,1440-1681,0,,Physiology,Pharmacology & Pharmacy; Physiology,CLIN EXP PHARMACOL P,44,37,64,64,27,20,17,71,0.6875,0.578125,0.9014084507042254,0.421875,0.3125,0.265625
Clinical and Experimental Pharmacology and Physiology,2025,1440-1681,0,,Physiology,Pharmacology & Pharmacy; Physiology,CLIN EXP PHARMACOL P,44,31,58,58,27,14,17,72,0.7586206896551724,0.5344827586206896,0.8055555555555556,0.4655172413793103,0.2413793103448276,0.293103448275862
Clinical and Translational Medicine,2012,2001-1326,0,,Oncology,"Medicine, Research & Experimental; Oncology",CLIN TRANSL MED,0,5,5,5,0,5,0,20,0.0,1.0,0.25,0.0,1.0,0.0
Clinical and Translational Medicine,2013,2001-1326,0,,Oncology,"Medicine, Research & Experimental; Oncology",CLIN TRANSL MED,1,2,2,2,0,1,1,14,0.5,1.0,0.1428571428571428,0.0,0.5,0.5
Clinical and Translational Medicine,2014,2001-1326,0,,Oncology,"Medicine, Research & Experimental; Oncology",CLIN TRANSL MED,8,5,10,10,5,2,3,23,0.8,0.5,0.4347826086956521,0.5,0.2,0.3
Clinical and Translational Medicine,2015,2001-1326,0,,Oncology,"Medicine, Research & Experimental; Oncology",CLIN TRANSL MED,6,6,10,10,4,4,2,32,0.6,0.6,0.3125,0.4,0.4,0.2
Clinical and Translational Medicine,2016,2001-1326,0,,Oncology,"Medicine, Research & Experimental; Oncology",CLIN TRANSL MED,7,10,10,10,0,3,7,26,0.7,1.0,0.3846153846153846,0.0,0.3,0.7
Clinical and Translational Medicine,2017,2001-1326,0,,Oncology,"Medicine, Research & Experimental; Oncology",CLIN TRANSL MED,6,3,8,8,5,2,1,15,0.75,0.375,0.5333333333333333,0.625,0.25,0.125
Clinical and Translational Medicine,2018,2001-1326,0,,Oncology,"Medicine, Research & Experimental; Oncology",CLIN TRANSL MED,5,7,9,9,2,4,3,17,0.5555555555555556,0.7777777777777778,0.5294117647058824,0.2222222222222222,0.4444444444444444,0.3333333333333333
Clinical and Translational Medicine,2019,2001-1326,0,,Oncology,"Medicine, Research & Experimental; Oncology",CLIN TRANSL MED,2,5,5,5,0,3,2,14,0.4,1.0,0.3571428571428571,0.0,0.6,0.4
Clinical and Translational Medicine,2020,2001-1326,0,,Oncology,"Medicine, Research & Experimental; Oncology",CLIN TRANSL MED,58,63,82,82,19,24,39,113,0.7073170731707317,0.7682926829268293,0.7256637168141593,0.2317073170731707,0.2926829268292683,0.4756097560975609
Clinical and Translational Medicine,2021,2001-1326,0,,Oncology,"Medicine, Research & Experimental; Oncology",CLIN TRANSL MED,114,131,145,145,14,31,100,149,0.7862068965517242,0.903448275862069,0.9731543624161074,0.096551724137931,0.2137931034482758,0.6896551724137931
Clinical and Translational Medicine,2022,2001-1326,0,,Oncology,"Medicine, Research & Experimental; Oncology",CLIN TRANSL MED,129,167,184,184,17,55,112,193,0.7010869565217391,0.907608695652174,0.9533678756476685,0.092391304347826,0.2989130434782608,0.6086956521739131
Clinical and Translational Medicine,2023,2001-1326,0,,Oncology,"Medicine, Research & Experimental; Oncology",CLIN TRANSL MED,99,142,150,150,8,51,91,157,0.66,0.9466666666666668,0.9554140127388536,0.0533333333333333,0.34,0.6066666666666667
Clinical and Translational Medicine,2024,2001-1326,0,,Oncology,"Medicine, Research & Experimental; Oncology",CLIN TRANSL MED,84,144,151,151,7,67,77,157,0.5562913907284768,0.9536423841059604,0.961783439490446,0.0463576158940397,0.4437086092715231,0.5099337748344371
Clinical and Translational Medicine,2025,2001-1326,0,,Oncology,"Medicine, Research & Experimental; Oncology",CLIN TRANSL MED,100,181,189,189,8,89,92,192,0.5291005291005291,0.9576719576719576,0.984375,0.0423280423280423,0.4708994708994709,0.4867724867724867
Clinical infectious Diseases,2010,1537-6591,0,,Immunology,Immunology; Infectious Diseases; Microbiology,CLIN INFECT DIS,32,51,74,74,23,42,9,262,0.4324324324324324,0.6891891891891891,0.2824427480916031,0.3108108108108108,0.5675675675675675,0.1216216216216216
Clinical infectious Diseases,2011,1537-6591,0,,Immunology,Immunology; Infectious Diseases; Microbiology,CLIN INFECT DIS,41,56,89,89,33,48,8,275,0.4606741573033708,0.6292134831460674,0.3236363636363636,0.3707865168539326,0.5393258426966292,0.0898876404494382
Clinical infectious Diseases,2012,1537-6591,0,,Immunology,Immunology; Infectious Diseases; Microbiology,CLIN INFECT DIS,38,64,97,97,33,59,5,384,0.3917525773195876,0.6597938144329897,0.2526041666666667,0.3402061855670103,0.6082474226804123,0.0515463917525773
Clinical infectious Diseases,2013,1537-6591,0,,Immunology,Immunology; Infectious Diseases; Microbiology,CLIN INFECT DIS,25,54,73,73,19,48,6,320,0.3424657534246575,0.7397260273972602,0.228125,0.2602739726027397,0.6575342465753424,0.0821917808219178
Clinical infectious Diseases,2014,1537-6591,0,,Immunology,Immunology; Infectious Diseases; Microbiology,CLIN INFECT DIS,29,45,71,71,26,42,3,338,0.4084507042253521,0.6338028169014085,0.2100591715976331,0.3661971830985915,0.5915492957746479,0.0422535211267605
Clinical infectious Diseases,2015,1537-6591,0,,Immunology,Immunology; Infectious Diseases; Microbiology,CLIN INFECT DIS,39,83,114,114,31,75,8,409,0.3421052631578947,0.7280701754385965,0.2787286063569682,0.2719298245614035,0.6578947368421053,0.0701754385964912
Clinical infectious Diseases,2016,1537-6591,0,,Immunology,Immunology; Infectious Diseases; Microbiology,CLIN INFECT DIS,34,71,98,98,27,64,7,375,0.3469387755102041,0.7244897959183674,0.2613333333333333,0.2755102040816326,0.6530612244897959,0.0714285714285714
Clinical infectious Diseases,2017,1537-6591,0,,Immunology,Immunology; Infectious Diseases; Microbiology,CLIN INFECT DIS,52,101,135,135,34,83,18,443,0.3851851851851852,0.7481481481481481,0.3047404063205418,0.2518518518518518,0.6148148148148148,0.1333333333333333
Clinical infectious Diseases,2018,1537-6591,0,,Immunology,Immunology; Infectious Diseases; Microbiology,CLIN INFECT DIS,55,117,153,153,36,98,19,475,0.3594771241830065,0.7647058823529411,0.3221052631578947,0.2352941176470588,0.6405228758169934,0.1241830065359477
Clinical infectious Diseases,2019,1537-6591,0,,Immunology,Immunology; Infectious Diseases; Microbiology,CLIN INFECT DIS,48,109,146,146,37,98,11,522,0.3287671232876712,0.7465753424657534,0.2796934865900383,0.2534246575342466,0.6712328767123288,0.0753424657534246
Clinical infectious Diseases,2020,1537-6591,0,,Immunology,Immunology; Infectious Diseases; Microbiology,CLIN INFECT DIS,71,163,214,214,51,143,20,773,0.3317757009345794,0.7616822429906542,0.276843467011643,0.2383177570093458,0.6682242990654206,0.0934579439252336
Clinical infectious Diseases,2021,1537-6591,0,,Immunology,Immunology; Infectious Diseases; Microbiology,CLIN INFECT DIS,91,313,375,375,62,284,29,1154,0.2426666666666666,0.8346666666666667,0.3249566724436741,0.1653333333333333,0.7573333333333333,0.0773333333333333
Clinical infectious Diseases,2022,1537-6591,0,,Immunology,Immunology; Infectious Diseases; Microbiology,CLIN INFECT DIS,50,180,209,209,29,159,21,602,0.2392344497607655,0.861244019138756,0.3471760797342192,0.138755980861244,0.7607655502392344,0.1004784688995215
Clinical infectious Diseases,2023,1537-6591,0,,Immunology,Immunology; Infectious Diseases; Microbiology,CLIN INFECT DIS,37,150,172,172,22,135,15,583,0.2151162790697674,0.872093023255814,0.2950257289879931,0.127906976744186,0.7848837209302325,0.0872093023255814
Clinical infectious Diseases,2024,1537-6591,0,,Immunology,Immunology; Infectious Diseases; Microbiology,CLIN INFECT DIS,24,56,76,76,20,52,4,321,0.3157894736842105,0.7368421052631579,0.2367601246105919,0.2631578947368421,0.6842105263157895,0.0526315789473684
Clinical infectious Diseases,2025,1537-6591,0,,Immunology,Immunology; Infectious Diseases; Microbiology,CLIN INFECT DIS,37,84,111,111,27,74,10,472,0.3333333333333333,0.7567567567567568,0.2351694915254237,0.2432432432432432,0.6666666666666666,0.09009009009009
Comparative Biochemistry and Physiology A-Molecular & integrative Physiology,2010,1531-4332,0,,Physiology,Biochemistry & Molecular Biology; Physiology; Zoology,COMP BIOCHEM PHYS A,111,10,114,114,104,3,7,167,0.9736842105263158,0.087719298245614,0.6826347305389222,0.912280701754386,0.0263157894736842,0.0614035087719298
Comparative Biochemistry and Physiology A-Molecular & integrative Physiology,2011,1531-4332,0,,Physiology,Biochemistry & Molecular Biology; Physiology; Zoology,COMP BIOCHEM PHYS A,116,17,124,124,107,8,9,172,0.935483870967742,0.1370967741935483,0.7209302325581395,0.8629032258064516,0.064516129032258,0.0725806451612903
Comparative Biochemistry and Physiology A-Molecular & integrative Physiology,2012,1531-4332,0,,Physiology,Biochemistry & Molecular Biology; Physiology; Zoology,COMP BIOCHEM PHYS A,104,22,115,115,93,11,11,159,0.9043478260869564,0.1913043478260869,0.7232704402515723,0.808695652173913,0.0956521739130434,0.0956521739130434
Comparative Biochemistry and Physiology A-Molecular & integrative Physiology,2013,1531-4332,0,,Physiology,Biochemistry & Molecular Biology; Physiology; Zoology,COMP BIOCHEM PHYS A,141,22,150,150,128,9,13,203,0.94,0.1466666666666666,0.7389162561576355,0.8533333333333334,0.06,0.0866666666666666
Comparative Biochemistry and Physiology A-Molecular & integrative Physiology,2014,1531-4332,0,,Physiology,Biochemistry & Molecular Biology; Physiology; Zoology,COMP BIOCHEM PHYS A,88,18,94,94,76,6,12,119,0.9361702127659576,0.1914893617021276,0.7899159663865546,0.8085106382978723,0.0638297872340425,0.1276595744680851
Comparative Biochemistry and Physiology A-Molecular & integrative Physiology,2015,1531-4332,0,,Physiology,Biochemistry & Molecular Biology; Physiology; Zoology,COMP BIOCHEM PHYS A,143,24,156,156,132,13,11,195,0.9166666666666666,0.1538461538461538,0.8,0.8461538461538461,0.0833333333333333,0.0705128205128205
Comparative Biochemistry and Physiology A-Molecular & integrative Physiology,2016,1531-4332,0,,Physiology,Biochemistry & Molecular Biology; Physiology; Zoology,COMP BIOCHEM PHYS A,93,12,98,98,86,5,7,132,0.9489795918367347,0.1224489795918367,0.7424242424242424,0.8775510204081632,0.0510204081632653,0.0714285714285714
Comparative Biochemistry and Physiology A-Molecular & integrative Physiology,2017,1531-4332,0,,Physiology,Biochemistry & Molecular Biology; Physiology; Zoology,COMP BIOCHEM PHYS A,113,24,127,127,103,14,10,166,0.889763779527559,0.1889763779527559,0.7650602409638554,0.8110236220472441,0.1102362204724409,0.0787401574803149
Comparative Biochemistry and Physiology A-Molecular & integrative Physiology,2018,1531-4332,0,,Physiology,Biochemistry & Molecular Biology; Physiology; Zoology,COMP BIOCHEM PHYS A,74,19,81,81,62,7,12,92,0.9135802469135802,0.2345679012345679,0.8804347826086957,0.7654320987654321,0.0864197530864197,0.1481481481481481
Comparative Biochemistry and Physiology A-Molecular & integrative Physiology,2019,1531-4332,0,,Physiology,Biochemistry & Molecular Biology; Physiology; Zoology,COMP BIOCHEM PHYS A,120,31,136,136,105,16,15,167,0.8823529411764706,0.2279411764705882,0.8143712574850299,0.7720588235294118,0.1176470588235294,0.1102941176470588
Comparative Biochemistry and Physiology A-Molecular & integrative Physiology,2020,1531-4332,0,,Physiology,Biochemistry & Molecular Biology; Physiology; Zoology,COMP BIOCHEM PHYS A,71,46,102,102,56,31,15,127,0.696078431372549,0.4509803921568627,0.8031496062992126,0.5490196078431373,0.3039215686274509,0.1470588235294117
Comparative Biochemistry and Physiology A-Molecular & integrative Physiology,2021,1531-4332,0,,Physiology,Biochemistry & Molecular Biology; Physiology; Zoology,COMP BIOCHEM PHYS A,72,48,108,108,60,36,12,130,0.6666666666666666,0.4444444444444444,0.8307692307692308,0.5555555555555556,0.3333333333333333,0.1111111111111111
Comparative Biochemistry and Physiology A-Molecular & integrative Physiology,2022,1531-4332,0,,Physiology,Biochemistry & Molecular Biology; Physiology; Zoology,COMP BIOCHEM PHYS A,78,40,107,107,67,29,11,132,0.7289719626168224,0.3738317757009345,0.8106060606060606,0.6261682242990654,0.2710280373831775,0.102803738317757
Comparative Biochemistry and Physiology A-Molecular & integrative Physiology,2023,1531-4332,0,,Physiology,Biochemistry & Molecular Biology; Physiology; Zoology,COMP BIOCHEM PHYS A,50,30,71,71,41,21,9,94,0.704225352112676,0.4225352112676056,0.7553191489361702,0.5774647887323944,0.2957746478873239,0.1267605633802817
Comparative Biochemistry and Physiology A-Molecular & integrative Physiology,2024,1531-4332,0,,Physiology,Biochemistry & Molecular Biology; Physiology; Zoology,COMP BIOCHEM PHYS A,65,49,102,102,53,37,12,126,0.6372549019607843,0.4803921568627451,0.8095238095238095,0.5196078431372549,0.3627450980392157,0.1176470588235294
Comparative Biochemistry and Physiology A-Molecular & integrative Physiology,2025,1531-4332,0,,Physiology,Biochemistry & Molecular Biology; Physiology; Zoology,COMP BIOCHEM PHYS A,60,81,117,117,36,57,24,137,0.5128205128205128,0.6923076923076923,0.8540145985401459,0.3076923076923077,0.4871794871794871,0.2051282051282051
Conservation Physiology,2013,2051-1434,0,,Physiology,Biodiversity Conservation; Ecology; Environmental Sciences; Physiology,CONSERV PHYSIOL,11,5,15,15,10,4,1,30,0.7333333333333333,0.3333333333333333,0.5,0.6666666666666666,0.2666666666666666,0.0666666666666666
Conservation Physiology,2014,2051-1434,0,,Physiology,Biodiversity Conservation; Ecology; Environmental Sciences; Physiology,CONSERV PHYSIOL,18,17,34,34,17,16,1,61,0.5294117647058824,0.5,0.5573770491803278,0.5,0.4705882352941176,0.0294117647058823
Conservation Physiology,2015,2051-1434,0,,Physiology,Biodiversity Conservation; Ecology; Environmental Sciences; Physiology,CONSERV PHYSIOL,18,17,31,31,14,13,4,62,0.5806451612903226,0.5483870967741935,0.5,0.4516129032258064,0.4193548387096774,0.1290322580645161
Conservation Physiology,2016,2051-1434,0,,Physiology,Biodiversity Conservation; Ecology; Environmental Sciences; Physiology,CONSERV PHYSIOL,29,24,47,47,23,18,6,79,0.6170212765957447,0.5106382978723404,0.5949367088607594,0.4893617021276595,0.3829787234042553,0.1276595744680851
Conservation Physiology,2017,2051-1434,0,,Physiology,Biodiversity Conservation; Ecology; Environmental Sciences; Physiology,CONSERV PHYSIOL,23,21,37,37,16,14,7,59,0.6216216216216216,0.5675675675675675,0.6271186440677966,0.4324324324324324,0.3783783783783784,0.1891891891891892
Conservation Physiology,2018,2051-1434,0,,Physiology,Biodiversity Conservation; Ecology; Environmental Sciences; Physiology,CONSERV PHYSIOL,22,20,36,36,16,14,6,64,0.6111111111111112,0.5555555555555556,0.5625,0.4444444444444444,0.3888888888888889,0.1666666666666666
Conservation Physiology,2019,2051-1434,0,,Physiology,Biodiversity Conservation; Ecology; Environmental Sciences; Physiology,CONSERV PHYSIOL,31,43,67,67,24,36,7,96,0.4626865671641791,0.6417910447761194,0.6979166666666666,0.3582089552238806,0.5373134328358209,0.1044776119402985
Conservation Physiology,2020,2051-1434,0,,Physiology,Biodiversity Conservation; Ecology; Environmental Sciences; Physiology,CONSERV PHYSIOL,27,59,78,78,19,51,8,121,0.3461538461538461,0.7564102564102564,0.6446280991735537,0.2435897435897435,0.6538461538461539,0.1025641025641025
Conservation Physiology,2021,2051-1434,0,,Physiology,Biodiversity Conservation; Ecology; Environmental Sciences; Physiology,CONSERV PHYSIOL,14,45,54,54,9,40,5,107,0.2592592592592592,0.8333333333333334,0.5046728971962616,0.1666666666666666,0.7407407407407407,0.0925925925925925
Conservation Physiology,2022,2051-1434,0,,Physiology,Biodiversity Conservation; Ecology; Environmental Sciences; Physiology,CONSERV PHYSIOL,14,26,34,34,8,20,6,71,0.4117647058823529,0.7647058823529411,0.4788732394366197,0.2352941176470588,0.5882352941176471,0.1764705882352941
Conservation Physiology,2023,2051-1434,0,,Physiology,Biodiversity Conservation; Ecology; Environmental Sciences; Physiology,CONSERV PHYSIOL,16,54,61,61,7,45,9,107,0.2622950819672131,0.8852459016393442,0.5700934579439252,0.1147540983606557,0.7377049180327869,0.1475409836065573
Conservation Physiology,2024,2051-1434,0,,Physiology,Biodiversity Conservation; Ecology; Environmental Sciences; Physiology,CONSERV PHYSIOL,12,44,51,51,7,39,5,90,0.2352941176470588,0.8627450980392157,0.5666666666666667,0.1372549019607843,0.7647058823529411,0.0980392156862745
Conservation Physiology,2025,2051-1434,0,,Physiology,Biodiversity Conservation; Ecology; Environmental Sciences; Physiology,CONSERV PHYSIOL,9,48,54,54,6,45,3,83,0.1666666666666666,0.8888888888888888,0.6506024096385542,0.1111111111111111,0.8333333333333334,0.0555555555555555
Diabetes,2010,1939-327X,1,2017,Endocrinology & Metabolism,Endocrinology & Metabolism,DIABETES,260,62,273,273,211,13,49,341,0.9523809523809524,0.2271062271062271,0.8005865102639296,0.7728937728937729,0.0476190476190476,0.1794871794871795
Diabetes,2011,1939-327X,1,2017,Endocrinology & Metabolism,Endocrinology & Metabolism,DIABETES,270,60,283,283,223,13,47,331,0.9540636042402828,0.2120141342756183,0.8549848942598187,0.7879858657243817,0.0459363957597173,0.166077738515901
Diabetes,2012,1939-327X,1,2017,Endocrinology & Metabolism,Endocrinology & Metabolism,DIABETES,260,71,280,280,209,20,51,318,0.9285714285714286,0.2535714285714285,0.8805031446540881,0.7464285714285714,0.0714285714285714,0.1821428571428571
Diabetes,2013,1939-327X,1,2017,Endocrinology & Metabolism,Endocrinology & Metabolism,DIABETES,314,84,337,337,253,23,61,383,0.9317507418397626,0.2492581602373887,0.8798955613577023,0.7507418397626113,0.0682492581602373,0.1810089020771513
Diabetes,2014,1939-327X,1,2017,Endocrinology & Metabolism,Endocrinology & Metabolism,DIABETES,269,103,297,297,194,28,75,334,0.9057239057239056,0.3468013468013468,0.8892215568862275,0.6531986531986532,0.0942760942760942,0.2525252525252525
Diabetes,2015,1939-327X,1,2017,Endocrinology & Metabolism,Endocrinology & Metabolism,DIABETES,286,100,305,305,205,19,81,336,0.9377049180327868,0.3278688524590163,0.9077380952380952,0.6721311475409836,0.0622950819672131,0.2655737704918032
Diabetes,2016,1939-327X,1,2017,Endocrinology & Metabolism,Endocrinology & Metabolism,DIABETES,231,117,257,257,140,26,91,293,0.8988326848249028,0.4552529182879377,0.8771331058020477,0.5447470817120622,0.1011673151750972,0.3540856031128405
Diabetes,2017,1939-327X,1,2017,Endocrinology & Metabolism,Endocrinology & Metabolism,DIABETES,203,112,219,219,107,16,96,256,0.9269406392694064,0.5114155251141552,0.85546875,0.4885844748858447,0.0730593607305936,0.4383561643835616
Diabetes,2018,1939-327X,1,2017,Endocrinology & Metabolism,Endocrinology & Metabolism,DIABETES,149,132,180,180,48,31,101,209,0.8277777777777777,0.7333333333333333,0.861244019138756,0.2666666666666666,0.1722222222222222,0.5611111111111111
Diabetes,2019,1939-327X,1,2017,Endocrinology & Metabolism,Endocrinology & Metabolism,DIABETES,100,115,143,143,28,43,72,171,0.6993006993006993,0.8041958041958042,0.8362573099415205,0.1958041958041958,0.3006993006993007,0.5034965034965035
Diabetes,2020,1939-327X,1,2017,Endocrinology & Metabolism,Endocrinology & Metabolism,DIABETES,82,146,162,162,16,80,66,195,0.5061728395061729,0.9012345679012346,0.8307692307692308,0.0987654320987654,0.4938271604938271,0.4074074074074074
Diabetes,2021,1939-327X,1,2017,Endocrinology & Metabolism,Endocrinology & Metabolism,DIABETES,76,157,173,173,16,97,60,206,0.4393063583815029,0.907514450867052,0.8398058252427184,0.0924855491329479,0.5606936416184971,0.3468208092485549
Diabetes,2022,1939-327X,1,2017,Endocrinology & Metabolism,Endocrinology & Metabolism,DIABETES,68,141,156,156,15,88,53,187,0.4358974358974359,0.903846153846154,0.8342245989304813,0.0961538461538461,0.5641025641025641,0.3397435897435897
Diabetes,2023,1939-327X,1,2017,Endocrinology & Metabolism,Endocrinology & Metabolism,DIABETES,43,106,113,113,7,70,36,137,0.3805309734513274,0.9380530973451328,0.8248175182481752,0.0619469026548672,0.6194690265486725,0.3185840707964602
Diabetes,2024,1939-327X,1,2017,Endocrinology & Metabolism,Endocrinology & Metabolism,DIABETES,54,113,126,126,13,72,41,149,0.4285714285714285,0.8968253968253969,0.8456375838926175,0.1031746031746031,0.5714285714285714,0.3253968253968254
Diabetes,2025,1939-327X,1,2017,Endocrinology & Metabolism,Endocrinology & Metabolism,DIABETES,47,131,139,139,8,92,39,176,0.3381294964028777,0.9424460431654677,0.7897727272727273,0.0575539568345323,0.6618705035971223,0.2805755395683453
Diabetes & Metabolism Journal,2011,2233-6087,0,,Endocrinology & Metabolism,Endocrinology & Metabolism,DIABETES METAB J,28,5,31,31,26,3,2,73,0.9032258064516128,0.1612903225806451,0.4246575342465753,0.8387096774193549,0.0967741935483871,0.064516129032258
Diabetes & Metabolism Journal,2012,2233-6087,0,,Endocrinology & Metabolism,Endocrinology & Metabolism,DIABETES METAB J,9,1,10,10,9,1,0,53,0.9,0.1,0.1886792452830188,0.9,0.1,0.0
Diabetes & Metabolism Journal,2013,2233-6087,0,,Endocrinology & Metabolism,Endocrinology & Metabolism,DIABETES METAB J,14,1,15,15,14,1,0,47,0.9333333333333332,0.0666666666666666,0.3191489361702128,0.9333333333333332,0.0666666666666666,0.0
Diabetes & Metabolism Journal,2014,2233-6087,0,,Endocrinology & Metabolism,Endocrinology & Metabolism,DIABETES METAB J,6,3,9,9,6,3,0,33,0.6666666666666666,0.3333333333333333,0.2727272727272727,0.6666666666666666,0.3333333333333333,0.0
Diabetes & Metabolism Journal,2015,2233-6087,0,,Endocrinology & Metabolism,Endocrinology & Metabolism,DIABETES METAB J,9,0,9,9,9,0,0,39,1.0,0.0,0.2307692307692307,1.0,0.0,0.0
Diabetes & Metabolism Journal,2016,2233-6087,0,,Endocrinology & Metabolism,Endocrinology & Metabolism,DIABETES METAB J,10,5,15,15,10,5,0,34,0.6666666666666666,0.3333333333333333,0.4411764705882353,0.6666666666666666,0.3333333333333333,0.0
Diabetes & Metabolism Journal,2017,2233-6087,0,,Endocrinology & Metabolism,Endocrinology & Metabolism,DIABETES METAB J,8,1,8,8,7,0,1,32,1.0,0.125,0.25,0.875,0.0,0.125
Diabetes & Metabolism Journal,2018,2233-6087,0,,Endocrinology & Metabolism,Endocrinology & Metabolism,DIABETES METAB J,8,5,12,12,7,4,1,38,0.6666666666666666,0.4166666666666667,0.3157894736842105,0.5833333333333334,0.3333333333333333,0.0833333333333333
Diabetes & Metabolism Journal,2019,2233-6087,0,,Endocrinology & Metabolism,Endocrinology & Metabolism,DIABETES METAB J,14,9,20,20,11,6,3,56,0.7,0.45,0.3571428571428571,0.55,0.3,0.15
Diabetes & Metabolism Journal,2020,2233-6087,0,,Endocrinology & Metabolism,Endocrinology & Metabolism,DIABETES METAB J,16,9,22,22,13,6,3,57,0.7272727272727273,0.4090909090909091,0.3859649122807017,0.5909090909090909,0.2727272727272727,0.1363636363636363
Diabetes & Metabolism Journal,2021,2233-6087,0,,Endocrinology & Metabolism,Endocrinology & Metabolism,DIABETES METAB J,17,12,24,24,12,7,5,59,0.7083333333333334,0.5,0.4067796610169492,0.5,0.2916666666666667,0.2083333333333333
Diabetes & Metabolism Journal,2022,2233-6087,0,,Endocrinology & Metabolism,Endocrinology & Metabolism,DIABETES METAB J,13,4,16,16,12,3,1,54,0.8125,0.25,0.2962962962962963,0.75,0.1875,0.0625
Diabetes & Metabolism Journal,2023,2233-6087,0,,Endocrinology & Metabolism,Endocrinology & Metabolism,DIABETES METAB J,13,11,19,19,8,6,5,47,0.6842105263157895,0.5789473684210527,0.4042553191489361,0.4210526315789473,0.3157894736842105,0.2631578947368421
Diabetes & Metabolism Journal,2024,2233-6087,0,,Endocrinology & Metabolism,Endocrinology & Metabolism,DIABETES METAB J,23,14,30,30,16,7,7,51,0.7666666666666667,0.4666666666666667,0.5882352941176471,0.5333333333333333,0.2333333333333333,0.2333333333333333
Diabetes & Metabolism Journal,2025,2233-6087,0,,Endocrinology & Metabolism,Endocrinology & Metabolism,DIABETES METAB J,31,38,52,52,14,21,17,92,0.5961538461538461,0.7307692307692307,0.5652173913043478,0.2692307692307692,0.4038461538461538,0.3269230769230769
Diabetes Care,2010,1935-5548,0,,Endocrinology & Metabolism,Endocrinology & Metabolism,DIABETES CARE,58,27,81,81,54,23,4,299,0.7160493827160493,0.3333333333333333,0.2709030100334448,0.6666666666666666,0.2839506172839506,0.0493827160493827
Diabetes Care,2011,1935-5548,0,,Endocrinology & Metabolism,Endocrinology & Metabolism,DIABETES CARE,48,25,67,67,42,19,6,317,0.7164179104477612,0.373134328358209,0.2113564668769716,0.6268656716417911,0.2835820895522388,0.0895522388059701
Diabetes Care,2012,1935-5548,0,,Endocrinology & Metabolism,Endocrinology & Metabolism,DIABETES CARE,65,26,83,83,57,18,8,314,0.7831325301204819,0.3132530120481928,0.2643312101910828,0.6867469879518072,0.216867469879518,0.0963855421686747
Diabetes Care,2013,1935-5548,0,,Endocrinology & Metabolism,Endocrinology & Metabolism,DIABETES CARE,101,56,148,148,92,47,9,518,0.6824324324324325,0.3783783783783784,0.2857142857142857,0.6216216216216216,0.3175675675675675,0.0608108108108108
Diabetes Care,2014,1935-5548,0,,Endocrinology & Metabolism,Endocrinology & Metabolism,DIABETES CARE,83,37,107,107,70,24,13,363,0.7757009345794392,0.3457943925233644,0.2947658402203856,0.6542056074766355,0.2242990654205607,0.1214953271028037
Diabetes Care,2015,1935-5548,0,,Endocrinology & Metabolism,Endocrinology & Metabolism,DIABETES CARE,55,22,72,72,50,17,5,248,0.7638888888888888,0.3055555555555556,0.2903225806451613,0.6944444444444444,0.2361111111111111,0.0694444444444444
Diabetes Care,2016,1935-5548,0,,Endocrinology & Metabolism,Endocrinology & Metabolism,DIABETES CARE,58,27,80,80,53,22,5,238,0.725,0.3375,0.3361344537815126,0.6625,0.275,0.0625
Diabetes Care,2017,1935-5548,0,,Endocrinology & Metabolism,Endocrinology & Metabolism,DIABETES CARE,35,26,55,55,29,20,6,187,0.6363636363636364,0.4727272727272727,0.2941176470588235,0.5272727272727272,0.3636363636363636,0.109090909090909
Diabetes Care,2018,1935-5548,0,,Endocrinology & Metabolism,Endocrinology & Metabolism,DIABETES CARE,35,22,56,56,34,21,1,267,0.625,0.3928571428571428,0.2097378277153558,0.6071428571428571,0.375,0.0178571428571428
Diabetes Care,2019,1935-5548,0,,Endocrinology & Metabolism,Endocrinology & Metabolism,DIABETES CARE,43,29,67,67,38,24,5,240,0.6417910447761194,0.4328358208955223,0.2791666666666667,0.5671641791044776,0.3582089552238806,0.0746268656716417
Diabetes Care,2020,1935-5548,0,,Endocrinology & Metabolism,Endocrinology & Metabolism,DIABETES CARE,52,41,89,89,48,37,4,312,0.5842696629213483,0.4606741573033708,0.2852564102564102,0.5393258426966292,0.4157303370786517,0.0449438202247191
Diabetes Care,2021,1935-5548,0,,Endocrinology & Metabolism,Endocrinology & Metabolism,DIABETES CARE,42,26,62,62,36,20,6,277,0.6774193548387096,0.4193548387096774,0.223826714801444,0.5806451612903226,0.3225806451612903,0.0967741935483871
Diabetes Care,2022,1935-5548,0,,Endocrinology & Metabolism,Endocrinology & Metabolism,DIABETES CARE,28,54,78,78,24,50,4,283,0.358974358974359,0.6923076923076923,0.2756183745583039,0.3076923076923077,0.6410256410256411,0.0512820512820512
Diabetes Care,2023,1935-5548,0,,Endocrinology & Metabolism,Endocrinology & Metabolism,DIABETES CARE,30,36,58,58,22,28,8,223,0.5172413793103449,0.6206896551724138,0.2600896860986547,0.3793103448275862,0.4827586206896552,0.1379310344827586
Diabetes Care,2024,1935-5548,0,,Endocrinology & Metabolism,Endocrinology & Metabolism,DIABETES CARE,25,36,57,57,21,32,4,212,0.4385964912280701,0.631578947368421,0.2688679245283019,0.3684210526315789,0.5614035087719298,0.0701754385964912
Diabetes Care,2025,1935-5548,0,,Endocrinology & Metabolism,Endocrinology & Metabolism,DIABETES CARE,25,38,56,56,18,31,7,221,0.4464285714285714,0.6785714285714286,0.253393665158371,0.3214285714285714,0.5535714285714286,0.125
Diabetes Obesity & Metabolism,2010,1463-1326,0,,Endocrinology & Metabolism,Endocrinology & Metabolism,DIABETES OBES METAB,48,4,51,51,47,3,1,87,0.9411764705882352,0.0784313725490196,0.5862068965517241,0.9215686274509804,0.0588235294117647,0.0196078431372549
Diabetes Obesity & Metabolism,2011,1463-1326,0,,Endocrinology & Metabolism,Endocrinology & Metabolism,DIABETES OBES METAB,54,6,57,57,51,3,3,91,0.9473684210526316,0.1052631578947368,0.6263736263736264,0.8947368421052632,0.0526315789473684,0.0526315789473684
Diabetes Obesity & Metabolism,2012,1463-1326,0,,Endocrinology & Metabolism,Endocrinology & Metabolism,DIABETES OBES METAB,44,5,47,47,42,3,2,88,0.9361702127659576,0.1063829787234042,0.5340909090909091,0.8936170212765957,0.0638297872340425,0.0425531914893617
Diabetes Obesity & Metabolism,2013,1463-1326,0,,Endocrinology & Metabolism,Endocrinology & Metabolism,DIABETES OBES METAB,41,6,42,42,36,1,5,85,0.9761904761904762,0.1428571428571428,0.4941176470588235,0.8571428571428571,0.0238095238095238,0.119047619047619
Diabetes Obesity & Metabolism,2014,1463-1326,0,,Endocrinology & Metabolism,Endocrinology & Metabolism,DIABETES OBES METAB,39,2,41,41,39,2,0,97,0.951219512195122,0.048780487804878,0.422680412371134,0.951219512195122,0.048780487804878,0.0
Diabetes Obesity & Metabolism,2015,1463-1326,0,,Endocrinology & Metabolism,Endocrinology & Metabolism,DIABETES OBES METAB,42,11,48,48,37,6,5,95,0.875,0.2291666666666666,0.5052631578947369,0.7708333333333334,0.125,0.1041666666666666
Diabetes Obesity & Metabolism,2016,1463-1326,0,,Endocrinology & Metabolism,Endocrinology & Metabolism,DIABETES OBES METAB,40,16,50,50,34,10,6,111,0.8,0.32,0.4504504504504504,0.68,0.2,0.12
Diabetes Obesity & Metabolism,2017,1463-1326,0,,Endocrinology & Metabolism,Endocrinology & Metabolism,DIABETES OBES METAB,56,23,71,71,48,15,8,185,0.7887323943661971,0.323943661971831,0.3837837837837838,0.676056338028169,0.2112676056338028,0.1126760563380281
Diabetes Obesity & Metabolism,2018,1463-1326,0,,Endocrinology & Metabolism,Endocrinology & Metabolism,DIABETES OBES METAB,101,46,132,132,86,31,15,286,0.7651515151515151,0.3484848484848485,0.4615384615384615,0.6515151515151515,0.2348484848484848,0.1136363636363636
Diabetes Obesity & Metabolism,2019,1463-1326,0,,Endocrinology & Metabolism,Endocrinology & Metabolism,DIABETES OBES METAB,74,37,106,106,69,32,5,257,0.6981132075471698,0.3490566037735849,0.4124513618677042,0.6509433962264151,0.3018867924528302,0.0471698113207547
Diabetes Obesity & Metabolism,2020,1463-1326,0,,Endocrinology & Metabolism,Endocrinology & Metabolism,DIABETES OBES METAB,69,41,99,99,58,30,11,216,0.696969696969697,0.4141414141414141,0.4583333333333333,0.5858585858585859,0.303030303030303,0.1111111111111111
Diabetes Obesity & Metabolism,2021,1463-1326,0,,Endocrinology & Metabolism,Endocrinology & Metabolism,DIABETES OBES METAB,53,38,86,86,48,33,5,256,0.6162790697674418,0.4418604651162791,0.3359375,0.5581395348837209,0.3837209302325581,0.0581395348837209
Diabetes Obesity & Metabolism,2022,1463-1326,0,,Endocrinology & Metabolism,Endocrinology & Metabolism,DIABETES OBES METAB,49,30,72,72,42,23,7,172,0.6805555555555556,0.4166666666666667,0.4186046511627907,0.5833333333333334,0.3194444444444444,0.0972222222222222
Diabetes Obesity & Metabolism,2023,1463-1326,0,,Endocrinology & Metabolism,Endocrinology & Metabolism,DIABETES OBES METAB,63,49,102,102,53,39,10,288,0.6176470588235294,0.4803921568627451,0.3541666666666667,0.5196078431372549,0.3823529411764705,0.0980392156862745
Diabetes Obesity & Metabolism,2024,1463-1326,0,,Endocrinology & Metabolism,Endocrinology & Metabolism,DIABETES OBES METAB,85,92,158,158,66,73,19,458,0.5379746835443038,0.5822784810126582,0.3449781659388646,0.4177215189873418,0.4620253164556962,0.120253164556962
Diabetes Obesity & Metabolism,2025,1463-1326,0,,Endocrinology & Metabolism,Endocrinology & Metabolism,DIABETES OBES METAB,96,124,198,198,74,102,22,569,0.4848484848484848,0.6262626262626263,0.3479789103690685,0.3737373737373737,0.5151515151515151,0.1111111111111111
Diabetes Research and Clinical Practice,2010,1872-8227,0,,Endocrinology & Metabolism,Endocrinology & Metabolism,DIABETES RES CLIN PR,46,10,53,53,43,7,3,182,0.8679245283018868,0.1886792452830188,0.2912087912087912,0.8113207547169812,0.1320754716981132,0.0566037735849056
Diabetes Research and Clinical Practice,2011,1872-8227,0,,Endocrinology & Metabolism,Endocrinology & Metabolism,DIABETES RES CLIN PR,51,14,60,60,46,9,5,214,0.85,0.2333333333333333,0.2803738317757009,0.7666666666666667,0.15,0.0833333333333333
Diabetes Research and Clinical Practice,2012,1872-8227,0,,Endocrinology & Metabolism,Endocrinology & Metabolism,DIABETES RES CLIN PR,41,21,58,58,37,17,4,190,0.7068965517241379,0.3620689655172414,0.3052631578947368,0.6379310344827587,0.293103448275862,0.0689655172413793
Diabetes Research and Clinical Practice,2013,1872-8227,0,,Endocrinology & Metabolism,Endocrinology & Metabolism,DIABETES RES CLIN PR,34,16,48,48,32,14,2,163,0.7083333333333334,0.3333333333333333,0.294478527607362,0.6666666666666666,0.2916666666666667,0.0416666666666666
Diabetes Research and Clinical Practice,2014,1872-8227,0,,Endocrinology & Metabolism,Endocrinology & Metabolism,DIABETES RES CLIN PR,48,15,56,56,41,8,7,203,0.8571428571428571,0.2678571428571428,0.2758620689655172,0.7321428571428571,0.1428571428571428,0.125
Diabetes Research and Clinical Practice,2015,1872-8227,0,,Endocrinology & Metabolism,Endocrinology & Metabolism,DIABETES RES CLIN PR,33,20,51,51,31,18,2,193,0.6470588235294118,0.392156862745098,0.2642487046632124,0.6078431372549019,0.3529411764705882,0.0392156862745098
Diabetes Research and Clinical Practice,2016,1872-8227,0,,Endocrinology & Metabolism,Endocrinology & Metabolism,DIABETES RES CLIN PR,33,16,48,48,32,15,1,212,0.6875,0.3333333333333333,0.2264150943396226,0.6666666666666666,0.3125,0.0208333333333333
Diabetes Research and Clinical Practice,2017,1872-8227,0,,Endocrinology & Metabolism,Endocrinology & Metabolism,DIABETES RES CLIN PR,52,17,63,63,46,11,6,194,0.8253968253968254,0.2698412698412698,0.3247422680412371,0.7301587301587301,0.1746031746031746,0.0952380952380952
Diabetes Research and Clinical Practice,2018,1872-8227,0,,Endocrinology & Metabolism,Endocrinology & Metabolism,DIABETES RES CLIN PR,59,41,91,91,50,32,9,312,0.6483516483516484,0.4505494505494505,0.2916666666666667,0.5494505494505495,0.3516483516483517,0.0989010989010989
Diabetes Research and Clinical Practice,2019,1872-8227,0,,Endocrinology & Metabolism,Endocrinology & Metabolism,DIABETES RES CLIN PR,31,33,61,61,28,30,3,264,0.5081967213114754,0.5409836065573771,0.231060606060606,0.4590163934426229,0.4918032786885246,0.0491803278688524
Diabetes Research and Clinical Practice,2020,1872-8227,0,,Endocrinology & Metabolism,Endocrinology & Metabolism,DIABETES RES CLIN PR,45,30,65,65,35,20,10,279,0.6923076923076923,0.4615384615384615,0.2329749103942652,0.5384615384615384,0.3076923076923077,0.1538461538461538
Diabetes Research and Clinical Practice,2021,1872-8227,0,,Endocrinology & Metabolism,Endocrinology & Metabolism,DIABETES RES CLIN PR,50,46,84,84,38,34,12,324,0.5952380952380952,0.5476190476190477,0.2592592592592592,0.4523809523809524,0.4047619047619047,0.1428571428571428
Diabetes Research and Clinical Practice,2022,1872-8227,0,,Endocrinology & Metabolism,Endocrinology & Metabolism,DIABETES RES CLIN PR,39,38,71,71,33,32,6,266,0.5492957746478874,0.5352112676056338,0.2669172932330827,0.4647887323943662,0.4507042253521127,0.0845070422535211
Diabetes Research and Clinical Practice,2023,1872-8227,0,,Endocrinology & Metabolism,Endocrinology & Metabolism,DIABETES RES CLIN PR,42,49,83,83,34,41,8,283,0.5060240963855421,0.5903614457831325,0.293286219081272,0.4096385542168674,0.4939759036144578,0.0963855421686747
Diabetes Research and Clinical Practice,2024,1872-8227,0,,Endocrinology & Metabolism,Endocrinology & Metabolism,DIABETES RES CLIN PR,25,50,72,72,22,47,3,270,0.3472222222222222,0.6944444444444444,0.2666666666666666,0.3055555555555556,0.6527777777777778,0.0416666666666666
Diabetes Research and Clinical Practice,2025,1872-8227,0,,Endocrinology & Metabolism,Endocrinology & Metabolism,DIABETES RES CLIN PR,35,60,87,87,27,52,8,332,0.4022988505747126,0.6896551724137931,0.2620481927710843,0.3103448275862069,0.5977011494252874,0.0919540229885057
Diabetes Technology & Therapeutics,2010,1557-8593,0,,Endocrinology & Metabolism,Endocrinology & Metabolism,DIABETES TECHNOL THE,24,14,35,35,21,11,3,116,0.6857142857142857,0.4,0.3017241379310345,0.6,0.3142857142857143,0.0857142857142857
Diabetes Technology & Therapeutics,2011,1557-8593,0,,Endocrinology & Metabolism,Endocrinology & Metabolism,DIABETES TECHNOL THE,20,12,32,32,20,12,0,127,0.625,0.375,0.2519685039370078,0.625,0.375,0.0
Diabetes Technology & Therapeutics,2012,1557-8593,0,,Endocrinology & Metabolism,Endocrinology & Metabolism,DIABETES TECHNOL THE,28,14,37,37,23,9,5,129,0.7567567567567568,0.3783783783783784,0.2868217054263566,0.6216216216216216,0.2432432432432432,0.1351351351351351
Diabetes Technology & Therapeutics,2013,1557-8593,0,,Endocrinology & Metabolism,Endocrinology & Metabolism,DIABETES TECHNOL THE,18,14,30,30,16,12,2,109,0.6,0.4666666666666667,0.2752293577981651,0.5333333333333333,0.4,0.0666666666666666
Diabetes Technology & Therapeutics,2014,1557-8593,0,,Endocrinology & Metabolism,Endocrinology & Metabolism,DIABETES TECHNOL THE,16,10,24,24,14,8,2,96,0.6666666666666666,0.4166666666666667,0.25,0.5833333333333334,0.3333333333333333,0.0833333333333333
Diabetes Technology & Therapeutics,2015,1557-8593,0,,Endocrinology & Metabolism,Endocrinology & Metabolism,DIABETES TECHNOL THE,21,11,30,30,19,9,2,93,0.7,0.3666666666666666,0.3225806451612903,0.6333333333333333,0.3,0.0666666666666666
Diabetes Technology & Therapeutics,2016,1557-8593,0,,Endocrinology & Metabolism,Endocrinology & Metabolism,DIABETES TECHNOL THE,17,13,29,29,16,12,1,90,0.5862068965517241,0.4482758620689655,0.3222222222222222,0.5517241379310345,0.4137931034482758,0.0344827586206896
Diabetes Technology & Therapeutics,2017,1557-8593,0,,Endocrinology & Metabolism,Endocrinology & Metabolism,DIABETES TECHNOL THE,19,14,31,31,17,12,2,74,0.6129032258064516,0.4516129032258064,0.4189189189189189,0.5483870967741935,0.3870967741935484,0.064516129032258
Diabetes Technology & Therapeutics,2018,1557-8593,0,,Endocrinology & Metabolism,Endocrinology & Metabolism,DIABETES TECHNOL THE,13,18,30,30,12,17,1,84,0.4333333333333333,0.6,0.3571428571428571,0.4,0.5666666666666667,0.0333333333333333
Diabetes Technology & Therapeutics,2019,1557-8593,0,,Endocrinology & Metabolism,Endocrinology & Metabolism,DIABETES TECHNOL THE,8,14,20,20,6,12,2,82,0.4,0.7,0.2439024390243902,0.3,0.6,0.1
Diabetes Technology & Therapeutics,2020,1557-8593,0,,Endocrinology & Metabolism,Endocrinology & Metabolism,DIABETES TECHNOL THE,13,12,24,24,12,11,1,97,0.5416666666666666,0.5,0.2474226804123711,0.5,0.4583333333333333,0.0416666666666666
Diabetes Technology & Therapeutics,2021,1557-8593,0,,Endocrinology & Metabolism,Endocrinology & Metabolism,DIABETES TECHNOL THE,12,21,29,29,8,17,4,92,0.4137931034482758,0.7241379310344828,0.3152173913043478,0.2758620689655172,0.5862068965517241,0.1379310344827586
Diabetes Technology & Therapeutics,2022,1557-8593,0,,Endocrinology & Metabolism,Endocrinology & Metabolism,DIABETES TECHNOL THE,8,20,27,27,7,19,1,95,0.2962962962962963,0.7407407407407407,0.2842105263157894,0.2592592592592592,0.7037037037037037,0.037037037037037
Diabetes Technology & Therapeutics,2023,1557-8593,0,,Endocrinology & Metabolism,Endocrinology & Metabolism,DIABETES TECHNOL THE,12,23,35,35,12,23,0,90,0.3428571428571428,0.6571428571428571,0.3888888888888889,0.3428571428571428,0.6571428571428571,0.0
Diabetes Technology & Therapeutics,2024,1557-8593,0,,Endocrinology & Metabolism,Endocrinology & Metabolism,DIABETES TECHNOL THE,13,24,36,36,12,23,1,106,0.3611111111111111,0.6666666666666666,0.3396226415094339,0.3333333333333333,0.6388888888888888,0.0277777777777777
Diabetes Technology & Therapeutics,2025,1557-8593,0,,Endocrinology & Metabolism,Endocrinology & Metabolism,DIABETES TECHNOL THE,20,25,43,43,18,23,2,147,0.4651162790697674,0.5813953488372093,0.2925170068027211,0.4186046511627907,0.5348837209302325,0.0465116279069767
Diabetes-Metabolism Research and Reviews,2010,1520-7560,0,,Endocrinology & Metabolism,Endocrinology & Metabolism,DIABETES-METAB RES,27,5,31,31,26,4,1,52,0.8709677419354839,0.1612903225806451,0.5961538461538461,0.8387096774193549,0.1290322580645161,0.032258064516129
Diabetes-Metabolism Research and Reviews,2011,1520-7560,0,,Endocrinology & Metabolism,Endocrinology & Metabolism,DIABETES-METAB RES,35,7,41,41,34,6,1,77,0.8536585365853658,0.1707317073170731,0.5324675324675324,0.8292682926829268,0.1463414634146341,0.024390243902439
Diabetes-Metabolism Research and Reviews,2012,1520-7560,0,,Endocrinology & Metabolism,Endocrinology & Metabolism,DIABETES-METAB RES,24,9,29,29,20,5,4,51,0.8275862068965517,0.3103448275862069,0.5686274509803921,0.6896551724137931,0.1724137931034483,0.1379310344827586
Diabetes-Metabolism Research and Reviews,2013,1520-7560,0,,Endocrinology & Metabolism,Endocrinology & Metabolism,DIABETES-METAB RES,23,3,26,26,23,3,0,59,0.8846153846153846,0.1153846153846153,0.4406779661016949,0.8846153846153846,0.1153846153846153,0.0
Diabetes-Metabolism Research and Reviews,2014,1520-7560,0,,Endocrinology & Metabolism,Endocrinology & Metabolism,DIABETES-METAB RES,24,9,30,30,21,6,3,57,0.8,0.3,0.5263157894736842,0.7,0.2,0.1
Diabetes-Metabolism Research and Reviews,2015,1520-7560,0,,Endocrinology & Metabolism,Endocrinology & Metabolism,DIABETES-METAB RES,19,11,27,27,16,8,3,66,0.7037037037037037,0.4074074074074074,0.4090909090909091,0.5925925925925926,0.2962962962962963,0.1111111111111111
Diabetes-Metabolism Research and Reviews,2016,1520-7560,0,,Endocrinology & Metabolism,Endocrinology & Metabolism,DIABETES-METAB RES,17,5,20,20,15,3,2,65,0.85,0.25,0.3076923076923077,0.75,0.15,0.1
Diabetes-Metabolism Research and Reviews,2017,1520-7560,0,,Endocrinology & Metabolism,Endocrinology & Metabolism,DIABETES-METAB RES,17,15,30,30,15,13,2,74,0.5666666666666667,0.5,0.4054054054054054,0.5,0.4333333333333333,0.0666666666666666
Diabetes-Metabolism Research and Reviews,2018,1520-7560,0,,Endocrinology & Metabolism,Endocrinology & Metabolism,DIABETES-METAB RES,15,11,23,23,12,8,3,76,0.6521739130434783,0.4782608695652174,0.3026315789473684,0.5217391304347826,0.3478260869565217,0.1304347826086956
Diabetes-Metabolism Research and Reviews,2019,1520-7560,0,,Endocrinology & Metabolism,Endocrinology & Metabolism,DIABETES-METAB RES,24,12,30,30,18,6,6,72,0.8,0.4,0.4166666666666667,0.6,0.2,0.2
Diabetes-Metabolism Research and Reviews,2020,1520-7560,0,,Endocrinology & Metabolism,Endocrinology & Metabolism,DIABETES-METAB RES,13,12,23,23,11,10,2,72,0.5652173913043478,0.5217391304347826,0.3194444444444444,0.4782608695652174,0.4347826086956521,0.0869565217391304
Diabetes-Metabolism Research and Reviews,2021,1520-7560,0,,Endocrinology & Metabolism,Endocrinology & Metabolism,DIABETES-METAB RES,21,11,27,27,16,6,5,66,0.7777777777777778,0.4074074074074074,0.4090909090909091,0.5925925925925926,0.2222222222222222,0.1851851851851851
Diabetes-Metabolism Research and Reviews,2022,1520-7560,0,,Endocrinology & Metabolism,Endocrinology & Metabolism,DIABETES-METAB RES,11,13,22,22,9,11,2,67,0.5,0.5909090909090909,0.3283582089552239,0.4090909090909091,0.5,0.0909090909090909
Diabetes-Metabolism Research and Reviews,2023,1520-7560,0,,Endocrinology & Metabolism,Endocrinology & Metabolism,DIABETES-METAB RES,12,18,23,23,5,11,7,66,0.5217391304347826,0.782608695652174,0.3484848484848485,0.217391304347826,0.4782608695652174,0.3043478260869565
Diabetes-Metabolism Research and Reviews,2024,1520-7560,0,,Endocrinology & Metabolism,Endocrinology & Metabolism,DIABETES-METAB RES,10,19,26,26,7,16,3,84,0.3846153846153846,0.7307692307692307,0.3095238095238095,0.2692307692307692,0.6153846153846154,0.1153846153846153
Diabetes-Metabolism Research and Reviews,2025,1520-7560,0,,Endocrinology & Metabolism,Endocrinology & Metabolism,DIABETES-METAB RES,9,13,19,19,6,10,3,55,0.4736842105263157,0.6842105263157895,0.3454545454545454,0.3157894736842105,0.5263157894736842,0.1578947368421052
Diabetologia,2010,1432-0428,1,2018,Endocrinology & Metabolism,Endocrinology & Metabolism,DIABETOLOGIA,118,39,131,131,92,13,26,247,0.900763358778626,0.2977099236641221,0.5303643724696356,0.7022900763358778,0.099236641221374,0.1984732824427481
Diabetologia,2011,1432-0428,1,2018,Endocrinology & Metabolism,Endocrinology & Metabolism,DIABETOLOGIA,178,31,193,193,162,15,16,295,0.922279792746114,0.160621761658031,0.6542372881355932,0.8393782383419689,0.077720207253886,0.082901554404145
Diabetologia,2012,1432-0428,1,2018,Endocrinology & Metabolism,Endocrinology & Metabolism,DIABETOLOGIA,161,42,182,182,140,21,21,281,0.8846153846153846,0.2307692307692307,0.6476868327402135,0.7692307692307693,0.1153846153846153,0.1153846153846153
Diabetologia,2013,1432-0428,1,2018,Endocrinology & Metabolism,Endocrinology & Metabolism,DIABETOLOGIA,158,31,168,168,137,10,21,248,0.9404761904761904,0.1845238095238095,0.6774193548387096,0.8154761904761905,0.0595238095238095,0.125
Diabetologia,2014,1432-0428,1,2018,Endocrinology & Metabolism,Endocrinology & Metabolism,DIABETOLOGIA,130,44,149,149,105,19,25,233,0.87248322147651,0.2953020134228188,0.6394849785407726,0.7046979865771812,0.1275167785234899,0.1677852348993288
Diabetologia,2015,1432-0428,1,2018,Endocrinology & Metabolism,Endocrinology & Metabolism,DIABETOLOGIA,143,47,164,164,117,21,26,262,0.8719512195121951,0.2865853658536585,0.6259541984732825,0.7134146341463414,0.1280487804878048,0.1585365853658536
Diabetologia,2016,1432-0428,1,2018,Endocrinology & Metabolism,Endocrinology & Metabolism,DIABETOLOGIA,134,40,144,144,104,10,30,210,0.9305555555555556,0.2777777777777778,0.6857142857142857,0.7222222222222222,0.0694444444444444,0.2083333333333333
Diabetologia,2017,1432-0428,1,2018,Endocrinology & Metabolism,Endocrinology & Metabolism,DIABETOLOGIA,109,46,128,128,82,19,27,203,0.8515625,0.359375,0.6305418719211823,0.640625,0.1484375,0.2109375
Diabetologia,2018,1432-0428,1,2018,Endocrinology & Metabolism,Endocrinology & Metabolism,DIABETOLOGIA,54,78,106,106,28,52,26,201,0.5094339622641509,0.7358490566037735,0.527363184079602,0.2641509433962264,0.490566037735849,0.2452830188679245
Diabetologia,2019,1432-0428,1,2018,Endocrinology & Metabolism,Endocrinology & Metabolism,DIABETOLOGIA,23,82,87,87,5,64,18,169,0.264367816091954,0.942528735632184,0.514792899408284,0.057471264367816,0.735632183908046,0.2068965517241379
Diabetologia,2020,1432-0428,1,2018,Endocrinology & Metabolism,Endocrinology & Metabolism,DIABETOLOGIA,23,84,90,90,6,67,17,183,0.2555555555555555,0.9333333333333332,0.4918032786885246,0.0666666666666666,0.7444444444444445,0.1888888888888888
Diabetologia,2021,1432-0428,1,2018,Endocrinology & Metabolism,Endocrinology & Metabolism,DIABETOLOGIA,19,83,90,90,7,71,12,191,0.2111111111111111,0.9222222222222224,0.4712041884816754,0.0777777777777777,0.7888888888888889,0.1333333333333333
Diabetologia,2022,1432-0428,1,2018,Endocrinology & Metabolism,Endocrinology & Metabolism,DIABETOLOGIA,15,62,69,69,7,54,8,126,0.217391304347826,0.8985507246376812,0.5476190476190477,0.1014492753623188,0.782608695652174,0.1159420289855072
Diabetologia,2023,1432-0428,1,2018,Endocrinology & Metabolism,Endocrinology & Metabolism,DIABETOLOGIA,26,74,82,82,8,56,18,138,0.3170731707317073,0.902439024390244,0.5942028985507246,0.0975609756097561,0.6829268292682927,0.2195121951219512
Diabetologia,2024,1432-0428,1,2018,Endocrinology & Metabolism,Endocrinology & Metabolism,DIABETOLOGIA,22,76,83,83,7,61,15,161,0.2650602409638554,0.9156626506024096,0.515527950310559,0.0843373493975903,0.7349397590361446,0.180722891566265
Diabetologia,2025,1432-0428,1,2018,Endocrinology & Metabolism,Endocrinology & Metabolism,DIABETOLOGIA,34,106,115,115,9,81,25,207,0.2956521739130435,0.9217391304347826,0.5555555555555556,0.0782608695652174,0.7043478260869566,0.217391304347826
Endocrinology,2010,1945-7170,0,,Endocrinology & Metabolism,Endocrinology & Metabolism,ENDOCRINOLOGY,521,60,527,527,467,6,54,553,0.9886148007590132,0.1138519924098671,0.952983725135624,0.8861480075901328,0.0113851992409867,0.1024667931688804
Endocrinology,2011,1945-7170,0,,Endocrinology & Metabolism,Endocrinology & Metabolism,ENDOCRINOLOGY,418,74,428,428,354,10,64,451,0.9766355140186916,0.1728971962616822,0.9490022172949002,0.8271028037383178,0.0233644859813084,0.1495327102803738
Endocrinology,2012,1945-7170,0,,Endocrinology & Metabolism,Endocrinology & Metabolism,ENDOCRINOLOGY,492,78,503,503,425,11,67,532,0.978131212723658,0.1550695825049702,0.9454887218045112,0.8449304174950298,0.0218687872763419,0.1332007952286282
Endocrinology,2013,1945-7170,0,,Endocrinology & Metabolism,Endocrinology & Metabolism,ENDOCRINOLOGY,401,82,408,408,326,7,75,416,0.982843137254902,0.2009803921568627,0.9807692307692308,0.7990196078431373,0.017156862745098,0.1838235294117647
Endocrinology,2014,1945-7170,0,,Endocrinology & Metabolism,Endocrinology & Metabolism,ENDOCRINOLOGY,397,79,407,407,328,10,69,424,0.9754299754299754,0.1941031941031941,0.9599056603773584,0.8058968058968059,0.0245700245700245,0.1695331695331695
Endocrinology,2015,1945-7170,0,,Endocrinology & Metabolism,Endocrinology & Metabolism,ENDOCRINOLOGY,371,86,385,385,299,14,72,403,0.9636363636363636,0.2233766233766233,0.955334987593052,0.7766233766233767,0.0363636363636363,0.187012987012987
Endocrinology,2016,1945-7170,0,,Endocrinology & Metabolism,Endocrinology & Metabolism,ENDOCRINOLOGY,375,89,383,383,294,8,81,400,0.97911227154047,0.2323759791122715,0.9575,0.7676240208877284,0.02088772845953,0.2114882506527415
Endocrinology,2017,1945-7170,0,,Endocrinology & Metabolism,Endocrinology & Metabolism,ENDOCRINOLOGY,279,80,295,295,215,16,64,308,0.9457627118644067,0.2711864406779661,0.9577922077922078,0.7288135593220338,0.0542372881355932,0.2169491525423728
Endocrinology,2018,1945-7170,0,,Endocrinology & Metabolism,Endocrinology & Metabolism,ENDOCRINOLOGY,232,92,249,249,157,17,75,264,0.931726907630522,0.3694779116465863,0.9431818181818182,0.6305220883534136,0.0682730923694779,0.3012048192771084
Endocrinology,2019,1945-7170,0,,Endocrinology & Metabolism,Endocrinology & Metabolism,ENDOCRINOLOGY,151,73,174,174,101,23,50,184,0.867816091954023,0.4195402298850574,0.9456521739130436,0.5804597701149425,0.132183908045977,0.2873563218390804
Endocrinology,2020,1945-7170,0,,Endocrinology & Metabolism,Endocrinology & Metabolism,ENDOCRINOLOGY,109,69,135,135,66,26,43,142,0.8074074074074075,0.5111111111111111,0.9507042253521126,0.4888888888888889,0.1925925925925926,0.3185185185185185
Endocrinology,2021,1945-7170,0,,Endocrinology & Metabolism,Endocrinology & Metabolism,ENDOCRINOLOGY,98,98,153,153,55,55,43,162,0.6405228758169934,0.6405228758169934,0.9444444444444444,0.3594771241830065,0.3594771241830065,0.2810457516339869
Endocrinology,2022,1945-7170,0,,Endocrinology & Metabolism,Endocrinology & Metabolism,ENDOCRINOLOGY,91,126,167,167,41,76,50,188,0.5449101796407185,0.7544910179640718,0.8882978723404256,0.2455089820359281,0.4550898203592814,0.2994011976047904
Endocrinology,2023,1945-7170,0,,Endocrinology & Metabolism,Endocrinology & Metabolism,ENDOCRINOLOGY,78,98,133,133,35,55,43,137,0.5864661654135338,0.7368421052631579,0.9708029197080292,0.2631578947368421,0.4135338345864661,0.3233082706766917
Endocrinology,2024,1945-7170,0,,Endocrinology & Metabolism,Endocrinology & Metabolism,ENDOCRINOLOGY,55,86,109,109,23,54,32,118,0.5045871559633027,0.7889908256880734,0.923728813559322,0.2110091743119266,0.4954128440366973,0.2935779816513761
Endocrinology,2025,1945-7170,0,,Endocrinology & Metabolism,Endocrinology & Metabolism,ENDOCRINOLOGY,45,94,107,107,13,62,32,119,0.4205607476635514,0.8785046728971962,0.8991596638655462,0.1214953271028037,0.5794392523364486,0.2990654205607476
Eurointervention,2010,1969-6213,0,,Cardiac & Cardiovascular Systems,Cardiac & Cardiovascular Systems,EUROINTERVENTION,12,4,15,15,11,3,1,63,0.8,0.2666666666666666,0.238095238095238,0.7333333333333333,0.2,0.0666666666666666
Eurointervention,2011,1969-6213,0,,Cardiac & Cardiovascular Systems,Cardiac & Cardiovascular Systems,EUROINTERVENTION,20,9,29,29,20,9,0,130,0.6896551724137931,0.3103448275862069,0.2230769230769231,0.6896551724137931,0.3103448275862069,0.0
Eurointervention,2012,1969-6213,0,,Cardiac & Cardiovascular Systems,Cardiac & Cardiovascular Systems,EUROINTERVENTION,21,11,31,31,20,10,1,123,0.6774193548387096,0.3548387096774194,0.2520325203252032,0.6451612903225806,0.3225806451612903,0.032258064516129
Eurointervention,2013,1969-6213,0,,Cardiac & Cardiovascular Systems,Cardiac & Cardiovascular Systems,EUROINTERVENTION,18,19,35,35,16,17,2,128,0.5142857142857142,0.5428571428571428,0.2734375,0.4571428571428571,0.4857142857142857,0.0571428571428571
Eurointervention,2014,1969-6213,0,,Cardiac & Cardiovascular Systems,Cardiac & Cardiovascular Systems,EUROINTERVENTION,26,19,40,40,21,14,5,133,0.65,0.475,0.3007518796992481,0.525,0.35,0.125
Eurointervention,2015,1969-6213,0,,Cardiac & Cardiovascular Systems,Cardiac & Cardiovascular Systems,EUROINTERVENTION,23,19,37,37,18,14,5,138,0.6216216216216216,0.5135135135135135,0.2681159420289855,0.4864864864864865,0.3783783783783784,0.1351351351351351
Eurointervention,2016,1969-6213,0,,Cardiac & Cardiovascular Systems,Cardiac & Cardiovascular Systems,EUROINTERVENTION,28,25,50,50,25,22,3,226,0.56,0.5,0.2212389380530973,0.5,0.44,0.06
Eurointervention,2017,1969-6213,0,,Cardiac & Cardiovascular Systems,Cardiac & Cardiovascular Systems,EUROINTERVENTION,35,28,58,58,30,23,5,203,0.603448275862069,0.4827586206896552,0.2857142857142857,0.5172413793103449,0.396551724137931,0.0862068965517241
Eurointervention,2018,1969-6213,0,,Cardiac & Cardiovascular Systems,Cardiac & Cardiovascular Systems,EUROINTERVENTION,24,27,45,45,18,21,6,157,0.5333333333333333,0.6,0.286624203821656,0.4,0.4666666666666667,0.1333333333333333
Eurointervention,2019,1969-6213,0,,Cardiac & Cardiovascular Systems,Cardiac & Cardiovascular Systems,EUROINTERVENTION,12,32,39,39,7,27,5,109,0.3076923076923077,0.8205128205128205,0.3577981651376147,0.1794871794871795,0.6923076923076923,0.1282051282051282
Eurointervention,2020,1969-6213,0,,Cardiac & Cardiovascular Systems,Cardiac & Cardiovascular Systems,EUROINTERVENTION,12,27,38,38,11,26,1,108,0.3157894736842105,0.7105263157894737,0.3518518518518518,0.2894736842105263,0.6842105263157895,0.0263157894736842
Eurointervention,2021,1969-6213,0,,Cardiac & Cardiovascular Systems,Cardiac & Cardiovascular Systems,EUROINTERVENTION,13,30,38,38,8,25,5,117,0.3421052631578947,0.7894736842105263,0.3247863247863248,0.2105263157894736,0.6578947368421053,0.131578947368421
Eurointervention,2022,1969-6213,0,,Cardiac & Cardiovascular Systems,Cardiac & Cardiovascular Systems,EUROINTERVENTION,13,20,30,30,10,17,3,97,0.4333333333333333,0.6666666666666666,0.3092783505154639,0.3333333333333333,0.5666666666666667,0.1
Eurointervention,2023,1969-6213,0,,Cardiac & Cardiovascular Systems,Cardiac & Cardiovascular Systems,EUROINTERVENTION,13,29,36,36,7,23,6,89,0.3611111111111111,0.8055555555555556,0.4044943820224719,0.1944444444444444,0.6388888888888888,0.1666666666666666
Eurointervention,2024,1969-6213,0,,Cardiac & Cardiovascular Systems,Cardiac & Cardiovascular Systems,EUROINTERVENTION,14,32,41,41,9,27,5,91,0.3414634146341463,0.7804878048780488,0.4505494505494505,0.2195121951219512,0.6585365853658537,0.1219512195121951
Eurointervention,2025,1969-6213,0,,Cardiac & Cardiovascular Systems,Cardiac & Cardiovascular Systems,EUROINTERVENTION,6,3,9,9,6,3,0,22,0.6666666666666666,0.3333333333333333,0.4090909090909091,0.6666666666666666,0.3333333333333333,0.0
Europace,2010,1532-2092,0,,Cardiac & Cardiovascular Systems,Cardiac & Cardiovascular Systems,EUROPACE,24,24,42,42,18,18,6,161,0.5714285714285714,0.5714285714285714,0.2608695652173913,0.4285714285714285,0.4285714285714285,0.1428571428571428
Europace,2011,1532-2092,0,,Cardiac & Cardiovascular Systems,Cardiac & Cardiovascular Systems,EUROPACE,19,12,31,31,19,12,0,186,0.6129032258064516,0.3870967741935484,0.1666666666666666,0.6129032258064516,0.3870967741935484,0.0
Europace,2012,1532-2092,0,,Cardiac & Cardiovascular Systems,Cardiac & Cardiovascular Systems,EUROPACE,29,19,42,42,23,13,6,181,0.6904761904761905,0.4523809523809524,0.2320441988950276,0.5476190476190477,0.3095238095238095,0.1428571428571428
Europace,2013,1532-2092,0,,Cardiac & Cardiovascular Systems,Cardiac & Cardiovascular Systems,EUROPACE,27,16,41,41,25,14,2,190,0.6585365853658537,0.3902439024390244,0.2157894736842105,0.6097560975609756,0.3414634146341463,0.048780487804878
Europace,2014,1532-2092,0,,Cardiac & Cardiovascular Systems,Cardiac & Cardiovascular Systems,EUROPACE,23,26,46,46,20,23,3,213,0.5,0.5652173913043478,0.215962441314554,0.4347826086956521,0.5,0.0652173913043478
Europace,2015,1532-2092,0,,Cardiac & Cardiovascular Systems,Cardiac & Cardiovascular Systems,EUROPACE,17,25,41,41,16,24,1,184,0.4146341463414634,0.6097560975609756,0.2228260869565217,0.3902439024390244,0.5853658536585366,0.024390243902439
Europace,2016,1532-2092,0,,Cardiac & Cardiovascular Systems,Cardiac & Cardiovascular Systems,EUROPACE,20,29,45,45,16,25,4,205,0.4444444444444444,0.6444444444444445,0.2195121951219512,0.3555555555555555,0.5555555555555556,0.0888888888888888
Europace,2017,1532-2092,0,,Cardiac & Cardiovascular Systems,Cardiac & Cardiovascular Systems,EUROPACE,17,30,44,44,14,27,3,198,0.3863636363636363,0.6818181818181818,0.2222222222222222,0.3181818181818182,0.6136363636363636,0.0681818181818181
Europace,2018,1532-2092,0,,Cardiac & Cardiovascular Systems,Cardiac & Cardiovascular Systems,EUROPACE,54,48,90,90,42,36,12,277,0.6,0.5333333333333333,0.3249097472924188,0.4666666666666667,0.4,0.1333333333333333
Europace,2019,1532-2092,0,,Cardiac & Cardiovascular Systems,Cardiac & Cardiovascular Systems,EUROPACE,19,33,47,47,14,28,5,170,0.4042553191489361,0.7021276595744681,0.2764705882352941,0.2978723404255319,0.5957446808510638,0.1063829787234042
Europace,2020,1532-2092,0,,Cardiac & Cardiovascular Systems,Cardiac & Cardiovascular Systems,EUROPACE,26,41,62,62,21,36,5,187,0.4193548387096774,0.6612903225806451,0.3315508021390374,0.3387096774193548,0.5806451612903226,0.0806451612903225
Europace,2021,1532-2092,0,,Cardiac & Cardiovascular Systems,Cardiac & Cardiovascular Systems,EUROPACE,19,53,67,67,14,48,5,201,0.2835820895522388,0.7910447761194029,0.3333333333333333,0.208955223880597,0.7164179104477612,0.0746268656716417
Europace,2022,1532-2092,0,,Cardiac & Cardiovascular Systems,Cardiac & Cardiovascular Systems,EUROPACE,15,30,38,38,8,23,7,147,0.3947368421052631,0.7894736842105263,0.2585034013605442,0.2105263157894736,0.6052631578947368,0.1842105263157894
Europace,2023,1532-2092,0,,Cardiac & Cardiovascular Systems,Cardiac & Cardiovascular Systems,EUROPACE,39,68,96,96,28,57,11,328,0.40625,0.7083333333333334,0.2926829268292683,0.2916666666666667,0.59375,0.1145833333333333
Europace,2024,1532-2092,0,,Cardiac & Cardiovascular Systems,Cardiac & Cardiovascular Systems,EUROPACE,22,48,61,61,13,39,9,167,0.360655737704918,0.7868852459016393,0.3652694610778443,0.2131147540983606,0.639344262295082,0.1475409836065573
Europace,2025,1532-2092,0,,Cardiac & Cardiovascular Systems,Cardiac & Cardiovascular Systems,EUROPACE,24,48,61,61,13,37,11,155,0.3934426229508196,0.7868852459016393,0.3935483870967742,0.2131147540983606,0.6065573770491803,0.180327868852459
European Journal of Applied Physiology,2010,1439-6327,0,,Physiology,Physiology; Sport Sciences,EUR J APPL PHYSIOL,163,42,191,191,149,28,14,373,0.8534031413612565,0.2198952879581152,0.5120643431635389,0.7801047120418848,0.1465968586387434,0.0732984293193717
European Journal of Applied Physiology,2011,1439-6327,0,,Physiology,Physiology; Sport Sciences,EUR J APPL PHYSIOL,136,23,147,147,124,11,12,290,0.9251700680272108,0.1564625850340136,0.506896551724138,0.8435374149659864,0.0748299319727891,0.0816326530612244
European Journal of Applied Physiology,2012,1439-6327,0,,Physiology,Physiology; Sport Sciences,EUR J APPL PHYSIOL,180,42,203,203,161,23,19,412,0.8866995073891626,0.2068965517241379,0.4927184466019417,0.7931034482758621,0.1133004926108374,0.0935960591133004
European Journal of Applied Physiology,2013,1439-6327,0,,Physiology,Physiology; Sport Sciences,EUR J APPL PHYSIOL,137,26,153,153,127,16,10,279,0.8954248366013072,0.1699346405228758,0.5483870967741935,0.8300653594771242,0.1045751633986928,0.065359477124183
European Journal of Applied Physiology,2014,1439-6327,0,,Physiology,Physiology; Sport Sciences,EUR J APPL PHYSIOL,110,35,136,136,101,26,9,229,0.8088235294117647,0.2573529411764705,0.5938864628820961,0.7426470588235294,0.1911764705882352,0.0661764705882353
European Journal of Applied Physiology,2015,1439-6327,0,,Physiology,Physiology; Sport Sciences,EUR J APPL PHYSIOL,112,40,141,141,101,29,11,241,0.7943262411347518,0.2836879432624113,0.5850622406639004,0.7163120567375887,0.2056737588652482,0.0780141843971631
European Journal of Applied Physiology,2016,1439-6327,0,,Physiology,Physiology; Sport Sciences,EUR J APPL PHYSIOL,105,42,129,129,87,24,18,214,0.813953488372093,0.3255813953488372,0.602803738317757,0.6744186046511628,0.1860465116279069,0.1395348837209302
European Journal of Applied Physiology,2017,1439-6327,0,,Physiology,Physiology; Sport Sciences,EUR J APPL PHYSIOL,92,43,123,123,80,31,12,221,0.7479674796747967,0.3495934959349593,0.5565610859728507,0.6504065040650406,0.2520325203252032,0.0975609756097561
European Journal of Applied Physiology,2018,1439-6327,0,,Physiology,Physiology; Sport Sciences,EUR J APPL PHYSIOL,99,52,130,130,78,31,21,225,0.7615384615384615,0.4,0.5777777777777777,0.6,0.2384615384615384,0.1615384615384615
European Journal of Applied Physiology,2019,1439-6327,0,,Physiology,Physiology; Sport Sciences,EUR J APPL PHYSIOL,88,58,131,131,73,43,15,220,0.6717557251908397,0.4427480916030534,0.5954545454545455,0.5572519083969466,0.3282442748091603,0.1145038167938931
European Journal of Applied Physiology,2020,1439-6327,0,,Physiology,Physiology; Sport Sciences,EUR J APPL PHYSIOL,83,75,141,141,66,58,17,217,0.5886524822695035,0.5319148936170213,0.6497695852534562,0.4680851063829787,0.4113475177304964,0.1205673758865248
European Journal of Applied Physiology,2021,1439-6327,0,,Physiology,Physiology; Sport Sciences,EUR J APPL PHYSIOL,75,84,139,139,55,64,20,236,0.539568345323741,0.60431654676259,0.5889830508474576,0.39568345323741,0.460431654676259,0.1438848920863309
European Journal of Applied Physiology,2022,1439-6327,0,,Physiology,Physiology; Sport Sciences,EUR J APPL PHYSIOL,42,77,107,107,30,65,12,167,0.3925233644859813,0.719626168224299,0.6407185628742516,0.2803738317757009,0.6074766355140186,0.1121495327102803
European Journal of Applied Physiology,2023,1439-6327,0,,Physiology,Physiology; Sport Sciences,EUR J APPL PHYSIOL,34,100,120,120,20,86,14,185,0.2833333333333333,0.8333333333333334,0.6486486486486487,0.1666666666666666,0.7166666666666667,0.1166666666666666
European Journal of Applied Physiology,2024,1439-6327,0,,Physiology,Physiology; Sport Sciences,EUR J APPL PHYSIOL,63,124,171,171,47,108,16,257,0.3684210526315789,0.7251461988304093,0.6653696498054474,0.2748538011695906,0.631578947368421,0.0935672514619883
European Journal of Applied Physiology,2025,1439-6327,0,,Physiology,Physiology; Sport Sciences,EUR J APPL PHYSIOL,86,219,271,271,52,185,34,400,0.3173431734317343,0.8081180811808119,0.6775,0.1918819188191882,0.6826568265682657,0.1254612546125461
European Journal of Cancer,2010,1879-0852,0,,Oncology,Oncology,EUR J CANCER,73,44,95,95,51,22,22,278,0.7684210526315789,0.4631578947368421,0.3417266187050359,0.5368421052631579,0.231578947368421,0.231578947368421
European Journal of Cancer,2011,1879-0852,0,,Oncology,Oncology,EUR J CANCER,63,32,84,84,52,21,11,264,0.75,0.3809523809523809,0.3181818181818182,0.6190476190476191,0.25,0.1309523809523809
European Journal of Cancer,2012,1879-0852,0,,Oncology,Oncology,EUR J CANCER,72,35,91,91,56,19,16,290,0.7912087912087912,0.3846153846153846,0.3137931034482759,0.6153846153846154,0.2087912087912088,0.1758241758241758
European Journal of Cancer,2013,1879-0852,0,,Oncology,Oncology,EUR J CANCER,95,50,122,122,72,27,23,353,0.7786885245901639,0.4098360655737705,0.3456090651558073,0.5901639344262295,0.221311475409836,0.1885245901639344
European Journal of Cancer,2014,1879-0852,0,,Oncology,Oncology,EUR J CANCER,61,46,87,87,41,26,20,281,0.7011494252873564,0.5287356321839081,0.3096085409252669,0.4712643678160919,0.2988505747126437,0.2298850574712643
European Journal of Cancer,2015,1879-0852,0,,Oncology,Oncology,EUR J CANCER,37,34,61,61,27,24,10,244,0.6065573770491803,0.5573770491803278,0.25,0.4426229508196721,0.3934426229508196,0.1639344262295081
European Journal of Cancer,2016,1879-0852,0,,Oncology,Oncology,EUR J CANCER,38,37,66,66,29,28,9,259,0.5757575757575758,0.5606060606060606,0.2548262548262548,0.4393939393939394,0.4242424242424242,0.1363636363636363
European Journal of Cancer,2017,1879-0852,0,,Oncology,Oncology,EUR J CANCER,34,42,67,67,25,33,9,293,0.5074626865671642,0.6268656716417911,0.2286689419795221,0.373134328358209,0.4925373134328358,0.1343283582089552
European Journal of Cancer,2018,1879-0852,0,,Oncology,Oncology,EUR J CANCER,23,34,50,50,16,27,7,229,0.46,0.68,0.2183406113537118,0.32,0.54,0.14
European Journal of Cancer,2019,1879-0852,0,,Oncology,Oncology,EUR J CANCER,18,48,60,60,12,42,6,246,0.3,0.8,0.2439024390243902,0.2,0.7,0.1
European Journal of Cancer,2020,1879-0852,0,,Oncology,Oncology,EUR J CANCER,28,45,61,61,16,33,12,260,0.4590163934426229,0.7377049180327869,0.2346153846153846,0.2622950819672131,0.5409836065573771,0.1967213114754098
European Journal of Cancer,2021,1879-0852,0,,Oncology,Oncology,EUR J CANCER,28,69,85,85,16,57,12,353,0.3294117647058823,0.8117647058823529,0.2407932011331444,0.188235294117647,0.6705882352941176,0.1411764705882353
European Journal of Cancer,2022,1879-0852,0,,Oncology,Oncology,EUR J CANCER,28,69,82,82,13,54,15,317,0.3414634146341463,0.8414634146341463,0.2586750788643533,0.1585365853658536,0.6585365853658537,0.1829268292682926
European Journal of Cancer,2023,1879-0852,0,,Oncology,Oncology,EUR J CANCER,13,37,48,48,11,35,2,256,0.2708333333333333,0.7708333333333334,0.1875,0.2291666666666666,0.7291666666666666,0.0416666666666666
European Journal of Cancer,2024,1879-0852,0,,Oncology,Oncology,EUR J CANCER,16,48,58,58,10,42,6,283,0.2758620689655172,0.8275862068965517,0.2049469964664311,0.1724137931034483,0.7241379310344828,0.1034482758620689
European Journal of Cancer,2025,1879-0852,0,,Oncology,Oncology,EUR J CANCER,22,55,71,71,16,49,6,296,0.3098591549295774,0.7746478873239436,0.2398648648648648,0.2253521126760563,0.6901408450704225,0.0845070422535211
European Journal of Cardiovascular Nursing,2010,1873-1953,0,,Cardiac & Cardiovascular Systems,Cardiac & Cardiovascular Systems; Nursing,EUR J CARDIOVASC NUR,3,0,3,3,3,0,0,25,1.0,0.0,0.12,1.0,0.0,0.0
European Journal of Cardiovascular Nursing,2011,1873-1953,0,,Cardiac & Cardiovascular Systems,Cardiac & Cardiovascular Systems; Nursing,EUR J CARDIOVASC NUR,3,2,4,4,2,1,1,26,0.75,0.5,0.1538461538461538,0.5,0.25,0.25
European Journal of Cardiovascular Nursing,2012,1873-1953,0,,Cardiac & Cardiovascular Systems,Cardiac & Cardiovascular Systems; Nursing,EUR J CARDIOVASC NUR,1,1,2,2,1,1,0,40,0.5,0.5,0.05,0.5,0.5,0.0
European Journal of Cardiovascular Nursing,2013,1873-1953,0,,Cardiac & Cardiovascular Systems,Cardiac & Cardiovascular Systems; Nursing,EUR J CARDIOVASC NUR,1,3,4,4,1,3,0,52,0.25,0.75,0.0769230769230769,0.25,0.75,0.0
European Journal of Cardiovascular Nursing,2014,1873-1953,0,,Cardiac & Cardiovascular Systems,Cardiac & Cardiovascular Systems; Nursing,EUR J CARDIOVASC NUR,2,5,7,7,2,5,0,49,0.2857142857142857,0.7142857142857143,0.1428571428571428,0.2857142857142857,0.7142857142857143,0.0
European Journal of Cardiovascular Nursing,2015,1873-1953,0,,Cardiac & Cardiovascular Systems,Cardiac & Cardiovascular Systems; Nursing,EUR J CARDIOVASC NUR,1,1,2,2,1,1,0,48,0.5,0.5,0.0416666666666666,0.5,0.5,0.0
European Journal of Cardiovascular Nursing,2016,1873-1953,0,,Cardiac & Cardiovascular Systems,Cardiac & Cardiovascular Systems; Nursing,EUR J CARDIOVASC NUR,2,3,5,5,2,3,0,60,0.4,0.6,0.0833333333333333,0.4,0.6,0.0
European Journal of Cardiovascular Nursing,2017,1873-1953,0,,Cardiac & Cardiovascular Systems,Cardiac & Cardiovascular Systems; Nursing,EUR J CARDIOVASC NUR,4,2,6,6,4,2,0,64,0.6666666666666666,0.3333333333333333,0.09375,0.6666666666666666,0.3333333333333333,0.0
European Journal of Cardiovascular Nursing,2018,1873-1953,0,,Cardiac & Cardiovascular Systems,Cardiac & Cardiovascular Systems; Nursing,EUR J CARDIOVASC NUR,2,0,2,2,2,0,0,65,1.0,0.0,0.0307692307692307,1.0,0.0,0.0
European Journal of Cardiovascular Nursing,2019,1873-1953,0,,Cardiac & Cardiovascular Systems,Cardiac & Cardiovascular Systems; Nursing,EUR J CARDIOVASC NUR,5,4,8,8,4,3,1,66,0.625,0.5,0.1212121212121212,0.5,0.375,0.125
European Journal of Cardiovascular Nursing,2020,1873-1953,0,,Cardiac & Cardiovascular Systems,Cardiac & Cardiovascular Systems; Nursing,EUR J CARDIOVASC NUR,0,3,3,3,0,3,0,57,0.0,1.0,0.0526315789473684,0.0,1.0,0.0
European Journal of Cardiovascular Nursing,2021,1873-1953,0,,Cardiac & Cardiovascular Systems,Cardiac & Cardiovascular Systems; Nursing,EUR J CARDIOVASC NUR,2,5,6,6,1,4,1,69,0.3333333333333333,0.8333333333333334,0.0869565217391304,0.1666666666666666,0.6666666666666666,0.1666666666666666
European Journal of Cardiovascular Nursing,2022,1873-1953,0,,Cardiac & Cardiovascular Systems,Cardiac & Cardiovascular Systems; Nursing,EUR J CARDIOVASC NUR,3,6,9,9,3,6,0,73,0.3333333333333333,0.6666666666666666,0.1232876712328767,0.3333333333333333,0.6666666666666666,0.0
European Journal of Cardiovascular Nursing,2023,1873-1953,0,,Cardiac & Cardiovascular Systems,Cardiac & Cardiovascular Systems; Nursing,EUR J CARDIOVASC NUR,4,5,7,7,2,3,2,80,0.5714285714285714,0.7142857142857143,0.0875,0.2857142857142857,0.4285714285714285,0.2857142857142857
European Journal of Cardiovascular Nursing,2024,1873-1953,0,,Cardiac & Cardiovascular Systems,Cardiac & Cardiovascular Systems; Nursing,EUR J CARDIOVASC NUR,1,5,6,6,1,5,0,83,0.1666666666666666,0.8333333333333334,0.072289156626506,0.1666666666666666,0.8333333333333334,0.0
European Journal of Cardiovascular Nursing,2025,1873-1953,0,,Cardiac & Cardiovascular Systems,Cardiac & Cardiovascular Systems; Nursing,EUR J CARDIOVASC NUR,5,9,12,12,3,7,2,98,0.4166666666666667,0.75,0.1224489795918367,0.25,0.5833333333333334,0.1666666666666666
European Journal of Endocrinology,2010,1479-683X,0,,Endocrinology & Metabolism,Endocrinology & Metabolism,EUR J ENDOCRINOL,50,50,94,94,44,44,6,225,0.5319148936170213,0.5319148936170213,0.4177777777777778,0.4680851063829787,0.4680851063829787,0.0638297872340425
European Journal of Endocrinology,2011,1479-683X,0,,Endocrinology & Metabolism,Endocrinology & Metabolism,EUR J ENDOCRINOL,60,42,90,90,48,30,12,204,0.6666666666666666,0.4666666666666667,0.4411764705882353,0.5333333333333333,0.3333333333333333,0.1333333333333333
European Journal of Endocrinology,2012,1479-683X,0,,Endocrinology & Metabolism,Endocrinology & Metabolism,EUR J ENDOCRINOL,52,41,83,83,42,31,10,185,0.6265060240963856,0.4939759036144578,0.4486486486486487,0.5060240963855421,0.3734939759036144,0.1204819277108433
European Journal of Endocrinology,2013,1479-683X,0,,Endocrinology & Metabolism,Endocrinology & Metabolism,EUR J ENDOCRINOL,43,38,78,78,40,35,3,202,0.5512820512820513,0.4871794871794871,0.3861386138613861,0.5128205128205128,0.4487179487179487,0.0384615384615384
European Journal of Endocrinology,2014,1479-683X,0,,Endocrinology & Metabolism,Endocrinology & Metabolism,EUR J ENDOCRINOL,38,34,66,66,32,28,6,173,0.5757575757575758,0.5151515151515151,0.3815028901734104,0.4848484848484848,0.4242424242424242,0.0909090909090909
European Journal of Endocrinology,2015,1479-683X,0,,Endocrinology & Metabolism,Endocrinology & Metabolism,EUR J ENDOCRINOL,28,36,60,60,24,32,4,177,0.4666666666666667,0.6,0.3389830508474576,0.4,0.5333333333333333,0.0666666666666666
European Journal of Endocrinology,2016,1479-683X,0,,Endocrinology & Metabolism,Endocrinology & Metabolism,EUR J ENDOCRINOL,23,31,50,50,19,27,4,150,0.46,0.62,0.3333333333333333,0.38,0.54,0.08
European Journal of Endocrinology,2017,1479-683X,0,,Endocrinology & Metabolism,Endocrinology & Metabolism,EUR J ENDOCRINOL,18,35,49,49,14,31,4,118,0.3673469387755102,0.7142857142857143,0.4152542372881356,0.2857142857142857,0.6326530612244898,0.0816326530612244
European Journal of Endocrinology,2018,1479-683X,0,,Endocrinology & Metabolism,Endocrinology & Metabolism,EUR J ENDOCRINOL,16,26,37,37,11,21,5,99,0.4324324324324324,0.7027027027027027,0.3737373737373737,0.2972972972972973,0.5675675675675675,0.1351351351351351
European Journal of Endocrinology,2019,1479-683X,0,,Endocrinology & Metabolism,Endocrinology & Metabolism,EUR J ENDOCRINOL,11,24,33,33,9,22,2,101,0.3333333333333333,0.7272727272727273,0.3267326732673267,0.2727272727272727,0.6666666666666666,0.0606060606060606
European Journal of Endocrinology,2020,1479-683X,0,,Endocrinology & Metabolism,Endocrinology & Metabolism,EUR J ENDOCRINOL,21,33,51,51,18,30,3,126,0.4117647058823529,0.6470588235294118,0.4047619047619047,0.3529411764705882,0.5882352941176471,0.0588235294117647
European Journal of Endocrinology,2021,1479-683X,0,,Endocrinology & Metabolism,Endocrinology & Metabolism,EUR J ENDOCRINOL,19,53,69,69,16,50,3,170,0.2753623188405797,0.7681159420289855,0.4058823529411764,0.2318840579710145,0.7246376811594203,0.0434782608695652
European Journal of Endocrinology,2022,1479-683X,0,,Endocrinology & Metabolism,Endocrinology & Metabolism,EUR J ENDOCRINOL,17,40,54,54,14,37,3,131,0.3148148148148148,0.7407407407407407,0.4122137404580153,0.2592592592592592,0.6851851851851852,0.0555555555555555
European Journal of Endocrinology,2023,1479-683X,0,,Endocrinology & Metabolism,Endocrinology & Metabolism,EUR J ENDOCRINOL,14,45,51,51,6,37,8,131,0.2745098039215686,0.8823529411764706,0.3893129770992366,0.1176470588235294,0.7254901960784313,0.1568627450980392
European Journal of Endocrinology,2024,1479-683X,0,,Endocrinology & Metabolism,Endocrinology & Metabolism,EUR J ENDOCRINOL,20,44,57,57,13,37,7,117,0.3508771929824561,0.7719298245614035,0.4871794871794871,0.2280701754385964,0.6491228070175439,0.1228070175438596
European Journal of Endocrinology,2025,1479-683X,0,,Endocrinology & Metabolism,Endocrinology & Metabolism,EUR J ENDOCRINOL,23,62,80,80,18,57,5,169,0.2875,0.775,0.4733727810650887,0.225,0.7125,0.0625
European Journal of Heart Failure,2010,1879-0844,0,,Cardiac & Cardiovascular Systems,Cardiac & Cardiovascular Systems,EUR J HEART FAIL,37,27,63,63,36,26,1,135,0.5873015873015873,0.4285714285714285,0.4666666666666667,0.5714285714285714,0.4126984126984127,0.0158730158730158
European Journal of Heart Failure,2011,1879-0844,0,,Cardiac & Cardiovascular Systems,Cardiac & Cardiovascular Systems,EUR J HEART FAIL,27,27,50,50,23,23,4,140,0.54,0.54,0.3571428571428571,0.46,0.46,0.08
European Journal of Heart Failure,2012,1879-0844,0,,Cardiac & Cardiovascular Systems,Cardiac & Cardiovascular Systems,EUR J HEART FAIL,36,17,47,47,30,11,6,124,0.7659574468085106,0.3617021276595745,0.3790322580645161,0.6382978723404256,0.2340425531914893,0.1276595744680851
European Journal of Heart Failure,2013,1879-0844,0,,Cardiac & Cardiovascular Systems,Cardiac & Cardiovascular Systems,EUR J HEART FAIL,33,23,52,52,29,19,4,138,0.6346153846153846,0.4423076923076923,0.3768115942028985,0.5576923076923077,0.3653846153846153,0.0769230769230769
European Journal of Heart Failure,2014,1879-0844,0,,Cardiac & Cardiovascular Systems,Cardiac & Cardiovascular Systems,EUR J HEART FAIL,28,22,41,41,19,13,9,127,0.6829268292682927,0.5365853658536586,0.3228346456692913,0.4634146341463415,0.3170731707317073,0.2195121951219512
European Journal of Heart Failure,2015,1879-0844,0,,Cardiac & Cardiovascular Systems,Cardiac & Cardiovascular Systems,EUR J HEART FAIL,21,18,37,37,19,16,2,102,0.5675675675675675,0.4864864864864865,0.3627450980392157,0.5135135135135135,0.4324324324324324,0.054054054054054
European Journal of Heart Failure,2016,1879-0844,0,,Cardiac & Cardiovascular Systems,Cardiac & Cardiovascular Systems,EUR J HEART FAIL,16,14,29,29,15,13,1,95,0.5517241379310345,0.4827586206896552,0.3052631578947368,0.5172413793103449,0.4482758620689655,0.0344827586206896
European Journal of Heart Failure,2017,1879-0844,0,,Cardiac & Cardiovascular Systems,Cardiac & Cardiovascular Systems,EUR J HEART FAIL,15,21,34,34,13,19,2,109,0.4411764705882353,0.6176470588235294,0.3119266055045872,0.3823529411764705,0.5588235294117647,0.0588235294117647
European Journal of Heart Failure,2018,1879-0844,0,,Cardiac & Cardiovascular Systems,Cardiac & Cardiovascular Systems,EUR J HEART FAIL,16,25,38,38,13,22,3,96,0.4210526315789473,0.6578947368421053,0.3958333333333333,0.3421052631578947,0.5789473684210527,0.0789473684210526
European Journal of Heart Failure,2019,1879-0844,0,,Cardiac & Cardiovascular Systems,Cardiac & Cardiovascular Systems,EUR J HEART FAIL,13,19,30,30,11,17,2,97,0.4333333333333333,0.6333333333333333,0.3092783505154639,0.3666666666666666,0.5666666666666667,0.0666666666666666
European Journal of Heart Failure,2020,1879-0844,0,,Cardiac & Cardiovascular Systems,Cardiac & Cardiovascular Systems,EUR J HEART FAIL,23,28,43,43,15,20,8,127,0.5348837209302325,0.6511627906976745,0.3385826771653543,0.3488372093023256,0.4651162790697674,0.1860465116279069
European Journal of Heart Failure,2021,1879-0844,0,,Cardiac & Cardiovascular Systems,Cardiac & Cardiovascular Systems,EUR J HEART FAIL,17,36,47,47,11,30,6,117,0.3617021276595745,0.7659574468085106,0.4017094017094017,0.2340425531914893,0.6382978723404256,0.1276595744680851
European Journal of Heart Failure,2022,1879-0844,0,,Cardiac & Cardiovascular Systems,Cardiac & Cardiovascular Systems,EUR J HEART FAIL,20,30,40,40,10,20,10,127,0.5,0.75,0.3149606299212598,0.25,0.5,0.25
European Journal of Heart Failure,2023,1879-0844,0,,Cardiac & Cardiovascular Systems,Cardiac & Cardiovascular Systems,EUR J HEART FAIL,20,26,43,43,17,23,3,138,0.4651162790697674,0.6046511627906976,0.3115942028985507,0.3953488372093023,0.5348837209302325,0.0697674418604651
European Journal of Heart Failure,2024,1879-0844,0,,Cardiac & Cardiovascular Systems,Cardiac & Cardiovascular Systems,EUR J HEART FAIL,18,44,58,58,14,40,4,161,0.3103448275862069,0.7586206896551724,0.3602484472049689,0.2413793103448276,0.6896551724137931,0.0689655172413793
European Journal of Heart Failure,2025,1879-0844,0,,Cardiac & Cardiovascular Systems,Cardiac & Cardiovascular Systems,EUR J HEART FAIL,24,42,59,59,17,35,7,196,0.4067796610169492,0.711864406779661,0.3010204081632653,0.288135593220339,0.5932203389830508,0.1186440677966101
European Journal of Preventive Cardiology,2012,2047-4881,0,,Cardiac & Cardiovascular Systems,Cardiac & Cardiovascular Systems,EUR J PREV CARDIOL,14,8,22,22,14,8,0,125,0.6363636363636364,0.3636363636363636,0.176,0.6363636363636364,0.3636363636363636,0.0
European Journal of Preventive Cardiology,2013,2047-4881,0,,Cardiac & Cardiovascular Systems,Cardiac & Cardiovascular Systems,EUR J PREV CARDIOL,8,11,19,19,8,11,0,99,0.4210526315789473,0.5789473684210527,0.1919191919191919,0.4210526315789473,0.5789473684210527,0.0
European Journal of Preventive Cardiology,2014,2047-4881,0,,Cardiac & Cardiovascular Systems,Cardiac & Cardiovascular Systems,EUR J PREV CARDIOL,19,15,34,34,19,15,0,154,0.5588235294117647,0.4411764705882353,0.2207792207792207,0.5588235294117647,0.4411764705882353,0.0
European Journal of Preventive Cardiology,2015,2047-4881,0,,Cardiac & Cardiovascular Systems,Cardiac & Cardiovascular Systems,EUR J PREV CARDIOL,21,8,29,29,21,8,0,144,0.7241379310344828,0.2758620689655172,0.2013888888888889,0.7241379310344828,0.2758620689655172,0.0
European Journal of Preventive Cardiology,2016,2047-4881,0,,Cardiac & Cardiovascular Systems,Cardiac & Cardiovascular Systems,EUR J PREV CARDIOL,21,17,36,36,19,15,2,154,0.5833333333333334,0.4722222222222222,0.2337662337662337,0.5277777777777778,0.4166666666666667,0.0555555555555555
European Journal of Preventive Cardiology,2017,2047-4881,0,,Cardiac & Cardiovascular Systems,Cardiac & Cardiovascular Systems,EUR J PREV CARDIOL,16,19,32,32,13,16,3,144,0.5,0.59375,0.2222222222222222,0.40625,0.5,0.09375
European Journal of Preventive Cardiology,2018,2047-4881,0,,Cardiac & Cardiovascular Systems,Cardiac & Cardiovascular Systems,EUR J PREV CARDIOL,13,5,18,18,13,5,0,114,0.7222222222222222,0.2777777777777778,0.1578947368421052,0.7222222222222222,0.2777777777777778,0.0
European Journal of Preventive Cardiology,2019,2047-4881,0,,Cardiac & Cardiovascular Systems,Cardiac & Cardiovascular Systems,EUR J PREV CARDIOL,9,12,19,19,7,10,2,92,0.4736842105263157,0.631578947368421,0.2065217391304347,0.3684210526315789,0.5263157894736842,0.1052631578947368
European Journal of Preventive Cardiology,2020,2047-4881,0,,Cardiac & Cardiovascular Systems,Cardiac & Cardiovascular Systems,EUR J PREV CARDIOL,16,12,27,27,15,11,1,102,0.5925925925925926,0.4444444444444444,0.2647058823529412,0.5555555555555556,0.4074074074074074,0.037037037037037
European Journal of Preventive Cardiology,2021,2047-4881,0,,Cardiac & Cardiovascular Systems,Cardiac & Cardiovascular Systems,EUR J PREV CARDIOL,11,15,25,25,10,14,1,139,0.44,0.6,0.1798561151079136,0.4,0.56,0.04
European Journal of Preventive Cardiology,2022,2047-4881,0,,Cardiac & Cardiovascular Systems,Cardiac & Cardiovascular Systems,EUR J PREV CARDIOL,20,21,37,37,16,17,4,162,0.5405405405405406,0.5675675675675675,0.228395061728395,0.4324324324324324,0.4594594594594595,0.1081081081081081
European Journal of Preventive Cardiology,2023,2047-4881,0,,Cardiac & Cardiovascular Systems,Cardiac & Cardiovascular Systems,EUR J PREV CARDIOL,18,32,48,48,16,30,2,145,0.375,0.6666666666666666,0.3310344827586207,0.3333333333333333,0.625,0.0416666666666666
European Journal of Preventive Cardiology,2024,2047-4881,0,,Cardiac & Cardiovascular Systems,Cardiac & Cardiovascular Systems,EUR J PREV CARDIOL,16,28,40,40,12,24,4,142,0.4,0.7,0.2816901408450704,0.3,0.6,0.1
European Journal of Preventive Cardiology,2025,2047-4881,0,,Cardiac & Cardiovascular Systems,Cardiac & Cardiovascular Systems,EUR J PREV CARDIOL,37,78,104,104,26,67,11,396,0.3557692307692308,0.75,0.2626262626262626,0.25,0.6442307692307693,0.1057692307692307
European Urology,2010,1873-7560,0,,Urology & Nephrology,Urology & Nephrology,EUR UROL,21,15,35,35,20,14,1,167,0.6,0.4285714285714285,0.2095808383233532,0.5714285714285714,0.4,0.0285714285714285
European Urology,2011,1873-7560,0,,Urology & Nephrology,Urology & Nephrology,EUR UROL,19,15,31,31,16,12,3,157,0.6129032258064516,0.4838709677419355,0.197452229299363,0.5161290322580645,0.3870967741935484,0.0967741935483871
European Urology,2012,1873-7560,0,,Urology & Nephrology,Urology & Nephrology,EUR UROL,18,18,34,34,16,16,2,139,0.5294117647058824,0.5294117647058824,0.2446043165467626,0.4705882352941176,0.4705882352941176,0.0588235294117647
European Urology,2013,1873-7560,0,,Urology & Nephrology,Urology & Nephrology,EUR UROL,19,11,26,26,15,7,4,127,0.7307692307692307,0.4230769230769231,0.2047244094488189,0.5769230769230769,0.2692307692307692,0.1538461538461538
European Urology,2014,1873-7560,0,,Urology & Nephrology,Urology & Nephrology,EUR UROL,16,12,25,25,13,9,3,159,0.64,0.48,0.1572327044025157,0.52,0.36,0.12
European Urology,2015,1873-7560,0,,Urology & Nephrology,Urology & Nephrology,EUR UROL,11,14,22,22,8,11,3,143,0.5,0.6363636363636364,0.1538461538461538,0.3636363636363636,0.5,0.1363636363636363
European Urology,2016,1873-7560,0,,Urology & Nephrology,Urology & Nephrology,EUR UROL,13,20,29,29,9,16,4,136,0.4482758620689655,0.6896551724137931,0.213235294117647,0.3103448275862069,0.5517241379310345,0.1379310344827586
European Urology,2017,1873-7560,0,,Urology & Nephrology,Urology & Nephrology,EUR UROL,13,20,30,30,10,17,3,104,0.4333333333333333,0.6666666666666666,0.2884615384615384,0.3333333333333333,0.5666666666666667,0.1
European Urology,2018,1873-7560,0,,Urology & Nephrology,Urology & Nephrology,EUR UROL,7,18,22,22,4,15,3,104,0.3181818181818182,0.8181818181818182,0.2115384615384615,0.1818181818181818,0.6818181818181818,0.1363636363636363
European Urology,2019,1873-7560,0,,Urology & Nephrology,Urology & Nephrology,EUR UROL,6,17,18,18,1,12,5,101,0.3333333333333333,0.9444444444444444,0.1782178217821782,0.0555555555555555,0.6666666666666666,0.2777777777777778
European Urology,2020,1873-7560,0,,Urology & Nephrology,Urology & Nephrology,EUR UROL,10,18,24,24,6,14,4,89,0.4166666666666667,0.75,0.2696629213483146,0.25,0.5833333333333334,0.1666666666666666
European Urology,2021,1873-7560,0,,Urology & Nephrology,Urology & Nephrology,EUR UROL,6,14,17,17,3,11,3,92,0.3529411764705882,0.8235294117647058,0.1847826086956521,0.1764705882352941,0.6470588235294118,0.1764705882352941
European Urology,2022,1873-7560,0,,Urology & Nephrology,Urology & Nephrology,EUR UROL,3,15,17,17,2,14,1,74,0.1764705882352941,0.8823529411764706,0.2297297297297297,0.1176470588235294,0.8235294117647058,0.0588235294117647
European Urology,2023,1873-7560,0,,Urology & Nephrology,Urology & Nephrology,EUR UROL,4,9,12,12,3,8,1,64,0.3333333333333333,0.75,0.1875,0.25,0.6666666666666666,0.0833333333333333
European Urology,2024,1873-7560,0,,Urology & Nephrology,Urology & Nephrology,EUR UROL,2,12,14,14,2,12,0,56,0.1428571428571428,0.8571428571428571,0.25,0.1428571428571428,0.8571428571428571,0.0
European Urology,2025,1873-7560,0,,Urology & Nephrology,Urology & Nephrology,EUR UROL,0,4,4,4,0,4,0,45,0.0,1.0,0.0888888888888888,0.0,1.0,0.0
European Urology Oncology,2018,2588-9311,0,,Urology & Nephrology,Oncology; Urology & Nephrology,EUR UROL ONCOL,2,2,3,3,1,1,1,45,0.6666666666666666,0.6666666666666666,0.0666666666666666,0.3333333333333333,0.3333333333333333,0.3333333333333333
European Urology Oncology,2019,2588-9311,0,,Urology & Nephrology,Oncology; Urology & Nephrology,EUR UROL ONCOL,4,9,11,11,2,7,2,49,0.3636363636363636,0.8181818181818182,0.2244897959183673,0.1818181818181818,0.6363636363636364,0.1818181818181818
European Urology Oncology,2020,2588-9311,0,,Urology & Nephrology,Oncology; Urology & Nephrology,EUR UROL ONCOL,6,7,12,12,5,6,1,53,0.5,0.5833333333333334,0.2264150943396226,0.4166666666666667,0.5,0.0833333333333333
European Urology Oncology,2021,2588-9311,0,,Urology & Nephrology,Oncology; Urology & Nephrology,EUR UROL ONCOL,3,9,11,11,2,8,1,54,0.2727272727272727,0.8181818181818182,0.2037037037037037,0.1818181818181818,0.7272727272727273,0.0909090909090909
European Urology Oncology,2022,2588-9311,0,,Urology & Nephrology,Oncology; Urology & Nephrology,EUR UROL ONCOL,0,10,10,10,0,10,0,48,0.0,1.0,0.2083333333333333,0.0,1.0,0.0
European Urology Oncology,2023,2588-9311,0,,Urology & Nephrology,Oncology; Urology & Nephrology,EUR UROL ONCOL,1,4,5,5,1,4,0,41,0.2,0.8,0.1219512195121951,0.2,0.8,0.0
European Urology Oncology,2024,2588-9311,0,,Urology & Nephrology,Oncology; Urology & Nephrology,EUR UROL ONCOL,6,23,27,27,4,21,2,116,0.2222222222222222,0.8518518518518519,0.2327586206896551,0.1481481481481481,0.7777777777777778,0.074074074074074
European Urology Oncology,2025,2588-9311,0,,Urology & Nephrology,Oncology; Urology & Nephrology,EUR UROL ONCOL,11,25,36,36,11,25,0,137,0.3055555555555556,0.6944444444444444,0.2627737226277372,0.3055555555555556,0.6944444444444444,0.0
Experimental Physiology,2010,1469-445X,1,2021,Physiology,Physiology,EXP PHYSIOL,58,11,62,62,51,4,7,87,0.935483870967742,0.1774193548387097,0.7126436781609196,0.8225806451612904,0.064516129032258,0.1129032258064516
Experimental Physiology,2011,1469-445X,1,2021,Physiology,Physiology,EXP PHYSIOL,75,11,82,82,71,7,4,101,0.9146341463414634,0.1341463414634146,0.8118811881188119,0.8658536585365854,0.0853658536585365,0.048780487804878
Experimental Physiology,2012,1469-445X,1,2021,Physiology,Physiology,EXP PHYSIOL,82,14,87,87,73,5,9,100,0.942528735632184,0.160919540229885,0.87,0.8390804597701149,0.057471264367816,0.1034482758620689
Experimental Physiology,2013,1469-445X,1,2021,Physiology,Physiology,EXP PHYSIOL,97,12,105,105,93,8,4,129,0.923809523809524,0.1142857142857142,0.813953488372093,0.8857142857142857,0.0761904761904762,0.0380952380952381
Experimental Physiology,2014,1469-445X,1,2021,Physiology,Physiology,EXP PHYSIOL,70,24,82,82,58,12,12,111,0.8536585365853658,0.2926829268292683,0.7387387387387387,0.7073170731707317,0.1463414634146341,0.1463414634146341
Experimental Physiology,2015,1469-445X,1,2021,Physiology,Physiology,EXP PHYSIOL,72,17,82,82,65,10,7,96,0.8780487804878049,0.2073170731707317,0.8541666666666666,0.7926829268292683,0.1219512195121951,0.0853658536585365
Experimental Physiology,2016,1469-445X,1,2021,Physiology,Physiology,EXP PHYSIOL,68,35,85,85,50,17,18,101,0.8,0.4117647058823529,0.8415841584158416,0.5882352941176471,0.2,0.2117647058823529
Experimental Physiology,2017,1469-445X,1,2021,Physiology,Physiology,EXP PHYSIOL,73,30,92,92,62,19,11,117,0.7934782608695652,0.3260869565217391,0.7863247863247863,0.6739130434782609,0.2065217391304347,0.1195652173913043
Experimental Physiology,2018,1469-445X,1,2021,Physiology,Physiology,EXP PHYSIOL,81,48,110,110,62,29,19,139,0.7363636363636363,0.4363636363636363,0.7913669064748201,0.5636363636363636,0.2636363636363636,0.1727272727272727
Experimental Physiology,2019,1469-445X,1,2021,Physiology,Physiology,EXP PHYSIOL,86,53,120,120,67,34,19,153,0.7166666666666667,0.4416666666666666,0.7843137254901961,0.5583333333333333,0.2833333333333333,0.1583333333333333
Experimental Physiology,2020,1469-445X,1,2021,Physiology,Physiology,EXP PHYSIOL,75,83,133,133,50,58,25,164,0.5639097744360902,0.6240601503759399,0.8109756097560976,0.3759398496240601,0.4360902255639097,0.18796992481203
Experimental Physiology,2021,1469-445X,1,2021,Physiology,Physiology,EXP PHYSIOL,57,115,150,150,35,93,22,177,0.38,0.7666666666666667,0.847457627118644,0.2333333333333333,0.62,0.1466666666666666
Experimental Physiology,2022,1469-445X,1,2021,Physiology,Physiology,EXP PHYSIOL,9,69,74,74,5,65,4,90,0.1216216216216216,0.9324324324324323,0.8222222222222222,0.0675675675675675,0.8783783783783784,0.054054054054054
Experimental Physiology,2023,1469-445X,1,2021,Physiology,Physiology,EXP PHYSIOL,9,81,85,85,4,76,5,100,0.1058823529411764,0.9529411764705882,0.85,0.0470588235294117,0.8941176470588236,0.0588235294117647
Experimental Physiology,2024,1469-445X,1,2021,Physiology,Physiology,EXP PHYSIOL,14,91,92,92,1,78,13,125,0.1521739130434782,0.9891304347826086,0.736,0.0108695652173913,0.8478260869565217,0.1413043478260869
Experimental Physiology,2025,1469-445X,1,2021,Physiology,Physiology,EXP PHYSIOL,35,175,188,188,13,153,22,253,0.1861702127659574,0.9308510638297872,0.7430830039525692,0.0691489361702127,0.8138297872340425,0.1170212765957446
Free Radical Biology and Medicine,2010,1873-4596,0,,Endocrinology & Metabolism,Biochemistry & Molecular Biology; Endocrinology & Metabolism,FREE RADICAL BIO MED,313,55,322,322,267,9,46,353,0.9720496894409938,0.170807453416149,0.9121813031161472,0.8291925465838509,0.0279503105590062,0.1428571428571428
Free Radical Biology and Medicine,2011,1873-4596,0,,Endocrinology & Metabolism,Biochemistry & Molecular Biology; Endocrinology & Metabolism,FREE RADICAL BIO MED,310,61,318,318,257,8,53,354,0.9748427672955976,0.1918238993710692,0.8983050847457628,0.8081761006289309,0.0251572327044025,0.1666666666666666
Free Radical Biology and Medicine,2012,1873-4596,0,,Endocrinology & Metabolism,Biochemistry & Molecular Biology; Endocrinology & Metabolism,FREE RADICAL BIO MED,331,60,339,339,279,8,52,378,0.976401179941003,0.1769911504424778,0.8968253968253969,0.8230088495575221,0.023598820058997,0.1533923303834808
Free Radical Biology and Medicine,2013,1873-4596,0,,Endocrinology & Metabolism,Biochemistry & Molecular Biology; Endocrinology & Metabolism,FREE RADICAL BIO MED,277,49,286,286,237,9,40,326,0.9685314685314684,0.1713286713286713,0.8773006134969326,0.8286713286713286,0.0314685314685314,0.1398601398601398
Free Radical Biology and Medicine,2014,1873-4596,0,,Endocrinology & Metabolism,Biochemistry & Molecular Biology; Endocrinology & Metabolism,FREE RADICAL BIO MED,301,37,305,305,268,4,33,331,0.9868852459016394,0.121311475409836,0.9214501510574018,0.8786885245901639,0.0131147540983606,0.1081967213114754
Free Radical Biology and Medicine,2015,1873-4596,0,,Endocrinology & Metabolism,Biochemistry & Molecular Biology; Endocrinology & Metabolism,FREE RADICAL BIO MED,303,68,314,314,246,11,57,348,0.964968152866242,0.2165605095541401,0.9022988505747126,0.7834394904458599,0.0350318471337579,0.1815286624203821
Free Radical Biology and Medicine,2016,1873-4596,0,,Endocrinology & Metabolism,Biochemistry & Molecular Biology; Endocrinology & Metabolism,FREE RADICAL BIO MED,283,68,295,295,227,12,56,324,0.9593220338983052,0.2305084745762712,0.910493827160494,0.7694915254237288,0.0406779661016949,0.1898305084745762
Free Radical Biology and Medicine,2017,1873-4596,0,,Endocrinology & Metabolism,Biochemistry & Molecular Biology; Endocrinology & Metabolism,FREE RADICAL BIO MED,288,63,296,296,233,8,55,322,0.972972972972973,0.2128378378378378,0.9192546583850932,0.7871621621621622,0.027027027027027,0.1858108108108108
Free Radical Biology and Medicine,2018,1873-4596,0,,Endocrinology & Metabolism,Biochemistry & Molecular Biology; Endocrinology & Metabolism,FREE RADICAL BIO MED,261,81,276,276,195,15,66,303,0.9456521739130436,0.2934782608695652,0.9108910891089108,0.7065217391304348,0.0543478260869565,0.2391304347826087
Free Radical Biology and Medicine,2019,1873-4596,0,,Endocrinology & Metabolism,Biochemistry & Molecular Biology; Endocrinology & Metabolism,FREE RADICAL BIO MED,297,113,315,315,202,18,95,348,0.9428571428571428,0.3587301587301587,0.9051724137931034,0.6412698412698413,0.0571428571428571,0.3015873015873015
Free Radical Biology and Medicine,2020,1873-4596,0,,Endocrinology & Metabolism,Biochemistry & Molecular Biology; Endocrinology & Metabolism,FREE RADICAL BIO MED,262,102,294,294,192,32,70,330,0.891156462585034,0.3469387755102041,0.8909090909090909,0.6530612244897959,0.1088435374149659,0.238095238095238
Free Radical Biology and Medicine,2021,1873-4596,0,,Endocrinology & Metabolism,Biochemistry & Molecular Biology; Endocrinology & Metabolism,FREE RADICAL BIO MED,274,163,325,325,162,51,112,371,0.8430769230769231,0.5015384615384615,0.876010781671159,0.4984615384615384,0.1569230769230769,0.3446153846153846
Free Radical Biology and Medicine,2022,1873-4596,0,,Endocrinology & Metabolism,Biochemistry & Molecular Biology; Endocrinology & Metabolism,FREE RADICAL BIO MED,213,174,273,273,99,60,114,295,0.7802197802197802,0.6373626373626373,0.9254237288135592,0.3626373626373626,0.2197802197802197,0.4175824175824176
Free Radical Biology and Medicine,2023,1873-4596,0,,Endocrinology & Metabolism,Biochemistry & Molecular Biology; Endocrinology & Metabolism,FREE RADICAL BIO MED,216,186,286,286,100,70,116,304,0.7552447552447552,0.6503496503496503,0.9407894736842104,0.3496503496503496,0.2447552447552447,0.4055944055944055
Free Radical Biology and Medicine,2024,1873-4596,0,,Endocrinology & Metabolism,Biochemistry & Molecular Biology; Endocrinology & Metabolism,FREE RADICAL BIO MED,301,300,418,418,118,117,183,435,0.7200956937799043,0.7177033492822966,0.960919540229885,0.2822966507177033,0.2799043062200957,0.4377990430622009
Free Radical Biology and Medicine,2025,1873-4596,0,,Endocrinology & Metabolism,Biochemistry & Molecular Biology; Endocrinology & Metabolism,FREE RADICAL BIO MED,374,389,532,532,143,158,231,550,0.7030075187969925,0.731203007518797,0.9672727272727272,0.268796992481203,0.2969924812030075,0.4342105263157895
Frontiers in Cardiovascular Medicine,2014,2297-055X,0,,Cardiac & Cardiovascular Systems,Cardiac & Cardiovascular Systems,FRONT CARDIOVASC MED,1,0,1,1,1,0,0,4,1.0,0.0,0.25,1.0,0.0,0.0
Frontiers in Cardiovascular Medicine,2015,2297-055X,0,,Cardiac & Cardiovascular Systems,Cardiac & Cardiovascular Systems,FRONT CARDIOVASC MED,3,5,8,8,3,5,0,19,0.375,0.625,0.4210526315789473,0.375,0.625,0.0
Frontiers in Cardiovascular Medicine,2016,2297-055X,0,,Cardiac & Cardiovascular Systems,Cardiac & Cardiovascular Systems,FRONT CARDIOVASC MED,5,3,7,7,4,2,1,14,0.7142857142857143,0.4285714285714285,0.5,0.5714285714285714,0.2857142857142857,0.1428571428571428
Frontiers in Cardiovascular Medicine,2017,2297-055X,0,,Cardiac & Cardiovascular Systems,Cardiac & Cardiovascular Systems,FRONT CARDIOVASC MED,9,11,17,17,6,8,3,37,0.5294117647058824,0.6470588235294118,0.4594594594594595,0.3529411764705882,0.4705882352941176,0.1764705882352941
Frontiers in Cardiovascular Medicine,2018,2297-055X,0,,Cardiac & Cardiovascular Systems,Cardiac & Cardiovascular Systems,FRONT CARDIOVASC MED,23,22,36,36,14,13,9,88,0.6388888888888888,0.6111111111111112,0.4090909090909091,0.3888888888888889,0.3611111111111111,0.25
Frontiers in Cardiovascular Medicine,2019,2297-055X,0,,Cardiac & Cardiovascular Systems,Cardiac & Cardiovascular Systems,FRONT CARDIOVASC MED,22,19,34,34,15,12,7,60,0.6470588235294118,0.5588235294117647,0.5666666666666667,0.4411764705882353,0.3529411764705882,0.2058823529411764
Frontiers in Cardiovascular Medicine,2020,2297-055X,0,,Cardiac & Cardiovascular Systems,Cardiac & Cardiovascular Systems,FRONT CARDIOVASC MED,47,67,103,103,36,56,11,200,0.4563106796116505,0.6504854368932039,0.515,0.3495145631067961,0.5436893203883495,0.1067961165048543
Frontiers in Cardiovascular Medicine,2021,2297-055X,0,,Cardiac & Cardiovascular Systems,Cardiac & Cardiovascular Systems,FRONT CARDIOVASC MED,355,481,699,699,218,344,137,1473,0.5078683834048641,0.6881258941344778,0.4745417515274949,0.3118741058655221,0.4921316165951359,0.1959942775393419
Frontiers in Cardiovascular Medicine,2022,2297-055X,0,,Cardiac & Cardiovascular Systems,Cardiac & Cardiovascular Systems,FRONT CARDIOVASC MED,424,809,1067,1067,258,643,166,2495,0.3973758200562324,0.7582005623242737,0.4276553106212425,0.2417994376757263,0.6026241799437676,0.155576382380506
Frontiers in Cardiovascular Medicine,2023,2297-055X,0,,Cardiac & Cardiovascular Systems,Cardiac & Cardiovascular Systems,FRONT CARDIOVASC MED,173,395,509,509,114,336,59,1345,0.3398821218074656,0.7760314341846758,0.3784386617100371,0.2239685658153241,0.6601178781925344,0.1159135559921414
Frontiers in Cardiovascular Medicine,2024,2297-055X,0,,Cardiac & Cardiovascular Systems,Cardiac & Cardiovascular Systems,FRONT CARDIOVASC MED,110,254,324,324,70,214,40,917,0.3395061728395062,0.7839506172839507,0.3533260632497274,0.2160493827160493,0.6604938271604939,0.1234567901234567
Frontiers in Cardiovascular Medicine,2025,2297-055X,0,,Cardiac & Cardiovascular Systems,Cardiac & Cardiovascular Systems,FRONT CARDIOVASC MED,143,313,402,402,89,259,54,1020,0.3557213930348258,0.7786069651741293,0.3941176470588235,0.2213930348258706,0.6442786069651741,0.1343283582089552
Frontiers in Endocrinology,2010,1664-2392,0,,Endocrinology & Metabolism,Endocrinology & Metabolism,FRONT ENDOCRINOL,2,1,2,2,1,0,1,5,1.0,0.5,0.4,0.5,0.0,0.5
Frontiers in Endocrinology,2011,1664-2392,0,,Endocrinology & Metabolism,Endocrinology & Metabolism,FRONT ENDOCRINOL,36,11,42,42,31,6,5,108,0.8571428571428571,0.2619047619047619,0.3888888888888889,0.7380952380952381,0.1428571428571428,0.119047619047619
Frontiers in Endocrinology,2012,1664-2392,0,,Endocrinology & Metabolism,Endocrinology & Metabolism,FRONT ENDOCRINOL,33,8,38,38,30,5,3,163,0.868421052631579,0.2105263157894736,0.2331288343558282,0.7894736842105263,0.131578947368421,0.0789473684210526
Frontiers in Endocrinology,2013,1664-2392,0,,Endocrinology & Metabolism,Endocrinology & Metabolism,FRONT ENDOCRINOL,33,8,38,38,30,5,3,129,0.868421052631579,0.2105263157894736,0.2945736434108527,0.7894736842105263,0.131578947368421,0.0789473684210526
Frontiers in Endocrinology,2014,1664-2392,0,,Endocrinology & Metabolism,Endocrinology & Metabolism,FRONT ENDOCRINOL,38,10,41,41,31,3,7,59,0.926829268292683,0.2439024390243902,0.6949152542372882,0.7560975609756098,0.073170731707317,0.1707317073170731
Frontiers in Endocrinology,2015,1664-2392,0,,Endocrinology & Metabolism,Endocrinology & Metabolism,FRONT ENDOCRINOL,31,10,36,36,26,5,5,49,0.8611111111111112,0.2777777777777778,0.7346938775510204,0.7222222222222222,0.1388888888888889,0.1388888888888889
Frontiers in Endocrinology,2016,1664-2392,0,,Endocrinology & Metabolism,Endocrinology & Metabolism,FRONT ENDOCRINOL,45,14,49,49,35,4,10,72,0.9183673469387756,0.2857142857142857,0.6805555555555556,0.7142857142857143,0.0816326530612244,0.2040816326530612
Frontiers in Endocrinology,2017,1664-2392,0,,Endocrinology & Metabolism,Endocrinology & Metabolism,FRONT ENDOCRINOL,90,39,104,104,65,14,25,160,0.8653846153846154,0.375,0.65,0.625,0.1346153846153846,0.2403846153846154
Frontiers in Endocrinology,2018,1664-2392,0,,Endocrinology & Metabolism,Endocrinology & Metabolism,FRONT ENDOCRINOL,208,98,263,263,165,55,43,425,0.7908745247148289,0.3726235741444867,0.6188235294117647,0.6273764258555133,0.2091254752851711,0.1634980988593156
Frontiers in Endocrinology,2019,1664-2392,0,,Endocrinology & Metabolism,Endocrinology & Metabolism,FRONT ENDOCRINOL,215,114,281,281,167,66,48,485,0.7651245551601423,0.4056939501779359,0.5793814432989691,0.594306049822064,0.2348754448398576,0.1708185053380783
Frontiers in Endocrinology,2020,1664-2392,0,,Endocrinology & Metabolism,Endocrinology & Metabolism,FRONT ENDOCRINOL,227,173,341,341,168,114,59,608,0.6656891495601173,0.5073313782991202,0.5608552631578947,0.4926686217008797,0.3343108504398827,0.1730205278592375
Frontiers in Endocrinology,2021,1664-2392,0,,Endocrinology & Metabolism,Endocrinology & Metabolism,FRONT ENDOCRINOL,340,380,602,602,222,262,118,1189,0.5647840531561462,0.6312292358803987,0.5063078216989066,0.3687707641196013,0.4352159468438538,0.1960132890365448
Frontiers in Endocrinology,2022,1664-2392,0,,Endocrinology & Metabolism,Endocrinology & Metabolism,FRONT ENDOCRINOL,663,783,1208,1208,425,545,238,2371,0.5488410596026491,0.6481788079470199,0.5094896668072543,0.3518211920529801,0.451158940397351,0.1970198675496688
Frontiers in Endocrinology,2023,1664-2392,0,,Endocrinology & Metabolism,Endocrinology & Metabolism,FRONT ENDOCRINOL,457,693,932,932,239,475,218,2060,0.490343347639485,0.7435622317596566,0.4524271844660194,0.2564377682403433,0.509656652360515,0.2339055793991416
Frontiers in Endocrinology,2024,1664-2392,0,,Endocrinology & Metabolism,Endocrinology & Metabolism,FRONT ENDOCRINOL,210,464,584,584,120,374,90,1614,0.3595890410958904,0.7945205479452054,0.3618339529120198,0.2054794520547945,0.6404109589041096,0.1541095890410959
Frontiers in Endocrinology,2025,1664-2392,0,,Endocrinology & Metabolism,Endocrinology & Metabolism,FRONT ENDOCRINOL,270,553,704,704,151,434,119,1697,0.3835227272727273,0.7855113636363636,0.4148497348261638,0.2144886363636363,0.6164772727272727,0.1690340909090909
Frontiers in Immunology,2011,1664-3224,0,,Immunology,Immunology,FRONT IMMUNOL,25,15,29,29,14,4,11,82,0.8620689655172413,0.5172413793103449,0.3536585365853658,0.4827586206896552,0.1379310344827586,0.3793103448275862
Frontiers in Immunology,2012,1664-3224,0,,Immunology,Immunology,FRONT IMMUNOL,59,38,74,74,36,15,23,382,0.7972972972972973,0.5135135135135135,0.193717277486911,0.4864864864864865,0.2027027027027027,0.3108108108108108
Frontiers in Immunology,2013,1664-3224,0,,Immunology,Immunology,FRONT IMMUNOL,75,58,96,96,38,21,37,274,0.78125,0.6041666666666666,0.3503649635036496,0.3958333333333333,0.21875,0.3854166666666667
Frontiers in Immunology,2014,1664-3224,0,,Immunology,Immunology,FRONT IMMUNOL,86,62,104,104,42,18,44,133,0.8269230769230769,0.5961538461538461,0.7819548872180451,0.4038461538461538,0.173076923076923,0.4230769230769231
Frontiers in Immunology,2015,1664-3224,0,,Immunology,Immunology,FRONT IMMUNOL,83,76,115,115,39,32,44,145,0.7217391304347827,0.6608695652173913,0.7931034482758621,0.3391304347826087,0.2782608695652174,0.3826086956521739
Frontiers in Immunology,2016,1664-3224,0,,Immunology,Immunology,FRONT IMMUNOL,194,180,259,259,79,65,115,309,0.749034749034749,0.694980694980695,0.8381877022653722,0.305019305019305,0.2509652509652509,0.444015444015444
Frontiers in Immunology,2017,1664-3224,0,,Immunology,Immunology,FRONT IMMUNOL,888,755,1116,1116,361,228,527,1272,0.7956989247311828,0.6765232974910395,0.8773584905660378,0.3234767025089606,0.2043010752688172,0.4722222222222222
Frontiers in Immunology,2018,1664-3224,0,,Immunology,Immunology,FRONT IMMUNOL,1338,1237,1766,1766,529,428,809,1920,0.7576443941109853,0.7004530011325029,0.9197916666666668,0.2995469988674972,0.2423556058890147,0.4580973952434881
Frontiers in Immunology,2019,1664-3224,0,,Immunology,Immunology,FRONT IMMUNOL,1187,1235,1694,1694,459,507,728,1867,0.7007083825265643,0.7290436835891382,0.9073379753615426,0.2709563164108619,0.2992916174734356,0.4297520661157025
Frontiers in Immunology,2020,1664-3224,0,,Immunology,Immunology,FRONT IMMUNOL,1240,1505,1943,1943,438,703,802,2194,0.638188368502316,0.7745753988677303,0.8855970829535096,0.2254246011322697,0.3618116314976839,0.4127637673700463
Frontiers in Immunology,2021,1664-3224,0,,Immunology,Immunology,FRONT IMMUNOL,1767,2676,3274,3274,598,1507,1169,3775,0.5397067806963959,0.8173488087965791,0.8672847682119206,0.1826511912034208,0.4602932193036042,0.3570555894929749
Frontiers in Immunology,2022,1664-3224,0,,Immunology,Immunology,FRONT IMMUNOL,2269,3830,4563,4563,733,2294,1536,5329,0.4972605741836511,0.8393600701293009,0.8562582097954589,0.1606399298706991,0.5027394258163489,0.336620644312952
Frontiers in Immunology,2023,1664-3224,0,,Immunology,Immunology,FRONT IMMUNOL,1604,2715,3163,3163,448,1559,1156,3883,0.5071134998419222,0.8583623142586152,0.814576358485707,0.1416376857413847,0.4928865001580778,0.3654758141005375
Frontiers in Immunology,2024,1664-3224,0,,Immunology,Immunology,FRONT IMMUNOL,1246,2261,2611,2611,350,1365,896,3257,0.4772117962466488,0.8659517426273459,0.801657967454713,0.1340482573726541,0.5227882037533512,0.3431635388739946
Frontiers in Immunology,2025,1664-3224,0,,Immunology,Immunology,FRONT IMMUNOL,1637,2781,3178,3178,397,1541,1240,3896,0.5151038388923852,0.8750786658275646,0.8157084188911704,0.1249213341724354,0.4848961611076148,0.3901825047199496
Frontiers in Physiology,2010,1664-042X,0,,Physiology,Physiology,FRONT PHYSIOL,15,4,17,17,13,2,2,41,0.8823529411764706,0.2352941176470588,0.4146341463414634,0.7647058823529411,0.1176470588235294,0.1176470588235294
Frontiers in Physiology,2011,1664-042X,0,,Physiology,Physiology,FRONT PHYSIOL,32,14,42,42,28,10,4,105,0.7619047619047619,0.3333333333333333,0.4,0.6666666666666666,0.238095238095238,0.0952380952380952
Frontiers in Physiology,2012,1664-042X,0,,Physiology,Physiology,FRONT PHYSIOL,113,59,153,153,94,40,19,441,0.738562091503268,0.3856209150326797,0.3469387755102041,0.6143790849673203,0.261437908496732,0.1241830065359477
Frontiers in Physiology,2013,1664-042X,0,,Physiology,Physiology,FRONT PHYSIOL,89,37,108,108,71,19,18,252,0.8240740740740741,0.3425925925925926,0.4285714285714285,0.6574074074074074,0.1759259259259259,0.1666666666666666
Frontiers in Physiology,2014,1664-042X,0,,Physiology,Physiology,FRONT PHYSIOL,115,54,142,142,88,27,27,236,0.8098591549295775,0.380281690140845,0.6016949152542372,0.6197183098591549,0.1901408450704225,0.1901408450704225
Frontiers in Physiology,2015,1664-042X,0,,Physiology,Physiology,FRONT PHYSIOL,127,45,149,149,104,22,23,216,0.8523489932885906,0.3020134228187919,0.6898148148148148,0.697986577181208,0.1476510067114094,0.1543624161073825
Frontiers in Physiology,2016,1664-042X,0,,Physiology,Physiology,FRONT PHYSIOL,203,78,247,247,169,44,34,346,0.8218623481781376,0.3157894736842105,0.7138728323699421,0.6842105263157895,0.1781376518218623,0.1376518218623481
Frontiers in Physiology,2017,1664-042X,0,,Physiology,Physiology,FRONT PHYSIOL,476,237,604,604,367,128,109,842,0.7880794701986755,0.3923841059602649,0.7173396674584323,0.6076158940397351,0.2119205298013245,0.1804635761589404
Frontiers in Physiology,2018,1664-042X,0,,Physiology,Physiology,FRONT PHYSIOL,818,469,1082,1082,613,264,205,1517,0.756007393715342,0.433456561922366,0.7132498352010547,0.566543438077634,0.243992606284658,0.1894639556377079
Frontiers in Physiology,2019,1664-042X,0,,Physiology,Physiology,FRONT PHYSIOL,651,431,902,902,471,251,180,1259,0.7217294900221729,0.4778270509977827,0.716441620333598,0.5221729490022173,0.278270509977827,0.1995565410199556
Frontiers in Physiology,2020,1664-042X,0,,Physiology,Physiology,FRONT PHYSIOL,634,476,921,921,445,287,189,1292,0.6883821932681867,0.5168295331161781,0.7128482972136223,0.4831704668838219,0.3116178067318133,0.2052117263843648
Frontiers in Physiology,2021,1664-042X,0,,Physiology,Physiology,FRONT PHYSIOL,801,753,1288,1288,535,487,266,1838,0.6218944099378882,0.5846273291925466,0.7007616974972797,0.4153726708074534,0.3781055900621118,0.2065217391304347
Frontiers in Physiology,2022,1664-042X,0,,Physiology,Physiology,FRONT PHYSIOL,715,817,1277,1277,460,562,255,1924,0.5599060297572436,0.6397807361002349,0.6637214137214137,0.360219263899765,0.4400939702427565,0.1996867658574784
Frontiers in Physiology,2023,1664-042X,0,,Physiology,Physiology,FRONT PHYSIOL,408,536,789,789,253,381,155,1220,0.5171102661596958,0.679340937896071,0.6467213114754098,0.320659062103929,0.4828897338403042,0.1964512040557668
Frontiers in Physiology,2024,1664-042X,0,,Physiology,Physiology,FRONT PHYSIOL,205,290,419,419,129,214,76,672,0.4892601431980907,0.6921241050119332,0.6235119047619048,0.3078758949880668,0.5107398568019093,0.1813842482100238
Frontiers in Physiology,2025,1664-042X,0,,Physiology,Physiology,FRONT PHYSIOL,1,2,3,3,1,2,0,6,0.3333333333333333,0.6666666666666666,0.5,0.3333333333333333,0.6666666666666666,0.0
Gastric Cancer,2010,1436-3305,0,,Oncology,Gastroenterology & Hepatology; Oncology,GASTRIC CANCER,0,3,3,3,0,3,0,27,0.0,1.0,0.1111111111111111,0.0,1.0,0.0
Gastric Cancer,2011,1436-3305,0,,Oncology,Gastroenterology & Hepatology; Oncology,GASTRIC CANCER,3,0,3,3,3,0,0,44,1.0,0.0,0.0681818181818181,1.0,0.0,0.0
Gastric Cancer,2012,1436-3305,0,,Oncology,Gastroenterology & Hepatology; Oncology,GASTRIC CANCER,7,10,14,14,4,7,3,46,0.5,0.7142857142857143,0.3043478260869565,0.2857142857142857,0.5,0.2142857142857142
Gastric Cancer,2013,1436-3305,0,,Oncology,Gastroenterology & Hepatology; Oncology,GASTRIC CANCER,7,9,15,15,6,8,1,71,0.4666666666666667,0.6,0.2112676056338028,0.4,0.5333333333333333,0.0666666666666666
Gastric Cancer,2014,1436-3305,0,,Oncology,Gastroenterology & Hepatology; Oncology,GASTRIC CANCER,11,3,12,12,9,1,2,79,0.9166666666666666,0.25,0.1518987341772152,0.75,0.0833333333333333,0.1666666666666666
Gastric Cancer,2015,1436-3305,0,,Oncology,Gastroenterology & Hepatology; Oncology,GASTRIC CANCER,14,11,21,21,10,7,4,85,0.6666666666666666,0.5238095238095238,0.2470588235294117,0.4761904761904761,0.3333333333333333,0.1904761904761904
Gastric Cancer,2016,1436-3305,0,,Oncology,Gastroenterology & Hepatology; Oncology,GASTRIC CANCER,21,26,41,41,15,20,6,109,0.5121951219512195,0.6341463414634146,0.3761467889908257,0.3658536585365853,0.4878048780487805,0.1463414634146341
Gastric Cancer,2017,1436-3305,0,,Oncology,Gastroenterology & Hepatology; Oncology,GASTRIC CANCER,16,12,23,23,11,7,5,106,0.6956521739130435,0.5217391304347826,0.2169811320754717,0.4782608695652174,0.3043478260869565,0.217391304347826
Gastric Cancer,2018,1436-3305,0,,Oncology,Gastroenterology & Hepatology; Oncology,GASTRIC CANCER,13,18,25,25,7,12,6,105,0.52,0.72,0.238095238095238,0.28,0.48,0.24
Gastric Cancer,2019,1436-3305,0,,Oncology,Gastroenterology & Hepatology; Oncology,GASTRIC CANCER,23,28,40,40,12,17,11,120,0.575,0.7,0.3333333333333333,0.3,0.425,0.275
Gastric Cancer,2020,1436-3305,0,,Oncology,Gastroenterology & Hepatology; Oncology,GASTRIC CANCER,33,32,43,43,11,10,22,93,0.7674418604651163,0.7441860465116279,0.4623655913978494,0.2558139534883721,0.2325581395348837,0.5116279069767442
Gastric Cancer,2021,1436-3305,0,,Oncology,Gastroenterology & Hepatology; Oncology,GASTRIC CANCER,37,38,58,58,20,21,17,107,0.6379310344827587,0.6551724137931034,0.5420560747663551,0.3448275862068966,0.3620689655172414,0.293103448275862
Gastric Cancer,2022,1436-3305,0,,Oncology,Gastroenterology & Hepatology; Oncology,GASTRIC CANCER,24,31,36,36,5,12,19,89,0.6666666666666666,0.8611111111111112,0.4044943820224719,0.1388888888888889,0.3333333333333333,0.5277777777777778
Gastric Cancer,2023,1436-3305,0,,Oncology,Gastroenterology & Hepatology; Oncology,GASTRIC CANCER,16,35,38,38,3,22,13,77,0.4210526315789473,0.9210526315789472,0.4935064935064935,0.0789473684210526,0.5789473684210527,0.3421052631578947
Gastric Cancer,2024,1436-3305,0,,Oncology,Gastroenterology & Hepatology; Oncology,GASTRIC CANCER,20,32,38,38,6,18,14,89,0.5263157894736842,0.8421052631578947,0.4269662921348314,0.1578947368421052,0.4736842105263157,0.3684210526315789
Gastric Cancer,2025,1436-3305,0,,Oncology,Gastroenterology & Hepatology; Oncology,GASTRIC CANCER,25,43,49,49,6,24,19,95,0.5102040816326531,0.8775510204081632,0.5157894736842106,0.1224489795918367,0.4897959183673469,0.3877551020408163
Gene Therapy,2010,1476-5462,1,2013,Genetics & Heredity,"Biochemistry & Molecular Biology; Biotechnology & Applied Microbiology; Genetics & Heredity; Medicine, Research & Experimental",GENE THER,120,32,128,128,96,8,24,142,0.9375,0.25,0.9014084507042254,0.75,0.0625,0.1875
Gene Therapy,2011,1476-5462,1,2013,Genetics & Heredity,"Biochemistry & Molecular Biology; Biotechnology & Applied Microbiology; Genetics & Heredity; Medicine, Research & Experimental",GENE THER,108,32,114,114,82,6,26,124,0.9473684210526316,0.2807017543859649,0.9193548387096774,0.7192982456140351,0.0526315789473684,0.2280701754385964
Gene Therapy,2012,1476-5462,1,2013,Genetics & Heredity,"Biochemistry & Molecular Biology; Biotechnology & Applied Microbiology; Genetics & Heredity; Medicine, Research & Experimental",GENE THER,103,27,106,106,79,3,24,115,0.9716981132075472,0.2547169811320754,0.9217391304347826,0.7452830188679245,0.0283018867924528,0.2264150943396226
Gene Therapy,2013,1476-5462,1,2013,Genetics & Heredity,"Biochemistry & Molecular Biology; Biotechnology & Applied Microbiology; Genetics & Heredity; Medicine, Research & Experimental",GENE THER,111,32,117,117,85,6,26,126,0.9487179487179488,0.2735042735042735,0.9285714285714286,0.7264957264957265,0.0512820512820512,0.2222222222222222
Gene Therapy,2014,1476-5462,1,2013,Genetics & Heredity,"Biochemistry & Molecular Biology; Biotechnology & Applied Microbiology; Genetics & Heredity; Medicine, Research & Experimental",GENE THER,108,36,113,113,77,5,31,122,0.9557522123893806,0.3185840707964602,0.9262295081967212,0.6814159292035398,0.0442477876106194,0.2743362831858407
Gene Therapy,2015,1476-5462,1,2013,Genetics & Heredity,"Biochemistry & Molecular Biology; Biotechnology & Applied Microbiology; Genetics & Heredity; Medicine, Research & Experimental",GENE THER,103,34,105,105,71,2,32,109,0.9809523809523808,0.3238095238095238,0.963302752293578,0.6761904761904762,0.019047619047619,0.3047619047619048
Gene Therapy,2016,1476-5462,1,2013,Genetics & Heredity,"Biochemistry & Molecular Biology; Biotechnology & Applied Microbiology; Genetics & Heredity; Medicine, Research & Experimental",GENE THER,79,22,84,84,62,5,17,90,0.9404761904761904,0.2619047619047619,0.9333333333333332,0.7380952380952381,0.0595238095238095,0.2023809523809523
Gene Therapy,2017,1476-5462,1,2013,Genetics & Heredity,"Biochemistry & Molecular Biology; Biotechnology & Applied Microbiology; Genetics & Heredity; Medicine, Research & Experimental",GENE THER,55,18,61,61,43,6,12,69,0.9016393442622952,0.2950819672131147,0.8840579710144928,0.7049180327868853,0.0983606557377049,0.1967213114754098
Gene Therapy,2018,1476-5462,1,2013,Genetics & Heredity,"Biochemistry & Molecular Biology; Biotechnology & Applied Microbiology; Genetics & Heredity; Medicine, Research & Experimental",GENE THER,32,16,37,37,21,5,11,40,0.8648648648648649,0.4324324324324324,0.925,0.5675675675675675,0.1351351351351351,0.2972972972972973
Gene Therapy,2019,1476-5462,1,2013,Genetics & Heredity,"Biochemistry & Molecular Biology; Biotechnology & Applied Microbiology; Genetics & Heredity; Medicine, Research & Experimental",GENE THER,28,22,37,37,15,9,13,43,0.7567567567567568,0.5945945945945946,0.8604651162790697,0.4054054054054054,0.2432432432432432,0.3513513513513513
Gene Therapy,2020,1476-5462,1,2013,Genetics & Heredity,"Biochemistry & Molecular Biology; Biotechnology & Applied Microbiology; Genetics & Heredity; Medicine, Research & Experimental",GENE THER,25,17,30,30,13,5,12,32,0.8333333333333334,0.5666666666666667,0.9375,0.4333333333333333,0.1666666666666666,0.4
Gene Therapy,2021,1476-5462,1,2013,Genetics & Heredity,"Biochemistry & Molecular Biology; Biotechnology & Applied Microbiology; Genetics & Heredity; Medicine, Research & Experimental",GENE THER,31,20,37,37,17,6,14,41,0.8378378378378378,0.5405405405405406,0.902439024390244,0.4594594594594595,0.1621621621621621,0.3783783783783784
Gene Therapy,2022,1476-5462,1,2013,Genetics & Heredity,"Biochemistry & Molecular Biology; Biotechnology & Applied Microbiology; Genetics & Heredity; Medicine, Research & Experimental",GENE THER,42,32,50,50,18,8,24,56,0.84,0.64,0.8928571428571429,0.36,0.16,0.48
Gene Therapy,2023,1476-5462,1,2013,Genetics & Heredity,"Biochemistry & Molecular Biology; Biotechnology & Applied Microbiology; Genetics & Heredity; Medicine, Research & Experimental",GENE THER,38,45,59,59,14,21,24,72,0.6440677966101694,0.7627118644067796,0.8194444444444444,0.2372881355932203,0.3559322033898305,0.4067796610169492
Gene Therapy,2024,1476-5462,1,2013,Genetics & Heredity,"Biochemistry & Molecular Biology; Biotechnology & Applied Microbiology; Genetics & Heredity; Medicine, Research & Experimental",GENE THER,34,31,46,46,15,12,19,52,0.7391304347826086,0.6739130434782609,0.8846153846153846,0.3260869565217391,0.2608695652173913,0.4130434782608695
Gene Therapy,2025,1476-5462,1,2013,Genetics & Heredity,"Biochemistry & Molecular Biology; Biotechnology & Applied Microbiology; Genetics & Heredity; Medicine, Research & Experimental",GENE THER,37,43,56,56,13,19,24,67,0.6607142857142857,0.7678571428571429,0.835820895522388,0.2321428571428571,0.3392857142857143,0.4285714285714285
General Physiology,2010,1540-7748,1,2021,Physiology,Physiology,J GEN PHYSIOL,48,24,59,59,35,11,13,80,0.8135593220338984,0.4067796610169492,0.7375,0.5932203389830508,0.1864406779661017,0.2203389830508474
General Physiology,2011,1540-7748,1,2021,Physiology,Physiology,J GEN PHYSIOL,37,24,46,46,22,9,15,67,0.8043478260869565,0.5217391304347826,0.6865671641791045,0.4782608695652174,0.1956521739130435,0.3260869565217391
General Physiology,2012,1540-7748,1,2021,Physiology,Physiology,J GEN PHYSIOL,33,23,42,42,19,9,14,71,0.7857142857142857,0.5476190476190477,0.5915492957746479,0.4523809523809524,0.2142857142857142,0.3333333333333333
General Physiology,2013,1540-7748,1,2021,Physiology,Physiology,J GEN PHYSIOL,49,24,59,59,35,10,14,87,0.8305084745762712,0.4067796610169492,0.6781609195402298,0.5932203389830508,0.1694915254237288,0.2372881355932203
General Physiology,2014,1540-7748,1,2021,Physiology,Physiology,J GEN PHYSIOL,47,37,60,60,23,13,24,77,0.7833333333333333,0.6166666666666667,0.7792207792207793,0.3833333333333333,0.2166666666666666,0.4
General Physiology,2015,1540-7748,1,2021,Physiology,Physiology,J GEN PHYSIOL,36,23,48,48,25,12,11,61,0.75,0.4791666666666667,0.7868852459016393,0.5208333333333334,0.25,0.2291666666666666
General Physiology,2016,1540-7748,1,2021,Physiology,Physiology,J GEN PHYSIOL,38,24,47,47,23,9,15,56,0.8085106382978723,0.5106382978723404,0.8392857142857143,0.4893617021276595,0.1914893617021276,0.3191489361702128
General Physiology,2017,1540-7748,1,2021,Physiology,Physiology,J GEN PHYSIOL,30,19,36,36,17,6,13,48,0.8333333333333334,0.5277777777777778,0.75,0.4722222222222222,0.1666666666666666,0.3611111111111111
General Physiology,2018,1540-7748,1,2021,Physiology,Physiology,J GEN PHYSIOL,48,28,62,62,34,14,14,89,0.7741935483870968,0.4516129032258064,0.6966292134831461,0.5483870967741935,0.2258064516129032,0.2258064516129032
General Physiology,2019,1540-7748,1,2021,Physiology,Physiology,J GEN PHYSIOL,39,35,59,59,24,20,15,84,0.6610169491525424,0.5932203389830508,0.7023809523809523,0.4067796610169492,0.3389830508474576,0.2542372881355932
General Physiology,2020,1540-7748,1,2021,Physiology,Physiology,J GEN PHYSIOL,34,31,45,45,14,11,20,54,0.7555555555555555,0.6888888888888889,0.8333333333333334,0.3111111111111111,0.2444444444444444,0.4444444444444444
General Physiology,2021,1540-7748,1,2021,Physiology,Physiology,J GEN PHYSIOL,33,57,75,75,18,42,15,88,0.44,0.76,0.8522727272727273,0.24,0.56,0.2
General Physiology,2022,1540-7748,1,2021,Physiology,Physiology,J GEN PHYSIOL,20,44,48,48,4,28,16,60,0.4166666666666667,0.9166666666666666,0.8,0.0833333333333333,0.5833333333333334,0.3333333333333333
General Physiology,2023,1540-7748,1,2021,Physiology,Physiology,J GEN PHYSIOL,29,63,71,71,8,42,21,91,0.4084507042253521,0.8873239436619719,0.7802197802197802,0.1126760563380281,0.5915492957746479,0.2957746478873239
General Physiology,2024,1540-7748,1,2021,Physiology,Physiology,J GEN PHYSIOL,11,35,37,37,2,26,9,50,0.2972972972972973,0.945945945945946,0.74,0.054054054054054,0.7027027027027027,0.2432432432432432
General Physiology,2025,1540-7748,1,2021,Physiology,Physiology,J GEN PHYSIOL,14,33,35,35,2,21,12,49,0.4,0.9428571428571428,0.7142857142857143,0.0571428571428571,0.6,0.3428571428571428
Genes & Development,2010,1549-5477,0,,Genetics & Heredity,Cell Biology; Developmental Biology; Genetics & Heredity,GENE DEV,163,42,171,171,129,8,34,205,0.953216374269006,0.2456140350877192,0.8341463414634146,0.7543859649122807,0.0467836257309941,0.1988304093567251
Genes & Development,2011,1549-5477,0,,Genetics & Heredity,Cell Biology; Developmental Biology; Genetics & Heredity,GENE DEV,145,49,154,154,105,9,40,194,0.9415584415584416,0.3181818181818182,0.7938144329896907,0.6818181818181818,0.0584415584415584,0.2597402597402597
Genes & Development,2012,1549-5477,0,,Genetics & Heredity,Cell Biology; Developmental Biology; Genetics & Heredity,GENE DEV,167,44,177,177,133,10,34,199,0.943502824858757,0.2485875706214689,0.8894472361809045,0.751412429378531,0.0564971751412429,0.192090395480226
Genes & Development,2013,1549-5477,0,,Genetics & Heredity,Cell Biology; Developmental Biology; Genetics & Heredity,GENE DEV,165,61,174,174,113,9,52,194,0.9482758620689656,0.3505747126436782,0.8969072164948454,0.6494252873563219,0.0517241379310344,0.2988505747126437
Genes & Development,2014,1549-5477,0,,Genetics & Heredity,Cell Biology; Developmental Biology; Genetics & Heredity,GENE DEV,157,80,165,165,85,8,72,195,0.9515151515151516,0.4848484848484848,0.8461538461538461,0.5151515151515151,0.0484848484848484,0.4363636363636363
Genes & Development,2015,1549-5477,0,,Genetics & Heredity,Cell Biology; Developmental Biology; Genetics & Heredity,GENE DEV,159,73,170,170,97,11,62,192,0.9352941176470588,0.4294117647058823,0.8854166666666666,0.5705882352941176,0.0647058823529411,0.3647058823529411
Genes & Development,2016,1549-5477,0,,Genetics & Heredity,Cell Biology; Developmental Biology; Genetics & Heredity,GENE DEV,151,79,162,162,83,11,68,176,0.9320987654320988,0.4876543209876543,0.9204545454545454,0.5123456790123457,0.0679012345679012,0.419753086419753
Genes & Development,2017,1549-5477,0,,Genetics & Heredity,Cell Biology; Developmental Biology; Genetics & Heredity,GENE DEV,122,89,142,142,53,20,69,159,0.8591549295774648,0.6267605633802817,0.8930817610062893,0.3732394366197183,0.1408450704225352,0.4859154929577465
Genes & Development,2018,1549-5477,0,,Genetics & Heredity,Cell Biology; Developmental Biology; Genetics & Heredity,GENE DEV,81,57,96,96,39,15,42,104,0.84375,0.59375,0.9230769230769232,0.40625,0.15625,0.4375
Genes & Development,2019,1549-5477,0,,Genetics & Heredity,Cell Biology; Developmental Biology; Genetics & Heredity,GENE DEV,74,55,85,85,30,11,44,94,0.8705882352941177,0.6470588235294118,0.9042553191489362,0.3529411764705882,0.1294117647058823,0.5176470588235295
Genes & Development,2020,1549-5477,0,,Genetics & Heredity,Cell Biology; Developmental Biology; Genetics & Heredity,GENE DEV,64,63,84,84,21,20,43,90,0.7619047619047619,0.75,0.9333333333333332,0.25,0.238095238095238,0.5119047619047619
Genes & Development,2021,1549-5477,0,,Genetics & Heredity,Cell Biology; Developmental Biology; Genetics & Heredity,GENE DEV,53,66,78,78,12,25,41,85,0.6794871794871795,0.8461538461538461,0.9176470588235294,0.1538461538461538,0.3205128205128205,0.5256410256410257
Genes & Development,2022,1549-5477,0,,Genetics & Heredity,Cell Biology; Developmental Biology; Genetics & Heredity,GENE DEV,40,48,56,56,8,16,32,62,0.7142857142857143,0.8571428571428571,0.9032258064516128,0.1428571428571428,0.2857142857142857,0.5714285714285714
Genes & Development,2023,1549-5477,0,,Genetics & Heredity,Cell Biology; Developmental Biology; Genetics & Heredity,GENE DEV,29,38,43,43,5,14,24,47,0.6744186046511628,0.8837209302325582,0.9148936170212766,0.1162790697674418,0.3255813953488372,0.5581395348837209
Genes & Development,2024,1549-5477,0,,Genetics & Heredity,Cell Biology; Developmental Biology; Genetics & Heredity,GENE DEV,28,37,40,40,3,12,25,43,0.7,0.925,0.9302325581395348,0.075,0.3,0.625
Genes & Development,2025,1549-5477,0,,Genetics & Heredity,Cell Biology; Developmental Biology; Genetics & Heredity,GENE DEV,31,45,49,49,4,18,27,54,0.6326530612244898,0.9183673469387756,0.9074074074074074,0.0816326530612244,0.3673469387755102,0.5510204081632653
Genes & Diseases,2014,2352-3042,0,,Genetics & Heredity,Biochemistry & Molecular Biology; Genetics & Heredity,GENES DIS,1,0,1,1,1,0,0,16,1.0,0.0,0.0625,1.0,0.0,0.0
Genes & Diseases,2015,2352-3042,0,,Genetics & Heredity,Biochemistry & Molecular Biology; Genetics & Heredity,GENES DIS,5,0,5,5,5,0,0,27,1.0,0.0,0.1851851851851851,1.0,0.0,0.0
Genes & Diseases,2016,2352-3042,0,,Genetics & Heredity,Biochemistry & Molecular Biology; Genetics & Heredity,GENES DIS,4,0,4,4,4,0,0,17,1.0,0.0,0.2352941176470588,1.0,0.0,0.0
Genes & Diseases,2017,2352-3042,0,,Genetics & Heredity,Biochemistry & Molecular Biology; Genetics & Heredity,GENES DIS,3,1,4,4,3,1,0,15,0.75,0.25,0.2666666666666666,0.75,0.25,0.0
Genes & Diseases,2018,2352-3042,0,,Genetics & Heredity,Biochemistry & Molecular Biology; Genetics & Heredity,GENES DIS,13,5,16,16,11,3,2,23,0.8125,0.3125,0.6956521739130435,0.6875,0.1875,0.125
Genes & Diseases,2019,2352-3042,0,,Genetics & Heredity,Biochemistry & Molecular Biology; Genetics & Heredity,GENES DIS,18,4,20,20,16,2,2,29,0.9,0.2,0.6896551724137931,0.8,0.1,0.1
Genes & Diseases,2020,2352-3042,0,,Genetics & Heredity,Biochemistry & Molecular Biology; Genetics & Heredity,GENES DIS,15,8,19,19,11,4,4,30,0.7894736842105263,0.4210526315789473,0.6333333333333333,0.5789473684210527,0.2105263157894736,0.2105263157894736
Genes & Diseases,2021,2352-3042,0,,Genetics & Heredity,Biochemistry & Molecular Biology; Genetics & Heredity,GENES DIS,33,11,37,37,26,4,7,46,0.8918918918918919,0.2972972972972973,0.8043478260869565,0.7027027027027027,0.1081081081081081,0.1891891891891892
Genes & Diseases,2022,2352-3042,0,,Genetics & Heredity,Biochemistry & Molecular Biology; Genetics & Heredity,GENES DIS,49,38,61,61,23,12,26,72,0.8032786885245902,0.6229508196721312,0.8472222222222222,0.3770491803278688,0.1967213114754098,0.4262295081967213
Genes & Diseases,2023,2352-3042,0,,Genetics & Heredity,Biochemistry & Molecular Biology; Genetics & Heredity,GENES DIS,34,35,48,48,13,14,21,51,0.7083333333333334,0.7291666666666666,0.9411764705882352,0.2708333333333333,0.2916666666666667,0.4375
Genes & Diseases,2024,2352-3042,0,,Genetics & Heredity,Biochemistry & Molecular Biology; Genetics & Heredity,GENES DIS,38,49,58,58,9,20,29,59,0.6551724137931034,0.8448275862068966,0.9830508474576272,0.1551724137931034,0.3448275862068966,0.5
Genes & Diseases,2025,2352-3042,0,,Genetics & Heredity,Biochemistry & Molecular Biology; Genetics & Heredity,GENES DIS,54,61,74,74,13,20,41,78,0.7297297297297297,0.8243243243243243,0.9487179487179488,0.1756756756756756,0.2702702702702703,0.5540540540540541
Genes and Nutrition,2010,1865-3499,0,,Genetics & Heredity,Genetics & Heredity; Nutrition & Dietetics,GENES NUTR,10,2,12,12,10,2,0,30,0.8333333333333334,0.1666666666666666,0.4,0.8333333333333334,0.1666666666666666,0.0
Genes and Nutrition,2011,1865-3499,0,,Genetics & Heredity,Genetics & Heredity; Nutrition & Dietetics,GENES NUTR,12,1,12,12,11,0,1,34,1.0,0.0833333333333333,0.3529411764705882,0.9166666666666666,0.0,0.0833333333333333
Genes and Nutrition,2012,1865-3499,0,,Genetics & Heredity,Genetics & Heredity; Nutrition & Dietetics,GENES NUTR,27,3,30,30,27,3,0,51,0.9,0.1,0.5882352941176471,0.9,0.1,0.0
Genes and Nutrition,2013,1865-3499,0,,Genetics & Heredity,Genetics & Heredity; Nutrition & Dietetics,GENES NUTR,23,2,25,25,23,2,0,57,0.92,0.08,0.4385964912280701,0.92,0.08,0.0
Genes and Nutrition,2014,1865-3499,0,,Genetics & Heredity,Genetics & Heredity; Nutrition & Dietetics,GENES NUTR,40,9,44,44,35,4,5,75,0.9090909090909092,0.2045454545454545,0.5866666666666667,0.7954545454545454,0.0909090909090909,0.1136363636363636
Genes and Nutrition,2015,1865-3499,0,,Genetics & Heredity,Genetics & Heredity; Nutrition & Dietetics,GENES NUTR,31,7,36,36,29,5,2,66,0.8611111111111112,0.1944444444444444,0.5454545454545454,0.8055555555555556,0.1388888888888889,0.0555555555555555
Genes and Nutrition,2016,1865-3499,0,,Genetics & Heredity,Genetics & Heredity; Nutrition & Dietetics,GENES NUTR,18,2,19,19,17,1,1,28,0.9473684210526316,0.1052631578947368,0.6785714285714286,0.8947368421052632,0.0526315789473684,0.0526315789473684
Genes and Nutrition,2017,1865-3499,0,,Genetics & Heredity,Genetics & Heredity; Nutrition & Dietetics,GENES NUTR,11,5,14,14,9,3,2,21,0.7857142857142857,0.3571428571428571,0.6666666666666666,0.6428571428571429,0.2142857142857142,0.1428571428571428
Genes and Nutrition,2018,1865-3499,0,,Genetics & Heredity,Genetics & Heredity; Nutrition & Dietetics,GENES NUTR,12,5,14,14,9,2,3,20,0.8571428571428571,0.3571428571428571,0.7,0.6428571428571429,0.1428571428571428,0.2142857142857142
Genes and Nutrition,2019,1865-3499,0,,Genetics & Heredity,Genetics & Heredity; Nutrition & Dietetics,GENES NUTR,8,7,12,12,5,4,3,20,0.6666666666666666,0.5833333333333334,0.6,0.4166666666666667,0.3333333333333333,0.25
Genes and Nutrition,2020,1865-3499,0,,Genetics & Heredity,Genetics & Heredity; Nutrition & Dietetics,GENES NUTR,9,3,11,11,8,2,1,16,0.8181818181818182,0.2727272727272727,0.6875,0.7272727272727273,0.1818181818181818,0.0909090909090909
Genes and Nutrition,2021,1865-3499,0,,Genetics & Heredity,Genetics & Heredity; Nutrition & Dietetics,GENES NUTR,4,4,7,7,3,3,1,17,0.5714285714285714,0.5714285714285714,0.4117647058823529,0.4285714285714285,0.4285714285714285,0.1428571428571428
Genes and Nutrition,2022,1865-3499,0,,Genetics & Heredity,Genetics & Heredity; Nutrition & Dietetics,GENES NUTR,10,6,12,12,6,2,4,16,0.8333333333333334,0.5,0.75,0.5,0.1666666666666666,0.3333333333333333
Genes and Nutrition,2023,1865-3499,0,,Genetics & Heredity,Genetics & Heredity; Nutrition & Dietetics,GENES NUTR,3,4,5,5,1,2,2,11,0.6,0.8,0.4545454545454545,0.2,0.4,0.4
Genes and Nutrition,2024,1865-3499,0,,Genetics & Heredity,Genetics & Heredity; Nutrition & Dietetics,GENES NUTR,11,6,11,11,5,0,6,17,1.0,0.5454545454545454,0.6470588235294118,0.4545454545454545,0.0,0.5454545454545454
Genes and Nutrition,2025,1865-3499,0,,Genetics & Heredity,Genetics & Heredity; Nutrition & Dietetics,GENES NUTR,9,9,14,14,5,5,4,24,0.6428571428571429,0.6428571428571429,0.5833333333333334,0.3571428571428571,0.3571428571428571,0.2857142857142857
Genetics in Medicine,2010,1530-0366,1,2013,Genetics & Heredity,Genetics & Heredity,GENET MED,6,1,7,7,6,1,0,69,0.8571428571428571,0.1428571428571428,0.1014492753623188,0.8571428571428571,0.1428571428571428,0.0
Genetics in Medicine,2011,1530-0366,1,2013,Genetics & Heredity,Genetics & Heredity,GENET MED,4,12,16,16,4,12,0,83,0.25,0.75,0.1927710843373494,0.25,0.75,0.0
Genetics in Medicine,2012,1530-0366,1,2013,Genetics & Heredity,Genetics & Heredity,GENET MED,8,3,8,8,5,0,3,94,1.0,0.375,0.0851063829787234,0.625,0.0,0.375
Genetics in Medicine,2013,1530-0366,1,2013,Genetics & Heredity,Genetics & Heredity,GENET MED,12,8,18,18,10,6,2,73,0.6666666666666666,0.4444444444444444,0.2465753424657534,0.5555555555555556,0.3333333333333333,0.1111111111111111
Genetics in Medicine,2014,1530-0366,1,2013,Genetics & Heredity,Genetics & Heredity,GENET MED,10,13,23,23,10,13,0,99,0.4347826086956521,0.5652173913043478,0.2323232323232323,0.4347826086956521,0.5652173913043478,0.0
Genetics in Medicine,2015,1530-0366,1,2013,Genetics & Heredity,Genetics & Heredity,GENET MED,9,8,15,15,7,6,2,84,0.6,0.5333333333333333,0.1785714285714285,0.4666666666666667,0.4,0.1333333333333333
Genetics in Medicine,2016,1530-0366,1,2013,Genetics & Heredity,Genetics & Heredity,GENET MED,13,17,27,27,10,14,3,119,0.4814814814814814,0.6296296296296297,0.226890756302521,0.3703703703703703,0.5185185185185185,0.1111111111111111
Genetics in Medicine,2017,1530-0366,1,2013,Genetics & Heredity,Genetics & Heredity,GENET MED,14,11,22,22,11,8,3,127,0.6363636363636364,0.5,0.1732283464566929,0.5,0.3636363636363636,0.1363636363636363
Genetics in Medicine,2018,1530-0366,1,2013,Genetics & Heredity,Genetics & Heredity,GENET MED,26,23,44,44,21,18,5,148,0.5909090909090909,0.5227272727272727,0.2972972972972973,0.4772727272727273,0.4090909090909091,0.1136363636363636
Genetics in Medicine,2019,1530-0366,1,2013,Genetics & Heredity,Genetics & Heredity,GENET MED,35,51,77,77,26,42,9,253,0.4545454545454545,0.6623376623376623,0.3043478260869565,0.3376623376623376,0.5454545454545454,0.1168831168831168
Genetics in Medicine,2020,1530-0366,1,2013,Genetics & Heredity,Genetics & Heredity,GENET MED,37,38,67,67,29,30,8,191,0.5522388059701493,0.5671641791044776,0.3507853403141361,0.4328358208955223,0.4477611940298507,0.1194029850746268
Genetics in Medicine,2021,1530-0366,1,2013,Genetics & Heredity,Genetics & Heredity,GENET MED,48,59,86,86,27,38,21,230,0.5581395348837209,0.686046511627907,0.3739130434782609,0.313953488372093,0.4418604651162791,0.2441860465116279
Genetics in Medicine,2022,1530-0366,1,2013,Genetics & Heredity,Genetics & Heredity,GENET MED,27,53,72,72,19,45,8,192,0.375,0.7361111111111112,0.375,0.2638888888888889,0.625,0.1111111111111111
Genetics in Medicine,2023,1530-0366,1,2013,Genetics & Heredity,Genetics & Heredity,GENET MED,25,32,48,48,16,23,9,121,0.5208333333333334,0.6666666666666666,0.396694214876033,0.3333333333333333,0.4791666666666667,0.1875
Genetics in Medicine,2024,1530-0366,1,2013,Genetics & Heredity,Genetics & Heredity,GENET MED,18,38,51,51,13,33,5,119,0.3529411764705882,0.7450980392156863,0.4285714285714285,0.2549019607843137,0.6470588235294118,0.0980392156862745
Genetics in Medicine,2025,1530-0366,1,2013,Genetics & Heredity,Genetics & Heredity,GENET MED,11,20,28,28,8,17,3,91,0.3928571428571428,0.7142857142857143,0.3076923076923077,0.2857142857142857,0.6071428571428571,0.1071428571428571
Genome Biology,2010,1474-760X,0,,Genetics & Heredity,Biotechnology & Applied Microbiology; Genetics & Heredity,GENOME BIOL,26,58,72,72,14,46,12,133,0.3611111111111111,0.8055555555555556,0.5413533834586466,0.1944444444444444,0.6388888888888888,0.1666666666666666
Genome Biology,2011,1474-760X,0,,Genetics & Heredity,Biotechnology & Applied Microbiology; Genetics & Heredity,GENOME BIOL,36,53,76,76,23,40,13,128,0.4736842105263157,0.6973684210526315,0.59375,0.3026315789473684,0.5263157894736842,0.1710526315789473
Genome Biology,2012,1474-760X,0,,Genetics & Heredity,Biotechnology & Applied Microbiology; Genetics & Heredity,GENOME BIOL,34,63,76,76,13,42,21,134,0.4473684210526316,0.8289473684210527,0.5671641791044776,0.1710526315789473,0.5526315789473685,0.2763157894736842
Genome Biology,2013,1474-760X,0,,Genetics & Heredity,Biotechnology & Applied Microbiology; Genetics & Heredity,GENOME BIOL,55,77,102,102,25,47,30,154,0.5392156862745098,0.7549019607843137,0.6623376623376623,0.2450980392156862,0.4607843137254901,0.2941176470588235
Genome Biology,2014,1474-760X,0,,Genetics & Heredity,Biotechnology & Applied Microbiology; Genetics & Heredity,GENOME BIOL,64,116,145,145,29,81,35,203,0.4413793103448276,0.8,0.7142857142857143,0.2,0.5586206896551724,0.2413793103448276
Genome Biology,2015,1474-760X,0,,Genetics & Heredity,Biotechnology & Applied Microbiology; Genetics & Heredity,GENOME BIOL,75,115,147,147,32,72,43,217,0.5102040816326531,0.782312925170068,0.6774193548387096,0.2176870748299319,0.4897959183673469,0.2925170068027211
Genome Biology,2016,1474-760X,0,,Genetics & Heredity,Biotechnology & Applied Microbiology; Genetics & Heredity,GENOME BIOL,48,106,119,119,13,71,35,172,0.4033613445378151,0.8907563025210085,0.6918604651162791,0.1092436974789916,0.5966386554621849,0.2941176470588235
Genome Biology,2017,1474-760X,0,,Genetics & Heredity,Biotechnology & Applied Microbiology; Genetics & Heredity,GENOME BIOL,67,123,143,143,20,76,47,168,0.4685314685314685,0.8601398601398601,0.8511904761904762,0.1398601398601398,0.5314685314685315,0.3286713286713286
Genome Biology,2018,1474-760X,0,,Genetics & Heredity,Biotechnology & Applied Microbiology; Genetics & Heredity,GENOME BIOL,64,127,146,146,19,82,45,177,0.4383561643835616,0.8698630136986302,0.8248587570621468,0.1301369863013698,0.5616438356164384,0.3082191780821918
Genome Biology,2019,1474-760X,0,,Genetics & Heredity,Biotechnology & Applied Microbiology; Genetics & Heredity,GENOME BIOL,54,153,168,168,15,114,39,234,0.3214285714285714,0.9107142857142856,0.717948717948718,0.0892857142857142,0.6785714285714286,0.2321428571428571
Genome Biology,2020,1474-760X,0,,Genetics & Heredity,Biotechnology & Applied Microbiology; Genetics & Heredity,GENOME BIOL,76,185,203,203,18,127,58,260,0.3743842364532019,0.9113300492610836,0.7807692307692308,0.0886699507389162,0.625615763546798,0.2857142857142857
Genome Biology,2021,1474-760X,0,,Genetics & Heredity,Biotechnology & Applied Microbiology; Genetics & Heredity,GENOME BIOL,104,221,247,247,26,143,78,298,0.4210526315789473,0.8947368421052632,0.8288590604026845,0.1052631578947368,0.5789473684210527,0.3157894736842105
Genome Biology,2022,1474-760X,0,,Genetics & Heredity,Biotechnology & Applied Microbiology; Genetics & Heredity,GENOME BIOL,69,173,190,190,17,121,52,239,0.3631578947368421,0.9105263157894736,0.7949790794979079,0.0894736842105263,0.6368421052631579,0.2736842105263158
Genome Biology,2023,1474-760X,0,,Genetics & Heredity,Biotechnology & Applied Microbiology; Genetics & Heredity,GENOME BIOL,81,189,209,209,20,128,61,266,0.3875598086124402,0.9043062200956936,0.7857142857142857,0.0956937799043062,0.6124401913875598,0.291866028708134
Genome Biology,2024,1474-760X,0,,Genetics & Heredity,Biotechnology & Applied Microbiology; Genetics & Heredity,GENOME BIOL,85,227,239,239,12,154,73,288,0.3556485355648535,0.9497907949790796,0.8298611111111112,0.0502092050209205,0.6443514644351465,0.3054393305439331
Genome Biology,2025,1474-760X,0,,Genetics & Heredity,Biotechnology & Applied Microbiology; Genetics & Heredity,GENOME BIOL,138,313,339,339,26,201,112,406,0.4070796460176991,0.9233038348082596,0.8349753694581281,0.0766961651917404,0.5929203539823009,0.3303834808259587
Genome Medicine,2010,1756-994X,0,,Genetics & Heredity,Genetics & Heredity,GENOME MED,6,6,11,11,5,5,1,48,0.5454545454545454,0.5454545454545454,0.2291666666666666,0.4545454545454545,0.4545454545454545,0.0909090909090909
Genome Medicine,2011,1756-994X,0,,Genetics & Heredity,Genetics & Heredity,GENOME MED,2,6,7,7,1,5,1,40,0.2857142857142857,0.8571428571428571,0.175,0.1428571428571428,0.7142857142857143,0.1428571428571428
Genome Medicine,2012,1756-994X,0,,Genetics & Heredity,Genetics & Heredity,GENOME MED,7,16,18,18,2,11,5,48,0.3888888888888889,0.8888888888888888,0.375,0.1111111111111111,0.6111111111111112,0.2777777777777778
Genome Medicine,2013,1756-994X,0,,Genetics & Heredity,Genetics & Heredity,GENOME MED,5,18,20,20,2,15,3,50,0.25,0.9,0.4,0.1,0.75,0.15
Genome Medicine,2014,1756-994X,0,,Genetics & Heredity,Genetics & Heredity,GENOME MED,11,25,32,32,7,21,4,79,0.34375,0.78125,0.4050632911392405,0.21875,0.65625,0.125
Genome Medicine,2015,1756-994X,0,,Genetics & Heredity,Genetics & Heredity,GENOME MED,12,39,47,47,8,35,4,85,0.2553191489361702,0.8297872340425532,0.5529411764705883,0.1702127659574468,0.7446808510638298,0.0851063829787234
Genome Medicine,2016,1756-994X,0,,Genetics & Heredity,Genetics & Heredity,GENOME MED,23,47,57,57,10,34,13,88,0.4035087719298245,0.8245614035087719,0.6477272727272727,0.175438596491228,0.5964912280701754,0.2280701754385964
Genome Medicine,2017,1756-994X,0,,Genetics & Heredity,Genetics & Heredity,GENOME MED,18,38,47,47,9,29,9,77,0.3829787234042553,0.8085106382978723,0.6103896103896104,0.1914893617021276,0.6170212765957447,0.1914893617021276
Genome Medicine,2018,1756-994X,0,,Genetics & Heredity,Genetics & Heredity,GENOME MED,16,41,46,46,5,30,11,66,0.3478260869565217,0.8913043478260869,0.696969696969697,0.108695652173913,0.6521739130434783,0.2391304347826087
Genome Medicine,2019,1756-994X,0,,Genetics & Heredity,Genetics & Heredity,GENOME MED,10,32,35,35,3,25,7,52,0.2857142857142857,0.9142857142857144,0.6730769230769231,0.0857142857142857,0.7142857142857143,0.2
Genome Medicine,2020,1756-994X,0,,Genetics & Heredity,Genetics & Heredity,GENOME MED,17,69,73,73,4,56,13,91,0.2328767123287671,0.9452054794520548,0.8021978021978022,0.0547945205479452,0.7671232876712328,0.1780821917808219
Genome Medicine,2021,1756-994X,0,,Genetics & Heredity,Genetics & Heredity,GENOME MED,28,105,113,113,8,85,20,163,0.247787610619469,0.9292035398230089,0.6932515337423313,0.0707964601769911,0.7522123893805309,0.1769911504424778
Genome Medicine,2022,1756-994X,0,,Genetics & Heredity,Genetics & Heredity,GENOME MED,16,80,82,82,2,66,14,117,0.1951219512195122,0.975609756097561,0.7008547008547008,0.024390243902439,0.8048780487804879,0.1707317073170731
Genome Medicine,2023,1756-994X,0,,Genetics & Heredity,Genetics & Heredity,GENOME MED,16,70,75,75,5,59,11,104,0.2133333333333333,0.9333333333333332,0.7211538461538461,0.0666666666666666,0.7866666666666666,0.1466666666666666
Genome Medicine,2024,1756-994X,0,,Genetics & Heredity,Genetics & Heredity,GENOME MED,36,98,103,103,5,67,31,136,0.3495145631067961,0.9514563106796116,0.7573529411764706,0.0485436893203883,0.6504854368932039,0.3009708737864077
Genome Medicine,2025,1756-994X,0,,Genetics & Heredity,Genetics & Heredity,GENOME MED,40,97,105,105,8,65,32,146,0.3809523809523809,0.923809523809524,0.7191780821917808,0.0761904761904762,0.6190476190476191,0.3047619047619048
Genome Research,2010,1549-5469,0,,Genetics & Heredity,Biochemistry & Molecular Biology; Biotechnology & Applied Microbiology; Genetics & Heredity,GENOME RES,51,72,97,97,25,46,26,167,0.5257731958762887,0.7422680412371134,0.5808383233532934,0.2577319587628865,0.4742268041237113,0.268041237113402
Genome Research,2011,1549-5469,0,,Genetics & Heredity,Biochemistry & Molecular Biology; Biotechnology & Applied Microbiology; Genetics & Heredity,GENOME RES,71,87,129,129,42,58,29,206,0.5503875968992248,0.6744186046511628,0.6262135922330098,0.3255813953488372,0.4496124031007752,0.2248062015503876
Genome Research,2012,1549-5469,0,,Genetics & Heredity,Biochemistry & Molecular Biology; Biotechnology & Applied Microbiology; Genetics & Heredity,GENOME RES,97,112,157,157,45,60,52,231,0.6178343949044586,0.7133757961783439,0.6796536796536796,0.286624203821656,0.3821656050955414,0.3312101910828025
Genome Research,2013,1549-5469,0,,Genetics & Heredity,Biochemistry & Molecular Biology; Biotechnology & Applied Microbiology; Genetics & Heredity,GENOME RES,70,100,130,130,30,60,40,184,0.5384615384615384,0.7692307692307693,0.7065217391304348,0.2307692307692307,0.4615384615384615,0.3076923076923077
Genome Research,2014,1549-5469,0,,Genetics & Heredity,Biochemistry & Molecular Biology; Biotechnology & Applied Microbiology; Genetics & Heredity,GENOME RES,80,109,141,141,32,61,48,186,0.5673758865248227,0.7730496453900709,0.7580645161290323,0.226950354609929,0.4326241134751773,0.3404255319148936
Genome Research,2015,1549-5469,0,,Genetics & Heredity,Biochemistry & Molecular Biology; Biotechnology & Applied Microbiology; Genetics & Heredity,GENOME RES,73,89,120,120,31,47,42,164,0.6083333333333333,0.7416666666666667,0.7317073170731707,0.2583333333333333,0.3916666666666666,0.35
Genome Research,2016,1549-5469,0,,Genetics & Heredity,Biochemistry & Molecular Biology; Biotechnology & Applied Microbiology; Genetics & Heredity,GENOME RES,65,93,119,119,26,54,39,153,0.5462184873949579,0.7815126050420168,0.7777777777777778,0.2184873949579832,0.453781512605042,0.3277310924369748
Genome Research,2017,1549-5469,0,,Genetics & Heredity,Biochemistry & Molecular Biology; Biotechnology & Applied Microbiology; Genetics & Heredity,GENOME RES,69,105,127,127,22,58,47,182,0.5433070866141733,0.8267716535433071,0.6978021978021978,0.1732283464566929,0.4566929133858268,0.3700787401574803
Genome Research,2018,1549-5469,0,,Genetics & Heredity,Biochemistry & Molecular Biology; Biotechnology & Applied Microbiology; Genetics & Heredity,GENOME RES,74,115,134,134,19,60,55,165,0.5522388059701493,0.8582089552238806,0.8121212121212121,0.1417910447761194,0.4477611940298507,0.4104477611940298
Genome Research,2019,1549-5469,0,,Genetics & Heredity,Biochemistry & Molecular Biology; Biotechnology & Applied Microbiology; Genetics & Heredity,GENOME RES,71,117,136,136,19,65,52,179,0.5220588235294118,0.8602941176470589,0.7597765363128491,0.1397058823529411,0.4779411764705882,0.3823529411764705
Genome Research,2020,1549-5469,0,,Genetics & Heredity,Biochemistry & Molecular Biology; Biotechnology & Applied Microbiology; Genetics & Heredity,GENOME RES,41,104,117,117,13,76,28,149,0.3504273504273504,0.8888888888888888,0.785234899328859,0.1111111111111111,0.6495726495726496,0.2393162393162393
Genome Research,2021,1549-5469,0,,Genetics & Heredity,Biochemistry & Molecular Biology; Biotechnology & Applied Microbiology; Genetics & Heredity,GENOME RES,60,124,147,147,23,87,37,182,0.4081632653061224,0.8435374149659864,0.8076923076923077,0.1564625850340136,0.5918367346938775,0.2517006802721088
Genome Research,2022,1549-5469,0,,Genetics & Heredity,Biochemistry & Molecular Biology; Biotechnology & Applied Microbiology; Genetics & Heredity,GENOME RES,54,119,133,133,14,79,40,159,0.4060150375939849,0.8947368421052632,0.8364779874213837,0.1052631578947368,0.5939849624060151,0.3007518796992481
Genome Research,2023,1549-5469,0,,Genetics & Heredity,Biochemistry & Molecular Biology; Biotechnology & Applied Microbiology; Genetics & Heredity,GENOME RES,41,121,126,126,5,85,36,163,0.3253968253968254,0.9603174603174603,0.7730061349693251,0.0396825396825396,0.6746031746031746,0.2857142857142857
Genome Research,2024,1549-5469,0,,Genetics & Heredity,Biochemistry & Molecular Biology; Biotechnology & Applied Microbiology; Genetics & Heredity,GENOME RES,38,125,134,134,9,96,29,167,0.2835820895522388,0.9328358208955224,0.8023952095808383,0.0671641791044776,0.7164179104477612,0.2164179104477611
Genome Research,2025,1549-5469,0,,Genetics & Heredity,Biochemistry & Molecular Biology; Biotechnology & Applied Microbiology; Genetics & Heredity,GENOME RES,44,135,144,144,9,100,35,180,0.3055555555555556,0.9375,0.8,0.0625,0.6944444444444444,0.2430555555555555
Genomics,2010,1089-8646,0,,Genetics & Heredity,Biotechnology & Applied Microbiology; Genetics & Heredity,GENOMICS,21,26,40,40,14,19,7,77,0.525,0.65,0.5194805194805194,0.35,0.475,0.175
Genomics,2011,1089-8646,0,,Genetics & Heredity,Biotechnology & Applied Microbiology; Genetics & Heredity,GENOMICS,22,20,38,38,18,16,4,97,0.5789473684210527,0.5263157894736842,0.3917525773195876,0.4736842105263157,0.4210526315789473,0.1052631578947368
Genomics,2012,1089-8646,0,,Genetics & Heredity,Biotechnology & Applied Microbiology; Genetics & Heredity,GENOMICS,31,20,47,47,27,16,4,94,0.6595744680851063,0.425531914893617,0.5,0.574468085106383,0.3404255319148936,0.0851063829787234
Genomics,2013,1089-8646,0,,Genetics & Heredity,Biotechnology & Applied Microbiology; Genetics & Heredity,GENOMICS,27,18,38,38,20,11,7,100,0.7105263157894737,0.4736842105263157,0.38,0.5263157894736842,0.2894736842105263,0.1842105263157894
Genomics,2014,1089-8646,0,,Genetics & Heredity,Biotechnology & Applied Microbiology; Genetics & Heredity,GENOMICS,29,27,49,49,22,20,7,99,0.5918367346938775,0.5510204081632653,0.494949494949495,0.4489795918367347,0.4081632653061224,0.1428571428571428
Genomics,2015,1089-8646,0,,Genetics & Heredity,Biotechnology & Applied Microbiology; Genetics & Heredity,GENOMICS,24,15,33,33,18,9,6,75,0.7272727272727273,0.4545454545454545,0.44,0.5454545454545454,0.2727272727272727,0.1818181818181818
Genomics,2016,1089-8646,0,,Genetics & Heredity,Biotechnology & Applied Microbiology; Genetics & Heredity,GENOMICS,18,17,32,32,15,14,3,54,0.5625,0.53125,0.5925925925925926,0.46875,0.4375,0.09375
Genomics,2017,1089-8646,0,,Genetics & Heredity,Biotechnology & Applied Microbiology; Genetics & Heredity,GENOMICS,20,25,36,36,11,16,9,61,0.5555555555555556,0.6944444444444444,0.5901639344262295,0.3055555555555556,0.4444444444444444,0.25
Genomics,2018,1089-8646,0,,Genetics & Heredity,Biotechnology & Applied Microbiology; Genetics & Heredity,GENOMICS,17,11,24,24,13,7,4,49,0.7083333333333334,0.4583333333333333,0.4897959183673469,0.5416666666666666,0.2916666666666667,0.1666666666666666
Genomics,2019,1089-8646,0,,Genetics & Heredity,Biotechnology & Applied Microbiology; Genetics & Heredity,GENOMICS,50,49,84,84,35,34,15,203,0.5952380952380952,0.5833333333333334,0.4137931034482758,0.4166666666666667,0.4047619047619047,0.1785714285714285
Genomics,2020,1089-8646,0,,Genetics & Heredity,Biotechnology & Applied Microbiology; Genetics & Heredity,GENOMICS,169,172,282,282,110,113,59,518,0.599290780141844,0.6099290780141844,0.5444015444015444,0.3900709219858156,0.400709219858156,0.2092198581560283
Genomics,2021,1089-8646,0,,Genetics & Heredity,Biotechnology & Applied Microbiology; Genetics & Heredity,GENOMICS,172,190,284,284,94,112,78,440,0.6056338028169014,0.6690140845070423,0.6454545454545455,0.3309859154929577,0.3943661971830985,0.2746478873239437
Genomics,2022,1089-8646,0,,Genetics & Heredity,Biotechnology & Applied Microbiology; Genetics & Heredity,GENOMICS,104,129,183,183,54,79,50,262,0.5683060109289617,0.7049180327868853,0.6984732824427481,0.2950819672131147,0.4316939890710382,0.273224043715847
Genomics,2023,1089-8646,0,,Genetics & Heredity,Biotechnology & Applied Microbiology; Genetics & Heredity,GENOMICS,82,95,124,124,29,42,53,162,0.6612903225806451,0.7661290322580645,0.7654320987654321,0.2338709677419354,0.3387096774193548,0.4274193548387097
Genomics,2024,1089-8646,0,,Genetics & Heredity,Biotechnology & Applied Microbiology; Genetics & Heredity,GENOMICS,98,106,146,146,40,48,58,178,0.6712328767123288,0.726027397260274,0.8202247191011236,0.273972602739726,0.3287671232876712,0.3972602739726027
Genomics,2025,1089-8646,0,,Genetics & Heredity,Biotechnology & Applied Microbiology; Genetics & Heredity,GENOMICS,88,111,149,149,38,61,50,185,0.5906040268456376,0.7449664429530202,0.8054054054054054,0.2550335570469799,0.4093959731543624,0.3355704697986577
Heart,2010,1468-201X,1,2014,Cardiac & Cardiovascular Systems,Cardiac & Cardiovascular Systems,HEART,39,25,59,59,34,20,5,172,0.6610169491525424,0.423728813559322,0.3430232558139535,0.576271186440678,0.3389830508474576,0.0847457627118644
Heart,2011,1468-201X,1,2014,Cardiac & Cardiovascular Systems,Cardiac & Cardiovascular Systems,HEART,46,36,73,73,37,27,9,183,0.6301369863013698,0.4931506849315068,0.3989071038251366,0.5068493150684932,0.3698630136986301,0.1232876712328767
Heart,2012,1468-201X,1,2014,Cardiac & Cardiovascular Systems,Cardiac & Cardiovascular Systems,HEART,22,26,44,44,18,22,4,142,0.5,0.5909090909090909,0.3098591549295774,0.4090909090909091,0.5,0.0909090909090909
Heart,2013,1468-201X,1,2014,Cardiac & Cardiovascular Systems,Cardiac & Cardiovascular Systems,HEART,28,21,46,46,25,18,3,151,0.6086956521739131,0.4565217391304347,0.304635761589404,0.5434782608695652,0.391304347826087,0.0652173913043478
Heart,2014,1468-201X,1,2014,Cardiac & Cardiovascular Systems,Cardiac & Cardiovascular Systems,HEART,16,33,46,46,13,30,3,145,0.3478260869565217,0.717391304347826,0.3172413793103448,0.2826086956521739,0.6521739130434783,0.0652173913043478
Heart,2015,1468-201X,1,2014,Cardiac & Cardiovascular Systems,Cardiac & Cardiovascular Systems,HEART,12,33,42,42,9,30,3,146,0.2857142857142857,0.7857142857142857,0.2876712328767123,0.2142857142857142,0.7142857142857143,0.0714285714285714
Heart,2016,1468-201X,1,2014,Cardiac & Cardiovascular Systems,Cardiac & Cardiovascular Systems,HEART,13,42,50,50,8,37,5,145,0.26,0.84,0.3448275862068966,0.16,0.74,0.1
Heart,2017,1468-201X,1,2014,Cardiac & Cardiovascular Systems,Cardiac & Cardiovascular Systems,HEART,6,38,43,43,5,37,1,158,0.1395348837209302,0.8837209302325582,0.2721518987341772,0.1162790697674418,0.8604651162790697,0.0232558139534883
Heart,2018,1468-201X,1,2014,Cardiac & Cardiovascular Systems,Cardiac & Cardiovascular Systems,HEART,3,32,35,35,3,32,0,144,0.0857142857142857,0.9142857142857144,0.2430555555555555,0.0857142857142857,0.9142857142857144,0.0
Heart,2019,1468-201X,1,2014,Cardiac & Cardiovascular Systems,Cardiac & Cardiovascular Systems,HEART,7,35,42,42,7,35,0,135,0.1666666666666666,0.8333333333333334,0.3111111111111111,0.1666666666666666,0.8333333333333334,0.0
Heart,2020,1468-201X,1,2014,Cardiac & Cardiovascular Systems,Cardiac & Cardiovascular Systems,HEART,8,32,39,39,7,31,1,154,0.2051282051282051,0.8205128205128205,0.2532467532467532,0.1794871794871795,0.7948717948717948,0.0256410256410256
Heart,2021,1468-201X,1,2014,Cardiac & Cardiovascular Systems,Cardiac & Cardiovascular Systems,HEART,12,30,39,39,9,27,3,131,0.3076923076923077,0.7692307692307693,0.2977099236641221,0.2307692307692307,0.6923076923076923,0.0769230769230769
Heart,2022,1468-201X,1,2014,Cardiac & Cardiovascular Systems,Cardiac & Cardiovascular Systems,HEART,10,38,46,46,8,36,2,154,0.217391304347826,0.8260869565217391,0.2987012987012987,0.1739130434782608,0.782608695652174,0.0434782608695652
Heart,2023,1468-201X,1,2014,Cardiac & Cardiovascular Systems,Cardiac & Cardiovascular Systems,HEART,5,34,38,38,4,33,1,130,0.131578947368421,0.8947368421052632,0.2923076923076923,0.1052631578947368,0.868421052631579,0.0263157894736842
Heart,2024,1468-201X,1,2014,Cardiac & Cardiovascular Systems,Cardiac & Cardiovascular Systems,HEART,7,25,31,31,6,24,1,109,0.2258064516129032,0.8064516129032258,0.2844036697247706,0.1935483870967742,0.7741935483870968,0.032258064516129
Heart,2025,1468-201X,1,2014,Cardiac & Cardiovascular Systems,Cardiac & Cardiovascular Systems,HEART,19,26,42,42,16,23,3,179,0.4523809523809524,0.6190476190476191,0.2346368715083799,0.3809523809523809,0.5476190476190477,0.0714285714285714
Heart Rhythm,2010,1556-3871,0,,Cardiac & Cardiovascular Systems,Cardiac & Cardiovascular Systems,HEART RHYTHM,58,24,73,73,49,15,9,174,0.7945205479452054,0.3287671232876712,0.4195402298850574,0.6712328767123288,0.2054794520547945,0.1232876712328767
Heart Rhythm,2011,1556-3871,0,,Cardiac & Cardiovascular Systems,Cardiac & Cardiovascular Systems,HEART RHYTHM,52,26,69,69,43,17,9,173,0.7536231884057971,0.3768115942028985,0.3988439306358382,0.6231884057971014,0.2463768115942029,0.1304347826086956
Heart Rhythm,2012,1556-3871,0,,Cardiac & Cardiovascular Systems,Cardiac & Cardiovascular Systems,HEART RHYTHM,57,37,84,84,47,27,10,176,0.6785714285714286,0.4404761904761904,0.4772727272727273,0.5595238095238095,0.3214285714285714,0.119047619047619
Heart Rhythm,2013,1556-3871,0,,Cardiac & Cardiovascular Systems,Cardiac & Cardiovascular Systems,HEART RHYTHM,49,37,75,75,38,26,11,190,0.6533333333333333,0.4933333333333333,0.3947368421052631,0.5066666666666667,0.3466666666666667,0.1466666666666666
Heart Rhythm,2014,1556-3871,0,,Cardiac & Cardiovascular Systems,Cardiac & Cardiovascular Systems,HEART RHYTHM,49,45,81,81,36,32,13,233,0.6049382716049383,0.5555555555555556,0.3476394849785407,0.4444444444444444,0.3950617283950617,0.1604938271604938
Heart Rhythm,2015,1556-3871,0,,Cardiac & Cardiovascular Systems,Cardiac & Cardiovascular Systems,HEART RHYTHM,54,51,97,97,46,43,8,246,0.5567010309278351,0.5257731958762887,0.3943089430894309,0.4742268041237113,0.4432989690721649,0.0824742268041237
Heart Rhythm,2016,1556-3871,0,,Cardiac & Cardiovascular Systems,Cardiac & Cardiovascular Systems,HEART RHYTHM,57,42,85,85,43,28,14,234,0.6705882352941176,0.4941176470588235,0.3632478632478632,0.5058823529411764,0.3294117647058823,0.1647058823529411
Heart Rhythm,2017,1556-3871,0,,Cardiac & Cardiovascular Systems,Cardiac & Cardiovascular Systems,HEART RHYTHM,40,47,73,73,26,33,14,184,0.547945205479452,0.6438356164383562,0.3967391304347826,0.3561643835616438,0.4520547945205479,0.1917808219178082
Heart Rhythm,2018,1556-3871,0,,Cardiac & Cardiovascular Systems,Cardiac & Cardiovascular Systems,HEART RHYTHM,42,39,71,71,32,29,10,179,0.5915492957746479,0.5492957746478874,0.3966480446927374,0.4507042253521127,0.4084507042253521,0.1408450704225352
Heart Rhythm,2019,1556-3871,0,,Cardiac & Cardiovascular Systems,Cardiac & Cardiovascular Systems,HEART RHYTHM,38,40,65,65,25,27,13,175,0.5846153846153846,0.6153846153846154,0.3714285714285714,0.3846153846153846,0.4153846153846154,0.2
Heart Rhythm,2020,1556-3871,0,,Cardiac & Cardiovascular Systems,Cardiac & Cardiovascular Systems,HEART RHYTHM,29,48,66,66,18,37,11,220,0.4393939393939394,0.7272727272727273,0.3,0.2727272727272727,0.5606060606060606,0.1666666666666666
Heart Rhythm,2021,1556-3871,0,,Cardiac & Cardiovascular Systems,Cardiac & Cardiovascular Systems,HEART RHYTHM,9,19,24,24,5,15,4,177,0.375,0.7916666666666666,0.135593220338983,0.2083333333333333,0.625,0.1666666666666666
Heart Rhythm,2022,1556-3871,0,,Cardiac & Cardiovascular Systems,Cardiac & Cardiovascular Systems,HEART RHYTHM,31,53,72,72,19,41,12,178,0.4305555555555556,0.7361111111111112,0.4044943820224719,0.2638888888888889,0.5694444444444444,0.1666666666666666
Heart Rhythm,2023,1556-3871,0,,Cardiac & Cardiovascular Systems,Cardiac & Cardiovascular Systems,HEART RHYTHM,27,35,52,52,17,25,10,128,0.5192307692307693,0.6730769230769231,0.40625,0.3269230769230769,0.4807692307692308,0.1923076923076923
Heart Rhythm,2024,1556-3871,0,,Cardiac & Cardiovascular Systems,Cardiac & Cardiovascular Systems,HEART RHYTHM,25,55,69,69,14,44,11,195,0.3623188405797101,0.7971014492753623,0.3538461538461538,0.2028985507246377,0.6376811594202898,0.1594202898550724
Heart Rhythm,2025,1556-3871,0,,Cardiac & Cardiovascular Systems,Cardiac & Cardiovascular Systems,HEART RHYTHM,51,104,131,131,27,80,24,353,0.3893129770992366,0.7938931297709924,0.3711048158640226,0.2061068702290076,0.6106870229007634,0.183206106870229
Horticulture Research,2014,2052-7276,1,2013,Genetics & Heredity,Genetics & Heredity; Horticulture; Plant Sciences,HORTIC RES-ENGLAND,16,1,16,16,15,0,1,23,1.0,0.0625,0.6956521739130435,0.9375,0.0,0.0625
Horticulture Research,2015,2052-7276,1,2013,Genetics & Heredity,Genetics & Heredity; Horticulture; Plant Sciences,HORTIC RES-ENGLAND,12,7,16,16,9,4,3,28,0.75,0.4375,0.5714285714285714,0.5625,0.25,0.1875
Horticulture Research,2016,2052-7276,1,2013,Genetics & Heredity,Genetics & Heredity; Horticulture; Plant Sciences,HORTIC RES-ENGLAND,13,2,15,15,13,2,0,31,0.8666666666666667,0.1333333333333333,0.4838709677419355,0.8666666666666667,0.1333333333333333,0.0
Horticulture Research,2017,2052-7276,1,2013,Genetics & Heredity,Genetics & Heredity; Horticulture; Plant Sciences,HORTIC RES-ENGLAND,18,10,23,23,13,5,5,36,0.782608695652174,0.4347826086956521,0.6388888888888888,0.5652173913043478,0.217391304347826,0.217391304347826
Horticulture Research,2018,2052-7276,1,2013,Genetics & Heredity,Genetics & Heredity; Horticulture; Plant Sciences,HORTIC RES-ENGLAND,40,13,47,47,34,7,6,70,0.851063829787234,0.2765957446808511,0.6714285714285714,0.723404255319149,0.1489361702127659,0.1276595744680851
Horticulture Research,2019,2052-7276,1,2013,Genetics & Heredity,Genetics & Heredity; Horticulture; Plant Sciences,HORTIC RES-ENGLAND,69,41,91,91,50,22,19,121,0.7582417582417582,0.4505494505494505,0.7520661157024794,0.5494505494505495,0.2417582417582417,0.2087912087912088
Horticulture Research,2020,2052-7276,1,2013,Genetics & Heredity,Genetics & Heredity; Horticulture; Plant Sciences,HORTIC RES-ENGLAND,113,70,152,152,82,39,31,198,0.743421052631579,0.4605263157894737,0.7676767676767676,0.5394736842105263,0.2565789473684211,0.2039473684210526
Horticulture Research,2021,2052-7276,1,2013,Genetics & Heredity,Genetics & Heredity; Horticulture; Plant Sciences,HORTIC RES-ENGLAND,157,99,203,203,104,46,53,242,0.7733990147783252,0.4876847290640394,0.8388429752066116,0.5123152709359606,0.2266009852216748,0.2610837438423645
Horticulture Research,2022,2052-7276,1,2013,Genetics & Heredity,Genetics & Heredity; Horticulture; Plant Sciences,HORTIC RES-ENGLAND,174,93,214,214,121,40,53,283,0.8130841121495327,0.4345794392523364,0.7561837455830389,0.5654205607476636,0.1869158878504672,0.2476635514018691
Horticulture Research,2023,2052-7276,1,2013,Genetics & Heredity,Genetics & Heredity; Horticulture; Plant Sciences,HORTIC RES-ENGLAND,188,137,242,242,105,54,83,287,0.7768595041322314,0.5661157024793388,0.8432055749128919,0.4338842975206611,0.2231404958677686,0.3429752066115702
Horticulture Research,2024,2052-7276,1,2013,Genetics & Heredity,Genetics & Heredity; Horticulture; Plant Sciences,HORTIC RES-ENGLAND,175,157,245,245,88,70,87,292,0.7142857142857143,0.6408163265306123,0.839041095890411,0.3591836734693877,0.2857142857142857,0.3551020408163265
Horticulture Research,2025,2052-7276,1,2013,Genetics & Heredity,Genetics & Heredity; Horticulture; Plant Sciences,HORTIC RES-ENGLAND,194,164,252,252,88,58,106,319,0.7698412698412699,0.6507936507936508,0.7899686520376176,0.3492063492063492,0.2301587301587301,0.4206349206349206
Human Gene Therapy,2010,1557-7422,0,,Genetics & Heredity,"Biotechnology & Applied Microbiology; Genetics & Heredity; Medicine, Research & Experimental",HUM GENE THER,90,31,94,94,63,4,27,109,0.9574468085106383,0.3297872340425531,0.8623853211009175,0.6702127659574468,0.0425531914893617,0.2872340425531915
Human Gene Therapy,2011,1557-7422,0,,Genetics & Heredity,"Biotechnology & Applied Microbiology; Genetics & Heredity; Medicine, Research & Experimental",HUM GENE THER,106,28,109,109,81,3,25,127,0.9724770642201837,0.2568807339449541,0.8582677165354331,0.7431192660550459,0.0275229357798165,0.2293577981651376
Human Gene Therapy,2012,1557-7422,0,,Genetics & Heredity,"Biotechnology & Applied Microbiology; Genetics & Heredity; Medicine, Research & Experimental",HUM GENE THER,95,29,97,97,68,2,27,112,0.979381443298969,0.2989690721649484,0.8660714285714286,0.7010309278350515,0.0206185567010309,0.2783505154639175
Human Gene Therapy,2013,1557-7422,0,,Genetics & Heredity,"Biotechnology & Applied Microbiology; Genetics & Heredity; Medicine, Research & Experimental",HUM GENE THER,63,31,68,68,37,5,26,73,0.9264705882352942,0.4558823529411764,0.9315068493150684,0.5441176470588235,0.0735294117647058,0.3823529411764705
Human Gene Therapy,2014,1557-7422,0,,Genetics & Heredity,"Biotechnology & Applied Microbiology; Genetics & Heredity; Medicine, Research & Experimental",HUM GENE THER,55,19,57,57,38,2,17,64,0.9649122807017544,0.3333333333333333,0.890625,0.6666666666666666,0.0350877192982456,0.2982456140350877
Human Gene Therapy,2015,1557-7422,0,,Genetics & Heredity,"Biotechnology & Applied Microbiology; Genetics & Heredity; Medicine, Research & Experimental",HUM GENE THER,43,18,45,45,27,2,16,53,0.9555555555555556,0.4,0.8490566037735849,0.6,0.0444444444444444,0.3555555555555555
Human Gene Therapy,2016,1557-7422,0,,Genetics & Heredity,"Biotechnology & Applied Microbiology; Genetics & Heredity; Medicine, Research & Experimental",HUM GENE THER,45,14,46,46,32,1,13,59,0.9782608695652174,0.3043478260869565,0.7796610169491526,0.6956521739130435,0.0217391304347826,0.2826086956521739
Human Gene Therapy,2017,1557-7422,0,,Genetics & Heredity,"Biotechnology & Applied Microbiology; Genetics & Heredity; Medicine, Research & Experimental",HUM GENE THER,43,21,46,46,25,3,18,57,0.9347826086956522,0.4565217391304347,0.8070175438596491,0.5434782608695652,0.0652173913043478,0.391304347826087
Human Gene Therapy,2018,1557-7422,0,,Genetics & Heredity,"Biotechnology & Applied Microbiology; Genetics & Heredity; Medicine, Research & Experimental",HUM GENE THER,70,38,83,83,45,13,25,95,0.8433734939759037,0.4578313253012048,0.8736842105263158,0.5421686746987951,0.1566265060240964,0.3012048192771084
Human Gene Therapy,2019,1557-7422,0,,Genetics & Heredity,"Biotechnology & Applied Microbiology; Genetics & Heredity; Medicine, Research & Experimental",HUM GENE THER,75,55,92,92,37,17,38,103,0.8152173913043478,0.5978260869565217,0.8932038834951457,0.4021739130434782,0.1847826086956521,0.4130434782608695
Human Gene Therapy,2020,1557-7422,0,,Genetics & Heredity,"Biotechnology & Applied Microbiology; Genetics & Heredity; Medicine, Research & Experimental",HUM GENE THER,53,38,64,64,26,11,27,74,0.828125,0.59375,0.8648648648648649,0.40625,0.171875,0.421875
Human Gene Therapy,2021,1557-7422,0,,Genetics & Heredity,"Biotechnology & Applied Microbiology; Genetics & Heredity; Medicine, Research & Experimental",HUM GENE THER,47,40,65,65,25,18,22,94,0.7230769230769231,0.6153846153846154,0.6914893617021277,0.3846153846153846,0.2769230769230769,0.3384615384615385
Human Gene Therapy,2022,1557-7422,0,,Genetics & Heredity,"Biotechnology & Applied Microbiology; Genetics & Heredity; Medicine, Research & Experimental",HUM GENE THER,46,50,69,69,19,23,27,83,0.6666666666666666,0.7246376811594203,0.8313253012048193,0.2753623188405797,0.3333333333333333,0.391304347826087
Human Gene Therapy,2023,1557-7422,0,,Genetics & Heredity,"Biotechnology & Applied Microbiology; Genetics & Heredity; Medicine, Research & Experimental",HUM GENE THER,32,30,46,46,16,14,16,63,0.6956521739130435,0.6521739130434783,0.7301587301587301,0.3478260869565217,0.3043478260869565,0.3478260869565217
Human Gene Therapy,2024,1557-7422,0,,Genetics & Heredity,"Biotechnology & Applied Microbiology; Genetics & Heredity; Medicine, Research & Experimental",HUM GENE THER,32,37,47,47,10,15,22,50,0.6808510638297872,0.7872340425531915,0.94,0.2127659574468085,0.3191489361702128,0.4680851063829787
Human Gene Therapy,2025,1557-7422,0,,Genetics & Heredity,"Biotechnology & Applied Microbiology; Genetics & Heredity; Medicine, Research & Experimental",HUM GENE THER,26,34,44,44,10,18,16,51,0.5909090909090909,0.7727272727272727,0.8627450980392157,0.2272727272727272,0.4090909090909091,0.3636363636363636
Human Molecular Genetics,2010,1460-2083,0,,Genetics & Heredity,Biochemistry & Molecular Biology; Genetics & Heredity,HUM MOL GENET,285,78,313,313,235,28,50,405,0.9105431309904152,0.2492012779552715,0.7728395061728395,0.7507987220447284,0.0894568690095846,0.1597444089456869
Human Molecular Genetics,2011,1460-2083,0,,Genetics & Heredity,Biochemistry & Molecular Biology; Genetics & Heredity,HUM MOL GENET,298,86,322,322,236,24,62,413,0.9254658385093169,0.2670807453416149,0.7796610169491526,0.7329192546583851,0.0745341614906832,0.1925465838509316
Human Molecular Genetics,2012,1460-2083,0,,Genetics & Heredity,Biochemistry & Molecular Biology; Genetics & Heredity,HUM MOL GENET,346,104,366,366,262,20,84,440,0.9453551912568308,0.2841530054644808,0.8318181818181818,0.7158469945355191,0.0546448087431694,0.2295081967213114
Human Molecular Genetics,2013,1460-2083,0,,Genetics & Heredity,Biochemistry & Molecular Biology; Genetics & Heredity,HUM MOL GENET,314,109,338,338,229,24,85,398,0.9289940828402368,0.3224852071005917,0.8492462311557789,0.6775147928994083,0.0710059171597633,0.2514792899408284
Human Molecular Genetics,2014,1460-2083,0,,Genetics & Heredity,Biochemistry & Molecular Biology; Genetics & Heredity,HUM MOL GENET,399,143,437,437,294,38,105,527,0.9130434782608696,0.3272311212814645,0.8292220113851992,0.6727688787185355,0.0869565217391304,0.2402745995423341
Human Molecular Genetics,2015,1460-2083,0,,Genetics & Heredity,Biochemistry & Molecular Biology; Genetics & Heredity,HUM MOL GENET,425,180,479,479,299,54,126,558,0.8872651356993737,0.3757828810020877,0.8584229390681004,0.6242171189979123,0.1127348643006263,0.2630480167014614
Human Molecular Genetics,2016,1460-2083,0,,Genetics & Heredity,Biochemistry & Molecular Biology; Genetics & Heredity,HUM MOL GENET,304,154,347,347,193,43,111,403,0.8760806916426513,0.4438040345821326,0.8610421836228288,0.5561959654178674,0.1239193083573487,0.3198847262247838
Human Molecular Genetics,2017,1460-2083,0,,Genetics & Heredity,Biochemistry & Molecular Biology; Genetics & Heredity,HUM MOL GENET,296,141,321,321,180,25,116,368,0.9221183800623052,0.4392523364485981,0.8722826086956522,0.5607476635514018,0.0778816199376947,0.3613707165109034
Human Molecular Genetics,2018,1460-2083,0,,Genetics & Heredity,Biochemistry & Molecular Biology; Genetics & Heredity,HUM MOL GENET,222,127,264,264,137,42,85,316,0.8409090909090909,0.4810606060606061,0.8354430379746836,0.5189393939393939,0.1590909090909091,0.3219696969696969
Human Molecular Genetics,2019,1460-2083,0,,Genetics & Heredity,Biochemistry & Molecular Biology; Genetics & Heredity,HUM MOL GENET,213,162,261,261,99,48,114,299,0.8160919540229885,0.6206896551724138,0.8729096989966555,0.3793103448275862,0.1839080459770115,0.4367816091954023
Human Molecular Genetics,2020,1460-2083,0,,Genetics & Heredity,Biochemistry & Molecular Biology; Genetics & Heredity,HUM MOL GENET,158,140,219,219,79,61,79,250,0.7214611872146118,0.639269406392694,0.876,0.3607305936073059,0.2785388127853881,0.3607305936073059
Human Molecular Genetics,2021,1460-2083,0,,Genetics & Heredity,Biochemistry & Molecular Biology; Genetics & Heredity,HUM MOL GENET,140,136,200,200,64,60,76,250,0.7,0.68,0.8,0.32,0.3,0.38
Human Molecular Genetics,2022,1460-2083,0,,Genetics & Heredity,Biochemistry & Molecular Biology; Genetics & Heredity,HUM MOL GENET,131,161,211,211,50,80,81,264,0.6208530805687204,0.7630331753554502,0.7992424242424242,0.2369668246445497,0.3791469194312796,0.3838862559241706
Human Molecular Genetics,2023,1460-2083,0,,Genetics & Heredity,Biochemistry & Molecular Biology; Genetics & Heredity,HUM MOL GENET,116,161,205,205,44,89,72,249,0.5658536585365853,0.7853658536585366,0.8232931726907631,0.2146341463414634,0.4341463414634146,0.3512195121951219
Human Molecular Genetics,2024,1460-2083,0,,Genetics & Heredity,Biochemistry & Molecular Biology; Genetics & Heredity,HUM MOL GENET,60,110,130,130,20,70,40,153,0.4615384615384615,0.8461538461538461,0.8496732026143791,0.1538461538461538,0.5384615384615384,0.3076923076923077
Human Molecular Genetics,2025,1460-2083,0,,Genetics & Heredity,Biochemistry & Molecular Biology; Genetics & Heredity,HUM MOL GENET,78,117,141,141,24,63,54,180,0.5531914893617021,0.8297872340425532,0.7833333333333333,0.1702127659574468,0.4468085106382978,0.3829787234042553
Immunity,2010,1097-4180,0,,Immunology,Immunology,IMMUNITY,107,58,110,110,52,3,55,115,0.9727272727272728,0.5272727272727272,0.9565217391304348,0.4727272727272727,0.0272727272727272,0.5
Immunity,2011,1097-4180,0,,Immunology,Immunology,IMMUNITY,127,82,130,130,48,3,79,134,0.9769230769230768,0.6307692307692307,0.9701492537313432,0.3692307692307692,0.023076923076923,0.6076923076923076
Immunity,2012,1097-4180,0,,Immunology,Immunology,IMMUNITY,135,89,142,142,53,7,82,145,0.9507042253521126,0.6267605633802817,0.9793103448275862,0.3732394366197183,0.0492957746478873,0.5774647887323944
Immunity,2013,1097-4180,0,,Immunology,Immunology,IMMUNITY,145,113,158,158,45,13,100,159,0.9177215189873418,0.7151898734177216,0.9937106918238994,0.2848101265822785,0.0822784810126582,0.6329113924050633
Immunity,2014,1097-4180,0,,Immunology,Immunology,IMMUNITY,113,96,126,126,30,13,83,130,0.8968253968253969,0.7619047619047619,0.9692307692307692,0.238095238095238,0.1031746031746031,0.6587301587301587
Immunity,2015,1097-4180,0,,Immunology,Immunology,IMMUNITY,149,119,155,155,36,6,113,157,0.9612903225806452,0.7677419354838709,0.9872611464968152,0.232258064516129,0.0387096774193548,0.7290322580645161
Immunity,2016,1097-4180,0,,Immunology,Immunology,IMMUNITY,149,132,167,167,35,18,114,171,0.8922155688622755,0.7904191616766467,0.9766081871345028,0.2095808383233532,0.1077844311377245,0.6826347305389222
Immunity,2017,1097-4180,0,,Immunology,Immunology,IMMUNITY,105,98,121,121,23,16,82,125,0.8677685950413223,0.8099173553719008,0.968,0.1900826446280991,0.1322314049586777,0.6776859504132231
Immunity,2018,1097-4180,0,,Immunology,Immunology,IMMUNITY,113,117,137,137,20,24,93,140,0.8248175182481752,0.8540145985401459,0.9785714285714284,0.145985401459854,0.1751824817518248,0.6788321167883211
Immunity,2019,1097-4180,0,,Immunology,Immunology,IMMUNITY,92,120,133,133,13,41,79,138,0.6917293233082706,0.9022556390977444,0.9637681159420288,0.0977443609022556,0.3082706766917293,0.5939849624060151
Immunity,2020,1097-4180,0,,Immunology,Immunology,IMMUNITY,60,111,117,117,6,57,54,121,0.5128205128205128,0.9487179487179488,0.9669421487603306,0.0512820512820512,0.4871794871794871,0.4615384615384615
Immunity,2021,1097-4180,0,,Immunology,Immunology,IMMUNITY,70,151,156,156,5,86,65,158,0.4487179487179487,0.967948717948718,0.9873417721518988,0.032051282051282,0.5512820512820513,0.4166666666666667
Immunity,2022,1097-4180,0,,Immunology,Immunology,IMMUNITY,38,111,112,112,1,74,37,117,0.3392857142857143,0.9910714285714286,0.9572649572649572,0.0089285714285714,0.6607142857142857,0.3303571428571428
Immunity,2023,1097-4180,0,,Immunology,Immunology,IMMUNITY,52,138,140,140,2,88,50,142,0.3714285714285714,0.9857142857142858,0.9859154929577464,0.0142857142857142,0.6285714285714286,0.3571428571428571
Immunity,2024,1097-4180,0,,Immunology,Immunology,IMMUNITY,58,134,134,134,0,76,58,139,0.4328358208955223,1.0,0.9640287769784172,0.0,0.5671641791044776,0.4328358208955223
Immunity,2025,1097-4180,0,,Immunology,Immunology,IMMUNITY,63,151,152,152,1,89,62,154,0.4144736842105263,0.993421052631579,0.987012987012987,0.006578947368421,0.5855263157894737,0.4078947368421052
Immunology,2010,1365-2567,0,,Immunology,Immunology,IMMUNOLOGY,126,62,137,137,75,11,51,145,0.9197080291970804,0.4525547445255474,0.9448275862068966,0.5474452554744526,0.0802919708029197,0.3722627737226277
Immunology,2011,1365-2567,0,,Immunology,Immunology,IMMUNOLOGY,107,56,116,116,60,9,47,121,0.9224137931034484,0.4827586206896552,0.9586776859504132,0.5172413793103449,0.0775862068965517,0.4051724137931034
Immunology,2012,1365-2567,0,,Immunology,Immunology,IMMUNOLOGY,70,32,74,74,42,4,28,78,0.945945945945946,0.4324324324324324,0.9487179487179488,0.5675675675675675,0.054054054054054,0.3783783783783784
Immunology,2013,1365-2567,0,,Immunology,Immunology,IMMUNOLOGY,86,55,100,100,45,14,41,108,0.86,0.55,0.925925925925926,0.45,0.14,0.41
Immunology,2014,1365-2567,0,,Immunology,Immunology,IMMUNOLOGY,133,72,148,148,76,15,57,159,0.8986486486486487,0.4864864864864865,0.9308176100628932,0.5135135135135135,0.1013513513513513,0.3851351351351351
Immunology,2015,1365-2567,0,,Immunology,Immunology,IMMUNOLOGY,126,72,135,135,63,9,63,141,0.9333333333333332,0.5333333333333333,0.9574468085106383,0.4666666666666667,0.0666666666666666,0.4666666666666667
Immunology,2016,1365-2567,0,,Immunology,Immunology,IMMUNOLOGY,74,45,88,88,43,14,31,93,0.8409090909090909,0.5113636363636364,0.946236559139785,0.4886363636363636,0.1590909090909091,0.3522727272727273
Immunology,2017,1365-2567,0,,Immunology,Immunology,IMMUNOLOGY,82,61,97,97,36,15,46,108,0.845360824742268,0.6288659793814433,0.8981481481481481,0.3711340206185567,0.1546391752577319,0.4742268041237113
Immunology,2018,1365-2567,0,,Immunology,Immunology,IMMUNOLOGY,64,56,85,85,29,21,35,91,0.7529411764705882,0.6588235294117647,0.934065934065934,0.3411764705882353,0.2470588235294117,0.4117647058823529
Immunology,2019,1365-2567,0,,Immunology,Immunology,IMMUNOLOGY,52,41,62,62,21,10,31,65,0.8387096774193549,0.6612903225806451,0.953846153846154,0.3387096774193548,0.1612903225806451,0.5
Immunology,2020,1365-2567,0,,Immunology,Immunology,IMMUNOLOGY,36,38,53,53,15,17,21,60,0.6792452830188679,0.7169811320754716,0.8833333333333333,0.2830188679245283,0.320754716981132,0.3962264150943396
Immunology,2021,1365-2567,0,,Immunology,Immunology,IMMUNOLOGY,55,61,73,73,12,18,43,78,0.7534246575342466,0.8356164383561644,0.935897435897436,0.1643835616438356,0.2465753424657534,0.589041095890411
Immunology,2022,1365-2567,0,,Immunology,Immunology,IMMUNOLOGY,48,76,84,84,8,36,40,87,0.5714285714285714,0.9047619047619048,0.9655172413793104,0.0952380952380952,0.4285714285714285,0.4761904761904761
Immunology,2023,1365-2567,0,,Immunology,Immunology,IMMUNOLOGY,51,82,96,96,14,45,37,98,0.53125,0.8541666666666666,0.979591836734694,0.1458333333333333,0.46875,0.3854166666666667
Immunology,2024,1365-2567,0,,Immunology,Immunology,IMMUNOLOGY,51,76,91,91,15,40,36,96,0.5604395604395604,0.8351648351648352,0.9479166666666666,0.1648351648351648,0.4395604395604395,0.3956043956043956
Immunology,2025,1365-2567,0,,Immunology,Immunology,IMMUNOLOGY,43,92,100,100,8,57,35,111,0.43,0.92,0.9009009009009008,0.08,0.57,0.35
International Journal of Behavioral Nutrition and Physical Activity,2010,1479-5868,0,,Physiology,Nutrition & Dietetics; Physiology,INT J BEHAV NUTR PHY,7,2,9,9,7,2,0,83,0.7777777777777778,0.2222222222222222,0.108433734939759,0.7777777777777778,0.2222222222222222,0.0
International Journal of Behavioral Nutrition and Physical Activity,2011,1479-5868,0,,Physiology,Nutrition & Dietetics; Physiology,INT J BEHAV NUTR PHY,11,3,13,13,10,2,1,115,0.8461538461538461,0.2307692307692307,0.1130434782608695,0.7692307692307693,0.1538461538461538,0.0769230769230769
International Journal of Behavioral Nutrition and Physical Activity,2012,1479-5868,0,,Physiology,Nutrition & Dietetics; Physiology,INT J BEHAV NUTR PHY,8,1,9,9,8,1,0,124,0.8888888888888888,0.1111111111111111,0.0725806451612903,0.8888888888888888,0.1111111111111111,0.0
International Journal of Behavioral Nutrition and Physical Activity,2013,1479-5868,0,,Physiology,Nutrition & Dietetics; Physiology,INT J BEHAV NUTR PHY,8,3,11,11,8,3,0,122,0.7272727272727273,0.2727272727272727,0.0901639344262295,0.7272727272727273,0.2727272727272727,0.0
International Journal of Behavioral Nutrition and Physical Activity,2014,1479-5868,0,,Physiology,Nutrition & Dietetics; Physiology,INT J BEHAV NUTR PHY,5,3,8,8,5,3,0,138,0.625,0.375,0.0579710144927536,0.625,0.375,0.0
International Journal of Behavioral Nutrition and Physical Activity,2015,1479-5868,0,,Physiology,Nutrition & Dietetics; Physiology,INT J BEHAV NUTR PHY,10,2,11,11,9,1,1,140,0.9090909090909092,0.1818181818181818,0.0785714285714285,0.8181818181818182,0.0909090909090909,0.0909090909090909
International Journal of Behavioral Nutrition and Physical Activity,2016,1479-5868,0,,Physiology,Nutrition & Dietetics; Physiology,INT J BEHAV NUTR PHY,9,4,13,13,9,4,0,102,0.6923076923076923,0.3076923076923077,0.1274509803921568,0.6923076923076923,0.3076923076923077,0.0
International Journal of Behavioral Nutrition and Physical Activity,2017,1479-5868,0,,Physiology,Nutrition & Dietetics; Physiology,INT J BEHAV NUTR PHY,12,6,18,18,12,6,0,137,0.6666666666666666,0.3333333333333333,0.1313868613138686,0.6666666666666666,0.3333333333333333,0.0
International Journal of Behavioral Nutrition and Physical Activity,2018,1479-5868,0,,Physiology,Nutrition & Dietetics; Physiology,INT J BEHAV NUTR PHY,3,2,5,5,3,2,0,104,0.6,0.4,0.048076923076923,0.6,0.4,0.0
International Journal of Behavioral Nutrition and Physical Activity,2019,1479-5868,0,,Physiology,Nutrition & Dietetics; Physiology,INT J BEHAV NUTR PHY,5,10,14,14,4,9,1,108,0.3571428571428571,0.7142857142857143,0.1296296296296296,0.2857142857142857,0.6428571428571429,0.0714285714285714
International Journal of Behavioral Nutrition and Physical Activity,2020,1479-5868,0,,Physiology,Nutrition & Dietetics; Physiology,INT J BEHAV NUTR PHY,8,9,16,16,7,8,1,111,0.5,0.5625,0.1441441441441441,0.4375,0.5,0.0625
International Journal of Behavioral Nutrition and Physical Activity,2021,1479-5868,0,,Physiology,Nutrition & Dietetics; Physiology,INT J BEHAV NUTR PHY,16,7,22,22,15,6,1,126,0.7272727272727273,0.3181818181818182,0.1746031746031746,0.6818181818181818,0.2727272727272727,0.0454545454545454
International Journal of Behavioral Nutrition and Physical Activity,2022,1479-5868,0,,Physiology,Nutrition & Dietetics; Physiology,INT J BEHAV NUTR PHY,7,7,12,12,5,5,2,114,0.5833333333333334,0.5833333333333334,0.1052631578947368,0.4166666666666667,0.4166666666666667,0.1666666666666666
International Journal of Behavioral Nutrition and Physical Activity,2023,1479-5868,0,,Physiology,Nutrition & Dietetics; Physiology,INT J BEHAV NUTR PHY,10,8,17,17,9,7,1,113,0.5882352941176471,0.4705882352941176,0.1504424778761062,0.5294117647058824,0.4117647058823529,0.0588235294117647
International Journal of Behavioral Nutrition and Physical Activity,2024,1479-5868,0,,Physiology,Nutrition & Dietetics; Physiology,INT J BEHAV NUTR PHY,10,16,23,23,7,13,3,106,0.4347826086956521,0.6956521739130435,0.2169811320754717,0.3043478260869565,0.5652173913043478,0.1304347826086956
International Journal of Behavioral Nutrition and Physical Activity,2025,1479-5868,0,,Physiology,Nutrition & Dietetics; Physiology,INT J BEHAV NUTR PHY,7,10,16,16,6,9,1,119,0.4375,0.625,0.134453781512605,0.375,0.5625,0.0625
International Journal of Cancer,2010,1097-0215,0,,Oncology,Oncology,INT J CANCER,311,133,355,355,222,44,89,548,0.8760563380281691,0.3746478873239436,0.6478102189781022,0.6253521126760564,0.1239436619718309,0.2507042253521127
International Journal of Cancer,2011,1097-0215,0,,Oncology,Oncology,INT J CANCER,284,120,326,326,206,42,78,554,0.8711656441717791,0.3680981595092024,0.5884476534296029,0.6319018404907976,0.1288343558282208,0.2392638036809816
International Journal of Cancer,2012,1097-0215,0,,Oncology,Oncology,INT J CANCER,336,150,391,391,241,55,95,682,0.8593350383631714,0.3836317135549872,0.5733137829912024,0.6163682864450127,0.1406649616368286,0.2429667519181585
International Journal of Cancer,2013,1097-0215,0,,Oncology,Oncology,INT J CANCER,254,157,319,319,162,65,92,571,0.7962382445141066,0.4921630094043887,0.5586690017513135,0.5078369905956113,0.2037617554858934,0.2884012539184953
International Journal of Cancer,2014,1097-0215,0,,Oncology,Oncology,INT J CANCER,244,144,294,294,150,50,94,535,0.8299319727891157,0.4897959183673469,0.5495327102803739,0.5102040816326531,0.1700680272108843,0.3197278911564626
International Journal of Cancer,2015,1097-0215,0,,Oncology,Oncology,INT J CANCER,267,162,322,322,160,55,107,594,0.8291925465838509,0.5031055900621118,0.5420875420875421,0.4968944099378882,0.170807453416149,0.3322981366459627
International Journal of Cancer,2016,1097-0215,0,,Oncology,Oncology,INT J CANCER,170,127,214,214,87,44,83,470,0.794392523364486,0.5934579439252337,0.4553191489361702,0.4065420560747663,0.205607476635514,0.3878504672897196
International Journal of Cancer,2017,1097-0215,0,,Oncology,Oncology,INT J CANCER,140,110,184,184,74,44,66,450,0.7608695652173914,0.5978260869565217,0.4088888888888889,0.4021739130434782,0.2391304347826087,0.358695652173913
International Journal of Cancer,2018,1097-0215,0,,Oncology,Oncology,INT J CANCER,177,155,231,231,76,54,101,488,0.7662337662337663,0.670995670995671,0.4733606557377049,0.329004329004329,0.2337662337662337,0.4372294372294372
International Journal of Cancer,2019,1097-0215,0,,Oncology,Oncology,INT J CANCER,223,217,305,305,88,82,135,531,0.7311475409836066,0.7114754098360656,0.5743879472693032,0.2885245901639344,0.2688524590163934,0.4426229508196721
International Journal of Cancer,2020,1097-0215,0,,Oncology,Oncology,INT J CANCER,154,180,244,244,64,90,90,587,0.6311475409836066,0.7377049180327869,0.4156729131175468,0.2622950819672131,0.3688524590163934,0.3688524590163934
International Journal of Cancer,2021,1097-0215,0,,Oncology,Oncology,INT J CANCER,67,112,138,138,26,71,41,413,0.4855072463768116,0.8115942028985508,0.3341404358353511,0.1884057971014492,0.5144927536231884,0.2971014492753623
International Journal of Cancer,2022,1097-0215,0,,Oncology,Oncology,INT J CANCER,53,98,120,120,22,67,31,326,0.4416666666666666,0.8166666666666667,0.3680981595092024,0.1833333333333333,0.5583333333333333,0.2583333333333333
International Journal of Cancer,2023,1097-0215,0,,Oncology,Oncology,INT J CANCER,58,113,133,133,20,75,38,340,0.4360902255639097,0.849624060150376,0.3911764705882353,0.150375939849624,0.5639097744360902,0.2857142857142857
International Journal of Cancer,2024,1097-0215,0,,Oncology,Oncology,INT J CANCER,47,101,117,117,16,70,31,323,0.4017094017094017,0.8632478632478633,0.3622291021671827,0.1367521367521367,0.5982905982905983,0.2649572649572649
International Journal of Cancer,2025,1097-0215,0,,Oncology,Oncology,INT J CANCER,62,122,148,148,26,86,36,433,0.4189189189189189,0.8243243243243243,0.3418013856812933,0.1756756756756756,0.581081081081081,0.2432432432432432
International Journal of Cardiovascular Imaging,2010,1569-5794,0,,Cardiac & Cardiovascular Systems,"Cardiac & Cardiovascular Systems; Radiology, Nuclear Medicine & Medical Imaging",INT J CARDIOVAS IMAG,11,10,21,21,11,10,0,92,0.5238095238095238,0.4761904761904761,0.2282608695652173,0.5238095238095238,0.4761904761904761,0.0
International Journal of Cardiovascular Imaging,2011,1569-5794,0,,Cardiac & Cardiovascular Systems,"Cardiac & Cardiovascular Systems; Radiology, Nuclear Medicine & Medical Imaging",INT J CARDIOVAS IMAG,13,14,26,26,12,13,1,91,0.5,0.5384615384615384,0.2857142857142857,0.4615384615384615,0.5,0.0384615384615384
International Journal of Cardiovascular Imaging,2012,1569-5794,0,,Cardiac & Cardiovascular Systems,"Cardiac & Cardiovascular Systems; Radiology, Nuclear Medicine & Medical Imaging",INT J CARDIOVAS IMAG,31,37,64,64,27,33,4,204,0.484375,0.578125,0.3137254901960784,0.421875,0.515625,0.0625
International Journal of Cardiovascular Imaging,2013,1569-5794,0,,Cardiac & Cardiovascular Systems,"Cardiac & Cardiovascular Systems; Radiology, Nuclear Medicine & Medical Imaging",INT J CARDIOVAS IMAG,41,27,65,65,38,24,3,206,0.6307692307692307,0.4153846153846154,0.3155339805825243,0.5846153846153846,0.3692307692307692,0.0461538461538461
International Journal of Cardiovascular Imaging,2014,1569-5794,0,,Cardiac & Cardiovascular Systems,"Cardiac & Cardiovascular Systems; Radiology, Nuclear Medicine & Medical Imaging",INT J CARDIOVAS IMAG,38,24,54,54,30,16,8,167,0.7037037037037037,0.4444444444444444,0.3233532934131736,0.5555555555555556,0.2962962962962963,0.1481481481481481
International Journal of Cardiovascular Imaging,2015,1569-5794,0,,Cardiac & Cardiovascular Systems,"Cardiac & Cardiovascular Systems; Radiology, Nuclear Medicine & Medical Imaging",INT J CARDIOVAS IMAG,29,39,63,63,24,34,5,179,0.4603174603174603,0.6190476190476191,0.3519553072625698,0.3809523809523809,0.5396825396825397,0.0793650793650793
International Journal of Cardiovascular Imaging,2016,1569-5794,0,,Cardiac & Cardiovascular Systems,"Cardiac & Cardiovascular Systems; Radiology, Nuclear Medicine & Medical Imaging",INT J CARDIOVAS IMAG,29,36,60,60,24,31,5,175,0.4833333333333333,0.6,0.3428571428571428,0.4,0.5166666666666667,0.0833333333333333
International Journal of Cardiovascular Imaging,2017,1569-5794,0,,Cardiac & Cardiovascular Systems,"Cardiac & Cardiovascular Systems; Radiology, Nuclear Medicine & Medical Imaging",INT J CARDIOVAS IMAG,38,33,64,64,31,26,7,184,0.59375,0.515625,0.3478260869565217,0.484375,0.40625,0.109375
International Journal of Cardiovascular Imaging,2018,1569-5794,0,,Cardiac & Cardiovascular Systems,"Cardiac & Cardiovascular Systems; Radiology, Nuclear Medicine & Medical Imaging",INT J CARDIOVAS IMAG,23,42,56,56,14,33,9,183,0.4107142857142857,0.75,0.3060109289617486,0.25,0.5892857142857143,0.1607142857142857
International Journal of Cardiovascular Imaging,2019,1569-5794,0,,Cardiac & Cardiovascular Systems,"Cardiac & Cardiovascular Systems; Radiology, Nuclear Medicine & Medical Imaging",INT J CARDIOVAS IMAG,25,45,67,67,22,42,3,208,0.373134328358209,0.6716417910447762,0.3221153846153846,0.3283582089552239,0.6268656716417911,0.044776119402985
International Journal of Cardiovascular Imaging,2020,1569-5794,0,,Cardiac & Cardiovascular Systems,"Cardiac & Cardiovascular Systems; Radiology, Nuclear Medicine & Medical Imaging",INT J CARDIOVAS IMAG,33,49,76,76,27,43,6,197,0.4342105263157895,0.6447368421052632,0.3857868020304568,0.3552631578947368,0.5657894736842105,0.0789473684210526
International Journal of Cardiovascular Imaging,2021,1569-5794,0,,Cardiac & Cardiovascular Systems,"Cardiac & Cardiovascular Systems; Radiology, Nuclear Medicine & Medical Imaging",INT J CARDIOVAS IMAG,36,61,91,91,30,55,6,305,0.3956043956043956,0.6703296703296703,0.2983606557377049,0.3296703296703296,0.6043956043956044,0.0659340659340659
International Journal of Cardiovascular Imaging,2022,1569-5794,0,,Cardiac & Cardiovascular Systems,"Cardiac & Cardiovascular Systems; Radiology, Nuclear Medicine & Medical Imaging",INT J CARDIOVAS IMAG,31,62,88,88,26,57,5,238,0.3522727272727273,0.7045454545454546,0.3697478991596639,0.2954545454545454,0.6477272727272727,0.0568181818181818
International Journal of Cardiovascular Imaging,2023,1569-5794,0,,Cardiac & Cardiovascular Systems,"Cardiac & Cardiovascular Systems; Radiology, Nuclear Medicine & Medical Imaging",INT J CARDIOVAS IMAG,26,50,69,69,19,43,7,214,0.3768115942028985,0.7246376811594203,0.322429906542056,0.2753623188405797,0.6231884057971014,0.1014492753623188
International Journal of Cardiovascular Imaging,2024,1569-5794,0,,Cardiac & Cardiovascular Systems,"Cardiac & Cardiovascular Systems; Radiology, Nuclear Medicine & Medical Imaging",INT J CARDIOVAS IMAG,29,57,81,81,24,52,5,221,0.3580246913580246,0.7037037037037037,0.3665158371040724,0.2962962962962963,0.6419753086419753,0.0617283950617283
International Journal of Cardiovascular Imaging,2025,1569-5794,0,,Cardiac & Cardiovascular Systems,"Cardiac & Cardiovascular Systems; Radiology, Nuclear Medicine & Medical Imaging",INT J CARDIOVAS IMAG,24,55,70,70,15,46,9,192,0.3428571428571428,0.7857142857142857,0.3645833333333333,0.2142857142857142,0.6571428571428571,0.1285714285714285
International Journal of Obesity,2010,1476-5497,1,2013,Endocrinology & Metabolism,Endocrinology & Metabolism; Nutrition & Dietetics,INT J OBESITY,75,13,83,83,70,8,5,177,0.9036144578313252,0.1566265060240964,0.4689265536723164,0.8433734939759037,0.0963855421686747,0.0602409638554216
International Journal of Obesity,2011,1476-5497,1,2013,Endocrinology & Metabolism,Endocrinology & Metabolism; Nutrition & Dietetics,INT J OBESITY,62,13,71,71,58,9,4,162,0.8732394366197183,0.1830985915492957,0.4382716049382716,0.8169014084507042,0.1267605633802817,0.056338028169014
International Journal of Obesity,2012,1476-5497,1,2013,Endocrinology & Metabolism,Endocrinology & Metabolism; Nutrition & Dietetics,INT J OBESITY,77,16,85,85,69,8,8,170,0.9058823529411764,0.188235294117647,0.5,0.8117647058823529,0.0941176470588235,0.0941176470588235
International Journal of Obesity,2013,1476-5497,1,2013,Endocrinology & Metabolism,Endocrinology & Metabolism; Nutrition & Dietetics,INT J OBESITY,68,10,75,75,65,7,3,186,0.9066666666666666,0.1333333333333333,0.4032258064516129,0.8666666666666667,0.0933333333333333,0.04
International Journal of Obesity,2014,1476-5497,1,2013,Endocrinology & Metabolism,Endocrinology & Metabolism; Nutrition & Dietetics,INT J OBESITY,81,16,88,88,72,7,9,201,0.9204545454545454,0.1818181818181818,0.4378109452736318,0.8181818181818182,0.0795454545454545,0.1022727272727272
International Journal of Obesity,2015,1476-5497,1,2013,Endocrinology & Metabolism,Endocrinology & Metabolism; Nutrition & Dietetics,INT J OBESITY,93,24,106,106,82,13,11,191,0.8773584905660378,0.2264150943396226,0.5549738219895288,0.7735849056603774,0.1226415094339622,0.1037735849056603
International Journal of Obesity,2016,1476-5497,1,2013,Endocrinology & Metabolism,Endocrinology & Metabolism; Nutrition & Dietetics,INT J OBESITY,113,35,127,127,92,14,21,215,0.889763779527559,0.2755905511811024,0.5906976744186047,0.7244094488188977,0.1102362204724409,0.1653543307086614
International Journal of Obesity,2017,1476-5497,1,2013,Endocrinology & Metabolism,Endocrinology & Metabolism; Nutrition & Dietetics,INT J OBESITY,87,30,102,102,72,15,15,205,0.8529411764705882,0.2941176470588235,0.4975609756097561,0.7058823529411765,0.1470588235294117,0.1470588235294117
International Journal of Obesity,2018,1476-5497,1,2013,Endocrinology & Metabolism,Endocrinology & Metabolism; Nutrition & Dietetics,INT J OBESITY,75,36,92,92,56,17,19,199,0.8152173913043478,0.391304347826087,0.4623115577889447,0.6086956521739131,0.1847826086956521,0.2065217391304347
International Journal of Obesity,2019,1476-5497,1,2013,Endocrinology & Metabolism,Endocrinology & Metabolism; Nutrition & Dietetics,INT J OBESITY,88,49,114,114,65,26,23,231,0.7719298245614035,0.4298245614035088,0.4935064935064935,0.5701754385964912,0.2280701754385964,0.2017543859649122
International Journal of Obesity,2020,1476-5497,1,2013,Endocrinology & Metabolism,Endocrinology & Metabolism; Nutrition & Dietetics,INT J OBESITY,68,54,102,102,48,34,20,211,0.6666666666666666,0.5294117647058824,0.4834123222748815,0.4705882352941176,0.3333333333333333,0.196078431372549
International Journal of Obesity,2021,1476-5497,1,2013,Endocrinology & Metabolism,Endocrinology & Metabolism; Nutrition & Dietetics,INT J OBESITY,54,54,90,90,36,36,18,230,0.6,0.6,0.391304347826087,0.4,0.4,0.2
International Journal of Obesity,2022,1476-5497,1,2013,Endocrinology & Metabolism,Endocrinology & Metabolism; Nutrition & Dietetics,INT J OBESITY,58,57,95,95,38,37,20,213,0.6105263157894737,0.6,0.4460093896713615,0.4,0.3894736842105263,0.2105263157894736
International Journal of Obesity,2023,1476-5497,1,2013,Endocrinology & Metabolism,Endocrinology & Metabolism; Nutrition & Dietetics,INT J OBESITY,18,27,42,42,15,24,3,110,0.4285714285714285,0.6428571428571429,0.3818181818181818,0.3571428571428571,0.5714285714285714,0.0714285714285714
International Journal of Obesity,2024,1476-5497,1,2013,Endocrinology & Metabolism,Endocrinology & Metabolism; Nutrition & Dietetics,INT J OBESITY,29,40,57,57,17,28,12,159,0.5087719298245614,0.7017543859649122,0.3584905660377358,0.2982456140350877,0.4912280701754385,0.2105263157894736
International Journal of Obesity,2025,1476-5497,1,2013,Endocrinology & Metabolism,Endocrinology & Metabolism; Nutrition & Dietetics,INT J OBESITY,29,65,84,84,19,55,10,229,0.3452380952380952,0.7738095238095238,0.3668122270742358,0.2261904761904762,0.6547619047619048,0.119047619047619
International Journal of Psychophysiology,2010,1872-7697,0,,Physiology,"Neurosciences; Physiology; Psychology; Psychology, Biological; Psychology, Experimental",INT J PSYCHOPHYSIOL,37,10,43,43,33,6,4,107,0.8604651162790697,0.2325581395348837,0.4018691588785046,0.7674418604651163,0.1395348837209302,0.0930232558139534
International Journal of Psychophysiology,2011,1872-7697,0,,Physiology,"Neurosciences; Physiology; Psychology; Psychology, Biological; Psychology, Experimental",INT J PSYCHOPHYSIOL,50,7,55,55,48,5,2,140,0.9090909090909092,0.1272727272727272,0.3928571428571428,0.8727272727272727,0.0909090909090909,0.0363636363636363
International Journal of Psychophysiology,2012,1872-7697,0,,Physiology,"Neurosciences; Physiology; Psychology; Psychology, Biological; Psychology, Experimental",INT J PSYCHOPHYSIOL,54,6,59,59,53,5,1,127,0.9152542372881356,0.1016949152542373,0.4645669291338583,0.8983050847457628,0.0847457627118644,0.0169491525423728
International Journal of Psychophysiology,2013,1872-7697,0,,Physiology,"Neurosciences; Physiology; Psychology; Psychology, Biological; Psychology, Experimental",INT J PSYCHOPHYSIOL,58,13,65,65,52,7,6,154,0.8923076923076924,0.2,0.422077922077922,0.8,0.1076923076923077,0.0923076923076923
International Journal of Psychophysiology,2014,1872-7697,0,,Physiology,"Neurosciences; Physiology; Psychology; Psychology, Biological; Psychology, Experimental",INT J PSYCHOPHYSIOL,45,6,49,49,43,4,2,122,0.9183673469387756,0.1224489795918367,0.4016393442622951,0.8775510204081632,0.0816326530612244,0.0408163265306122
International Journal of Psychophysiology,2015,1872-7697,0,,Physiology,"Neurosciences; Physiology; Psychology; Psychology, Biological; Psychology, Experimental",INT J PSYCHOPHYSIOL,49,12,59,59,47,10,2,140,0.8305084745762712,0.2033898305084746,0.4214285714285714,0.7966101694915254,0.1694915254237288,0.0338983050847457
International Journal of Psychophysiology,2016,1872-7697,0,,Physiology,"Neurosciences; Physiology; Psychology; Psychology, Biological; Psychology, Experimental",INT J PSYCHOPHYSIOL,53,9,58,58,49,5,4,120,0.913793103448276,0.1551724137931034,0.4833333333333333,0.8448275862068966,0.0862068965517241,0.0689655172413793
International Journal of Psychophysiology,2017,1872-7697,0,,Physiology,"Neurosciences; Physiology; Psychology; Psychology, Biological; Psychology, Experimental",INT J PSYCHOPHYSIOL,34,12,43,43,31,9,3,110,0.7906976744186046,0.2790697674418604,0.3909090909090909,0.7209302325581395,0.2093023255813953,0.0697674418604651
International Journal of Psychophysiology,2018,1872-7697,0,,Physiology,"Neurosciences; Physiology; Psychology; Psychology, Biological; Psychology, Experimental",INT J PSYCHOPHYSIOL,63,23,79,79,56,16,7,155,0.7974683544303798,0.2911392405063291,0.5096774193548387,0.7088607594936709,0.2025316455696202,0.0886075949367088
International Journal of Psychophysiology,2019,1872-7697,0,,Physiology,"Neurosciences; Physiology; Psychology; Psychology, Biological; Psychology, Experimental",INT J PSYCHOPHYSIOL,43,20,56,56,36,13,7,118,0.7678571428571429,0.3571428571428571,0.4745762711864407,0.6428571428571429,0.2321428571428571,0.125
International Journal of Psychophysiology,2020,1872-7697,0,,Physiology,"Neurosciences; Physiology; Psychology; Psychology, Biological; Psychology, Experimental",INT J PSYCHOPHYSIOL,67,25,85,85,60,18,7,169,0.788235294117647,0.2941176470588235,0.5029585798816568,0.7058823529411765,0.2117647058823529,0.0823529411764705
International Journal of Psychophysiology,2021,1872-7697,0,,Physiology,"Neurosciences; Physiology; Psychology; Psychology, Biological; Psychology, Experimental",INT J PSYCHOPHYSIOL,35,20,50,50,30,15,5,134,0.7,0.4,0.373134328358209,0.6,0.3,0.1
International Journal of Psychophysiology,2022,1872-7697,0,,Physiology,"Neurosciences; Physiology; Psychology; Psychology, Biological; Psychology, Experimental",INT J PSYCHOPHYSIOL,48,28,68,68,40,20,8,136,0.7058823529411765,0.4117647058823529,0.5,0.5882352941176471,0.2941176470588235,0.1176470588235294
International Journal of Psychophysiology,2023,1872-7697,0,,Physiology,"Neurosciences; Physiology; Psychology; Psychology, Biological; Psychology, Experimental",INT J PSYCHOPHYSIOL,27,28,50,50,22,23,5,92,0.54,0.56,0.5434782608695652,0.44,0.46,0.1
International Journal of Psychophysiology,2024,1872-7697,0,,Physiology,"Neurosciences; Physiology; Psychology; Psychology, Biological; Psychology, Experimental",INT J PSYCHOPHYSIOL,39,24,58,58,34,19,5,95,0.6724137931034483,0.4137931034482758,0.6105263157894737,0.5862068965517241,0.3275862068965517,0.0862068965517241
International Journal of Psychophysiology,2025,1872-7697,0,,Physiology,"Neurosciences; Physiology; Psychology; Psychology, Biological; Psychology, Experimental",INT J PSYCHOPHYSIOL,31,26,51,51,25,20,6,106,0.6078431372549019,0.5098039215686274,0.4811320754716981,0.4901960784313725,0.392156862745098,0.1176470588235294
International Journal of Radiation Oncology Biology Physics,2010,1879-355X,0,,Oncology,"Oncology; Radiology, Nuclear Medicine & Medical Imaging",INT J RADIAT ONCOL,97,63,146,146,83,49,14,601,0.6643835616438356,0.4315068493150685,0.2429284525790349,0.5684931506849316,0.3356164383561644,0.0958904109589041
International Journal of Radiation Oncology Biology Physics,2011,1879-355X,0,,Oncology,"Oncology; Radiology, Nuclear Medicine & Medical Imaging",INT J RADIAT ONCOL,75,84,149,149,65,74,10,688,0.5033557046979866,0.5637583892617449,0.2165697674418604,0.436241610738255,0.4966442953020134,0.0671140939597315
International Journal of Radiation Oncology Biology Physics,2012,1879-355X,0,,Oncology,"Oncology; Radiology, Nuclear Medicine & Medical Imaging",INT J RADIAT ONCOL,125,105,207,207,102,82,23,913,0.6038647342995169,0.5072463768115942,0.2267250821467689,0.4927536231884058,0.3961352657004831,0.1111111111111111
International Journal of Radiation Oncology Biology Physics,2013,1879-355X,0,,Oncology,"Oncology; Radiology, Nuclear Medicine & Medical Imaging",INT J RADIAT ONCOL,78,70,132,132,62,54,16,483,0.5909090909090909,0.5303030303030303,0.2732919254658385,0.4696969696969697,0.4090909090909091,0.1212121212121212
International Journal of Radiation Oncology Biology Physics,2014,1879-355X,0,,Oncology,"Oncology; Radiology, Nuclear Medicine & Medical Imaging",INT J RADIAT ONCOL,57,53,100,100,47,43,10,384,0.57,0.53,0.2604166666666667,0.47,0.43,0.1
International Journal of Radiation Oncology Biology Physics,2015,1879-355X,0,,Oncology,"Oncology; Radiology, Nuclear Medicine & Medical Imaging",INT J RADIAT ONCOL,45,61,95,95,34,50,11,331,0.4736842105263157,0.6421052631578947,0.2870090634441087,0.3578947368421052,0.5263157894736842,0.1157894736842105
International Journal of Radiation Oncology Biology Physics,2016,1879-355X,0,,Oncology,"Oncology; Radiology, Nuclear Medicine & Medical Imaging",INT J RADIAT ONCOL,58,78,123,123,45,65,13,360,0.4715447154471545,0.6341463414634146,0.3416666666666667,0.3658536585365853,0.5284552845528455,0.1056910569105691
International Journal of Radiation Oncology Biology Physics,2017,1879-355X,0,,Oncology,"Oncology; Radiology, Nuclear Medicine & Medical Imaging",INT J RADIAT ONCOL,27,66,81,81,15,54,12,325,0.3333333333333333,0.8148148148148148,0.2492307692307692,0.1851851851851851,0.6666666666666666,0.1481481481481481
International Journal of Radiation Oncology Biology Physics,2018,1879-355X,0,,Oncology,"Oncology; Radiology, Nuclear Medicine & Medical Imaging",INT J RADIAT ONCOL,46,74,106,106,32,60,14,352,0.4339622641509434,0.6981132075471698,0.3011363636363636,0.3018867924528302,0.5660377358490566,0.1320754716981132
International Journal of Radiation Oncology Biology Physics,2019,1879-355X,0,,Oncology,"Oncology; Radiology, Nuclear Medicine & Medical Imaging",INT J RADIAT ONCOL,44,61,91,91,30,47,14,311,0.4835164835164835,0.6703296703296703,0.292604501607717,0.3296703296703296,0.5164835164835165,0.1538461538461538
International Journal of Radiation Oncology Biology Physics,2020,1879-355X,0,,Oncology,"Oncology; Radiology, Nuclear Medicine & Medical Imaging",INT J RADIAT ONCOL,42,88,111,111,23,69,19,275,0.3783783783783784,0.7927927927927928,0.4036363636363636,0.2072072072072072,0.6216216216216216,0.1711711711711711
International Journal of Radiation Oncology Biology Physics,2021,1879-355X,0,,Oncology,"Oncology; Radiology, Nuclear Medicine & Medical Imaging",INT J RADIAT ONCOL,33,55,71,71,16,38,17,324,0.4647887323943662,0.7746478873239436,0.2191358024691358,0.2253521126760563,0.5352112676056338,0.2394366197183098
International Journal of Radiation Oncology Biology Physics,2022,1879-355X,0,,Oncology,"Oncology; Radiology, Nuclear Medicine & Medical Imaging",INT J RADIAT ONCOL,24,38,47,47,9,23,15,159,0.5106382978723404,0.8085106382978723,0.2955974842767295,0.1914893617021276,0.4893617021276595,0.3191489361702128
International Journal of Radiation Oncology Biology Physics,2023,1879-355X,0,,Oncology,"Oncology; Radiology, Nuclear Medicine & Medical Imaging",INT J RADIAT ONCOL,45,72,90,90,18,45,27,252,0.5,0.8,0.3571428571428571,0.2,0.5,0.3
International Journal of Radiation Oncology Biology Physics,2024,1879-355X,0,,Oncology,"Oncology; Radiology, Nuclear Medicine & Medical Imaging",INT J RADIAT ONCOL,36,101,120,120,19,84,17,308,0.3,0.8416666666666667,0.3896103896103896,0.1583333333333333,0.7,0.1416666666666666
International Journal of Radiation Oncology Biology Physics,2025,1879-355X,0,,Oncology,"Oncology; Radiology, Nuclear Medicine & Medical Imaging",INT J RADIAT ONCOL,28,100,114,114,14,86,14,312,0.2456140350877192,0.8771929824561403,0.3653846153846153,0.1228070175438596,0.7543859649122807,0.1228070175438596
JACC-Clinical Electrophysiology,2015,2405-5018,1,2020,Cardiac & Cardiovascular Systems,Cardiac & Cardiovascular Systems,JACC-CLIN ELECTROPHY,10,8,15,15,7,5,3,45,0.6666666666666666,0.5333333333333333,0.3333333333333333,0.4666666666666667,0.3333333333333333,0.2
JACC-Clinical Electrophysiology,2016,2405-5018,1,2020,Cardiac & Cardiovascular Systems,Cardiac & Cardiovascular Systems,JACC-CLIN ELECTROPHY,15,19,29,29,10,14,5,64,0.5172413793103449,0.6551724137931034,0.453125,0.3448275862068966,0.4827586206896552,0.1724137931034483
JACC-Clinical Electrophysiology,2017,2405-5018,1,2020,Cardiac & Cardiovascular Systems,Cardiac & Cardiovascular Systems,JACC-CLIN ELECTROPHY,17,32,40,40,8,23,9,107,0.425,0.8,0.3738317757009345,0.2,0.575,0.225
JACC-Clinical Electrophysiology,2018,2405-5018,1,2020,Cardiac & Cardiovascular Systems,Cardiac & Cardiovascular Systems,JACC-CLIN ELECTROPHY,13,32,41,41,9,28,4,109,0.3170731707317073,0.7804878048780488,0.3761467889908257,0.2195121951219512,0.6829268292682927,0.0975609756097561
JACC-Clinical Electrophysiology,2019,2405-5018,1,2020,Cardiac & Cardiovascular Systems,Cardiac & Cardiovascular Systems,JACC-CLIN ELECTROPHY,11,14,24,24,10,13,1,93,0.4583333333333333,0.5833333333333334,0.2580645161290322,0.4166666666666667,0.5416666666666666,0.0416666666666666
JACC-Clinical Electrophysiology,2020,2405-5018,1,2020,Cardiac & Cardiovascular Systems,Cardiac & Cardiovascular Systems,JACC-CLIN ELECTROPHY,17,32,42,42,10,25,7,114,0.4047619047619047,0.7619047619047619,0.3684210526315789,0.238095238095238,0.5952380952380952,0.1666666666666666
JACC-Clinical Electrophysiology,2021,2405-5018,1,2020,Cardiac & Cardiovascular Systems,Cardiac & Cardiovascular Systems,JACC-CLIN ELECTROPHY,13,25,33,33,8,20,5,103,0.3939393939393939,0.7575757575757576,0.3203883495145631,0.2424242424242424,0.6060606060606061,0.1515151515151515
JACC-Clinical Electrophysiology,2022,2405-5018,1,2020,Cardiac & Cardiovascular Systems,Cardiac & Cardiovascular Systems,JACC-CLIN ELECTROPHY,10,33,41,41,8,31,2,87,0.2439024390243902,0.8048780487804879,0.4712643678160919,0.1951219512195122,0.7560975609756098,0.048780487804878
JACC-Clinical Electrophysiology,2023,2405-5018,1,2020,Cardiac & Cardiovascular Systems,Cardiac & Cardiovascular Systems,JACC-CLIN ELECTROPHY,24,53,63,63,10,39,14,151,0.3809523809523809,0.8412698412698413,0.4172185430463576,0.1587301587301587,0.6190476190476191,0.2222222222222222
JACC-Clinical Electrophysiology,2024,2405-5018,1,2020,Cardiac & Cardiovascular Systems,Cardiac & Cardiovascular Systems,JACC-CLIN ELECTROPHY,25,55,65,65,10,40,15,155,0.3846153846153846,0.8461538461538461,0.4193548387096774,0.1538461538461538,0.6153846153846154,0.2307692307692307
JACC-Clinical Electrophysiology,2025,2405-5018,1,2020,Cardiac & Cardiovascular Systems,Cardiac & Cardiovascular Systems,JACC-CLIN ELECTROPHY,15,57,65,65,8,50,7,149,0.2307692307692307,0.8769230769230769,0.436241610738255,0.123076923076923,0.7692307692307693,0.1076923076923077
JACC: Cardiooncology,2019,2666-0873,1,2021,Cardiac & Cardiovascular Systems,Cardiac & Cardiovascular Systems; Oncology,JACC-CARDIOONCOL,3,4,6,6,2,3,1,16,0.5,0.6666666666666666,0.375,0.3333333333333333,0.5,0.1666666666666666
JACC: Cardiooncology,2020,2666-0873,1,2021,Cardiac & Cardiovascular Systems,Cardiac & Cardiovascular Systems; Oncology,JACC-CARDIOONCOL,11,9,15,15,6,4,5,35,0.7333333333333333,0.6,0.4285714285714285,0.4,0.2666666666666666,0.3333333333333333
JACC: Cardiooncology,2021,2666-0873,1,2021,Cardiac & Cardiovascular Systems,Cardiac & Cardiovascular Systems; Oncology,JACC-CARDIOONCOL,6,7,12,12,5,6,1,29,0.5,0.5833333333333334,0.4137931034482758,0.4166666666666667,0.5,0.0833333333333333
JACC: Cardiooncology,2022,2666-0873,1,2021,Cardiac & Cardiovascular Systems,Cardiac & Cardiovascular Systems; Oncology,JACC-CARDIOONCOL,2,5,6,6,1,4,1,29,0.3333333333333333,0.8333333333333334,0.2068965517241379,0.1666666666666666,0.6666666666666666,0.1666666666666666
JACC: Cardiooncology,2023,2666-0873,1,2021,Cardiac & Cardiovascular Systems,Cardiac & Cardiovascular Systems; Oncology,JACC-CARDIOONCOL,3,10,12,12,2,9,1,39,0.25,0.8333333333333334,0.3076923076923077,0.1666666666666666,0.75,0.0833333333333333
JACC: Cardiooncology,2024,2666-0873,1,2021,Cardiac & Cardiovascular Systems,Cardiac & Cardiovascular Systems; Oncology,JACC-CARDIOONCOL,2,8,9,9,1,7,1,37,0.2222222222222222,0.8888888888888888,0.2432432432432432,0.1111111111111111,0.7777777777777778,0.1111111111111111
JACC: Cardiooncology,2025,2666-0873,1,2021,Cardiac & Cardiovascular Systems,Cardiac & Cardiovascular Systems; Oncology,JACC-CARDIOONCOL,4,14,15,15,1,11,3,34,0.2666666666666666,0.9333333333333332,0.4411764705882353,0.0666666666666666,0.7333333333333333,0.2
JNCI-Journal of The National Cancer institute,2010,1460-2105,0,,Oncology,Oncology,JNCI-J NATL CANCER I,27,11,28,28,17,1,10,107,0.9642857142857144,0.3928571428571428,0.2616822429906542,0.6071428571428571,0.0357142857142857,0.3571428571428571
JNCI-Journal of The National Cancer institute,2011,1460-2105,0,,Oncology,Oncology,JNCI-J NATL CANCER I,26,8,29,29,21,3,5,115,0.896551724137931,0.2758620689655172,0.2521739130434782,0.7241379310344828,0.1034482758620689,0.1724137931034483
JNCI-Journal of The National Cancer institute,2012,1460-2105,0,,Oncology,Oncology,JNCI-J NATL CANCER I,31,17,35,35,18,4,13,99,0.8857142857142857,0.4857142857142857,0.3535353535353535,0.5142857142857142,0.1142857142857142,0.3714285714285714
JNCI-Journal of The National Cancer institute,2013,1460-2105,0,,Oncology,Oncology,JNCI-J NATL CANCER I,41,31,53,53,22,12,19,143,0.7735849056603774,0.5849056603773585,0.3706293706293706,0.4150943396226415,0.2264150943396226,0.3584905660377358
JNCI-Journal of The National Cancer institute,2014,1460-2105,0,,Oncology,Oncology,JNCI-J NATL CANCER I,41,33,52,52,19,11,22,141,0.7884615384615384,0.6346153846153846,0.3687943262411347,0.3653846153846153,0.2115384615384615,0.4230769230769231
JNCI-Journal of The National Cancer institute,2015,1460-2105,0,,Oncology,Oncology,JNCI-J NATL CANCER I,45,41,65,65,24,20,21,159,0.6923076923076923,0.6307692307692307,0.4088050314465409,0.3692307692307692,0.3076923076923077,0.3230769230769231
JNCI-Journal of The National Cancer institute,2016,1460-2105,0,,Oncology,Oncology,JNCI-J NATL CANCER I,27,23,37,37,14,10,13,108,0.7297297297297297,0.6216216216216216,0.3425925925925926,0.3783783783783784,0.2702702702702703,0.3513513513513513
JNCI-Journal of The National Cancer institute,2017,1460-2105,0,,Oncology,Oncology,JNCI-J NATL CANCER I,27,23,35,35,12,8,15,105,0.7714285714285715,0.6571428571428571,0.3333333333333333,0.3428571428571428,0.2285714285714285,0.4285714285714285
JNCI-Journal of The National Cancer institute,2018,1460-2105,0,,Oncology,Oncology,JNCI-J NATL CANCER I,20,33,43,43,10,23,10,107,0.4651162790697674,0.7674418604651163,0.4018691588785046,0.2325581395348837,0.5348837209302325,0.2325581395348837
JNCI-Journal of The National Cancer institute,2019,1460-2105,0,,Oncology,Oncology,JNCI-J NATL CANCER I,21,29,37,37,8,16,13,109,0.5675675675675675,0.7837837837837838,0.3394495412844037,0.2162162162162162,0.4324324324324324,0.3513513513513513
JNCI-Journal of The National Cancer institute,2020,1460-2105,0,,Oncology,Oncology,JNCI-J NATL CANCER I,13,22,29,29,7,16,6,109,0.4482758620689655,0.7586206896551724,0.2660550458715596,0.2413793103448276,0.5517241379310345,0.2068965517241379
JNCI-Journal of The National Cancer institute,2021,1460-2105,0,,Oncology,Oncology,JNCI-J NATL CANCER I,15,33,44,44,11,29,4,156,0.3409090909090909,0.75,0.282051282051282,0.25,0.6590909090909091,0.0909090909090909
JNCI-Journal of The National Cancer institute,2022,1460-2105,0,,Oncology,Oncology,JNCI-J NATL CANCER I,14,25,35,35,10,21,4,138,0.4,0.7142857142857143,0.2536231884057971,0.2857142857142857,0.6,0.1142857142857142
JNCI-Journal of The National Cancer institute,2023,1460-2105,0,,Oncology,Oncology,JNCI-J NATL CANCER I,10,22,30,30,8,20,2,137,0.3333333333333333,0.7333333333333333,0.218978102189781,0.2666666666666666,0.6666666666666666,0.0666666666666666
JNCI-Journal of The National Cancer institute,2024,1460-2105,0,,Oncology,Oncology,JNCI-J NATL CANCER I,19,35,47,47,12,28,7,179,0.4042553191489361,0.7446808510638298,0.2625698324022346,0.2553191489361702,0.5957446808510638,0.1489361702127659
JNCI-Journal of The National Cancer institute,2025,1460-2105,0,,Oncology,Oncology,JNCI-J NATL CANCER I,28,32,53,53,21,25,7,303,0.5283018867924528,0.6037735849056604,0.1749174917491749,0.3962264150943396,0.4716981132075472,0.1320754716981132
Journal for Immunotherapy of Cancer,2013,2051-1426,0,,Oncology,Immunology; Oncology,J IMMUNOTHER CANCER,6,5,8,8,3,2,3,12,0.75,0.625,0.6666666666666666,0.375,0.25,0.375
Journal for Immunotherapy of Cancer,2014,2051-1426,0,,Oncology,Immunology; Oncology,J IMMUNOTHER CANCER,14,14,20,20,6,6,8,30,0.7,0.7,0.6666666666666666,0.3,0.3,0.4
Journal for Immunotherapy of Cancer,2015,2051-1426,0,,Oncology,Immunology; Oncology,J IMMUNOTHER CANCER,15,17,24,24,7,9,8,33,0.625,0.7083333333333334,0.7272727272727273,0.2916666666666667,0.375,0.3333333333333333
Journal for Immunotherapy of Cancer,2016,2051-1426,0,,Oncology,Immunology; Oncology,J IMMUNOTHER CANCER,14,18,23,23,5,9,9,44,0.6086956521739131,0.782608695652174,0.5227272727272727,0.217391304347826,0.391304347826087,0.391304347826087
Journal for Immunotherapy of Cancer,2017,2051-1426,0,,Oncology,Immunology; Oncology,J IMMUNOTHER CANCER,18,22,29,29,7,11,11,46,0.6206896551724138,0.7586206896551724,0.6304347826086957,0.2413793103448276,0.3793103448275862,0.3793103448275862
Journal for Immunotherapy of Cancer,2018,2051-1426,0,,Oncology,Immunology; Oncology,J IMMUNOTHER CANCER,33,41,54,54,13,21,20,82,0.6111111111111112,0.7592592592592593,0.6585365853658537,0.2407407407407407,0.3888888888888889,0.3703703703703703
Journal for Immunotherapy of Cancer,2019,2051-1426,0,,Oncology,Immunology; Oncology,J IMMUNOTHER CANCER,120,167,198,198,31,78,89,256,0.6060606060606061,0.8434343434343434,0.7734375,0.1565656565656565,0.3939393939393939,0.4494949494949495
Journal for Immunotherapy of Cancer,2020,2051-1426,0,,Oncology,Immunology; Oncology,J IMMUNOTHER CANCER,190,269,311,311,42,121,148,418,0.6109324758842444,0.864951768488746,0.7440191387559809,0.135048231511254,0.3890675241157556,0.4758842443729904
Journal for Immunotherapy of Cancer,2021,2051-1426,0,,Oncology,Immunology; Oncology,J IMMUNOTHER CANCER,210,326,358,358,32,148,178,454,0.5865921787709497,0.9106145251396648,0.788546255506608,0.0893854748603352,0.4134078212290503,0.4972067039106145
Journal for Immunotherapy of Cancer,2022,2051-1426,0,,Oncology,Immunology; Oncology,J IMMUNOTHER CANCER,222,335,372,372,37,150,185,444,0.5967741935483871,0.9005376344086021,0.8378378378378378,0.0994623655913978,0.4032258064516129,0.4973118279569892
Journal for Immunotherapy of Cancer,2023,2051-1426,0,,Oncology,Immunology; Oncology,J IMMUNOTHER CANCER,172,286,311,311,25,139,147,370,0.5530546623794212,0.919614147909968,0.8405405405405405,0.0803858520900321,0.4469453376205787,0.472668810289389
Journal for Immunotherapy of Cancer,2024,2051-1426,0,,Oncology,Immunology; Oncology,J IMMUNOTHER CANCER,159,306,326,326,20,167,139,384,0.4877300613496932,0.9386503067484664,0.8489583333333334,0.0613496932515337,0.5122699386503068,0.4263803680981595
Journal for Immunotherapy of Cancer,2025,2051-1426,0,,Oncology,Immunology; Oncology,J IMMUNOTHER CANCER,221,429,448,448,19,227,202,535,0.4933035714285714,0.9575892857142856,0.8373831775700935,0.0424107142857142,0.5066964285714286,0.4508928571428571
Journal of Allergy and Clinical Immunology,2010,1097-6825,0,,Immunology,Allergy; Immunology,J ALLERGY CLIN IMMUN,105,89,144,144,55,39,50,230,0.7291666666666666,0.6180555555555556,0.6260869565217392,0.3819444444444444,0.2708333333333333,0.3472222222222222
Journal of Allergy and Clinical Immunology,2011,1097-6825,0,,Immunology,Allergy; Immunology,J ALLERGY CLIN IMMUN,112,109,156,156,47,44,65,245,0.717948717948718,0.6987179487179487,0.636734693877551,0.3012820512820512,0.282051282051282,0.4166666666666667
Journal of Allergy and Clinical Immunology,2012,1097-6825,0,,Immunology,Allergy; Immunology,J ALLERGY CLIN IMMUN,121,103,156,156,53,35,68,246,0.7756410256410257,0.6602564102564102,0.6341463414634146,0.3397435897435897,0.2243589743589743,0.4358974358974359
Journal of Allergy and Clinical Immunology,2013,1097-6825,0,,Immunology,Allergy; Immunology,J ALLERGY CLIN IMMUN,114,104,157,157,53,43,61,221,0.7261146496815286,0.6624203821656051,0.7104072398190046,0.3375796178343949,0.2738853503184713,0.3885350318471338
Journal of Allergy and Clinical Immunology,2014,1097-6825,0,,Immunology,Allergy; Immunology,J ALLERGY CLIN IMMUN,124,114,166,166,52,42,72,255,0.7469879518072289,0.6867469879518072,0.6509803921568628,0.3132530120481928,0.253012048192771,0.4337349397590361
Journal of Allergy and Clinical Immunology,2015,1097-6825,0,,Immunology,Allergy; Immunology,J ALLERGY CLIN IMMUN,119,134,169,169,35,50,84,240,0.7041420118343196,0.7928994082840237,0.7041666666666667,0.2071005917159763,0.2958579881656805,0.4970414201183432
Journal of Allergy and Clinical Immunology,2016,1097-6825,0,,Immunology,Allergy; Immunology,J ALLERGY CLIN IMMUN,124,135,180,180,45,56,79,237,0.6888888888888889,0.75,0.759493670886076,0.25,0.3111111111111111,0.4388888888888889
Journal of Allergy and Clinical Immunology,2017,1097-6825,0,,Immunology,Allergy; Immunology,J ALLERGY CLIN IMMUN,133,131,182,182,51,49,82,230,0.7307692307692307,0.7197802197802198,0.7913043478260869,0.2802197802197802,0.2692307692307692,0.4505494505494505
Journal of Allergy and Clinical Immunology,2018,1097-6825,0,,Immunology,Allergy; Immunology,J ALLERGY CLIN IMMUN,165,159,207,207,48,42,117,245,0.7971014492753623,0.7681159420289855,0.8448979591836735,0.2318840579710145,0.2028985507246377,0.5652173913043478
Journal of Allergy and Clinical Immunology,2019,1097-6825,0,,Immunology,Allergy; Immunology,J ALLERGY CLIN IMMUN,139,150,192,192,42,53,97,233,0.7239583333333334,0.78125,0.8240343347639485,0.21875,0.2760416666666667,0.5052083333333334
Journal of Allergy and Clinical Immunology,2020,1097-6825,0,,Immunology,Allergy; Immunology,J ALLERGY CLIN IMMUN,71,107,123,123,16,52,55,157,0.5772357723577236,0.8699186991869918,0.7834394904458599,0.1300813008130081,0.4227642276422764,0.4471544715447154
Journal of Allergy and Clinical Immunology,2021,1097-6825,0,,Immunology,Allergy; Immunology,J ALLERGY CLIN IMMUN,103,159,183,183,24,80,79,237,0.5628415300546448,0.8688524590163934,0.7721518987341772,0.1311475409836065,0.4371584699453552,0.4316939890710382
Journal of Allergy and Clinical Immunology,2022,1097-6825,0,,Immunology,Allergy; Immunology,J ALLERGY CLIN IMMUN,84,157,178,178,21,94,63,241,0.4719101123595505,0.8820224719101124,0.7385892116182573,0.1179775280898876,0.5280898876404494,0.3539325842696629
Journal of Allergy and Clinical Immunology,2023,1097-6825,0,,Immunology,Allergy; Immunology,J ALLERGY CLIN IMMUN,79,149,164,164,15,85,64,199,0.4817073170731707,0.9085365853658536,0.8241206030150754,0.0914634146341463,0.5182926829268293,0.3902439024390244
Journal of Allergy and Clinical Immunology,2024,1097-6825,0,,Immunology,Allergy; Immunology,J ALLERGY CLIN IMMUN,66,130,148,148,18,82,48,197,0.4459459459459459,0.8783783783783784,0.751269035532995,0.1216216216216216,0.5540540540540541,0.3243243243243243
Journal of Allergy and Clinical Immunology,2025,1097-6825,0,,Immunology,Allergy; Immunology,J ALLERGY CLIN IMMUN,61,147,159,159,12,98,49,201,0.3836477987421384,0.9245283018867924,0.7910447761194029,0.0754716981132075,0.6163522012578616,0.3081761006289308
Journal of Allergy and Clinical Immunology-in Practice,2013,2213-2201,0,,Immunology,Allergy; Immunology,J ALLER CL IMM-PRACT,3,9,11,11,2,8,1,38,0.2727272727272727,0.8181818181818182,0.2894736842105263,0.1818181818181818,0.7272727272727273,0.0909090909090909
Journal of Allergy and Clinical Immunology-in Practice,2014,2213-2201,0,,Immunology,Allergy; Immunology,J ALLER CL IMM-PRACT,8,10,16,16,6,8,2,52,0.5,0.625,0.3076923076923077,0.375,0.5,0.125
Journal of Allergy and Clinical Immunology-in Practice,2015,2213-2201,0,,Immunology,Allergy; Immunology,J ALLER CL IMM-PRACT,16,3,19,19,16,3,0,56,0.8421052631578947,0.1578947368421052,0.3392857142857143,0.8421052631578947,0.1578947368421052,0.0
Journal of Allergy and Clinical Immunology-in Practice,2016,2213-2201,0,,Immunology,Allergy; Immunology,J ALLER CL IMM-PRACT,11,10,19,19,9,8,2,60,0.5789473684210527,0.5263157894736842,0.3166666666666666,0.4736842105263157,0.4210526315789473,0.1052631578947368
Journal of Allergy and Clinical Immunology-in Practice,2017,2213-2201,0,,Immunology,Allergy; Immunology,J ALLER CL IMM-PRACT,19,16,31,31,15,12,4,104,0.6129032258064516,0.5161290322580645,0.2980769230769231,0.4838709677419355,0.3870967741935484,0.1290322580645161
Journal of Allergy and Clinical Immunology-in Practice,2018,2213-2201,0,,Immunology,Allergy; Immunology,J ALLER CL IMM-PRACT,24,28,42,42,14,18,10,135,0.5714285714285714,0.6666666666666666,0.3111111111111111,0.3333333333333333,0.4285714285714285,0.238095238095238
Journal of Allergy and Clinical Immunology-in Practice,2019,2213-2201,0,,Immunology,Allergy; Immunology,J ALLER CL IMM-PRACT,31,39,65,65,26,34,5,166,0.4769230769230769,0.6,0.3915662650602409,0.4,0.5230769230769231,0.0769230769230769
Journal of Allergy and Clinical Immunology-in Practice,2020,2213-2201,0,,Immunology,Allergy; Immunology,J ALLER CL IMM-PRACT,40,47,77,77,30,37,10,220,0.5194805194805194,0.6103896103896104,0.35,0.3896103896103896,0.4805194805194805,0.1298701298701298
Journal of Allergy and Clinical Immunology-in Practice,2021,2213-2201,0,,Immunology,Allergy; Immunology,J ALLER CL IMM-PRACT,44,72,102,102,30,58,14,283,0.4313725490196078,0.7058823529411765,0.3604240282685512,0.2941176470588235,0.5686274509803921,0.1372549019607843
Journal of Allergy and Clinical Immunology-in Practice,2022,2213-2201,0,,Immunology,Allergy; Immunology,J ALLER CL IMM-PRACT,28,42,61,61,19,33,9,225,0.4590163934426229,0.6885245901639344,0.2711111111111111,0.3114754098360656,0.5409836065573771,0.1475409836065573
Journal of Allergy and Clinical Immunology-in Practice,2023,2213-2201,0,,Immunology,Allergy; Immunology,J ALLER CL IMM-PRACT,31,51,76,76,25,45,6,226,0.4078947368421052,0.6710526315789473,0.336283185840708,0.3289473684210526,0.5921052631578947,0.0789473684210526
Journal of Allergy and Clinical Immunology-in Practice,2024,2213-2201,0,,Immunology,Allergy; Immunology,J ALLER CL IMM-PRACT,30,46,68,68,22,38,8,177,0.4411764705882353,0.6764705882352942,0.384180790960452,0.3235294117647059,0.5588235294117647,0.1176470588235294
Journal of Allergy and Clinical Immunology-in Practice,2025,2213-2201,0,,Immunology,Allergy; Immunology,J ALLER CL IMM-PRACT,23,50,63,63,13,40,10,164,0.365079365079365,0.7936507936507936,0.3841463414634146,0.2063492063492063,0.6349206349206349,0.1587301587301587
Journal of Applied Physiology,2010,1522-1601,1,2017,Physiology,Physiology; Sport Sciences,J APPL PHYSIOL,220,64,258,258,194,38,26,394,0.8527131782945736,0.2480620155038759,0.6548223350253807,0.751937984496124,0.1472868217054263,0.1007751937984496
Journal of Applied Physiology,2011,1522-1601,1,2017,Physiology,Physiology; Sport Sciences,J APPL PHYSIOL,221,68,258,258,190,37,31,369,0.8565891472868217,0.2635658914728682,0.6991869918699187,0.7364341085271318,0.1434108527131783,0.1201550387596899
Journal of Applied Physiology,2012,1522-1601,1,2017,Physiology,Physiology; Sport Sciences,J APPL PHYSIOL,264,82,307,307,225,43,39,421,0.8599348534201955,0.2671009771986971,0.7292161520190024,0.7328990228013029,0.1400651465798045,0.1270358306188925
Journal of Applied Physiology,2013,1522-1601,1,2017,Physiology,Physiology; Sport Sciences,J APPL PHYSIOL,240,77,273,273,196,33,44,361,0.8791208791208791,0.282051282051282,0.7562326869806094,0.717948717948718,0.1208791208791208,0.1611721611721611
Journal of Applied Physiology,2014,1522-1601,1,2017,Physiology,Physiology; Sport Sciences,J APPL PHYSIOL,177,74,215,215,141,38,36,310,0.8232558139534883,0.3441860465116279,0.6935483870967742,0.6558139534883721,0.1767441860465116,0.1674418604651162
Journal of Applied Physiology,2015,1522-1601,1,2017,Physiology,Physiology; Sport Sciences,J APPL PHYSIOL,177,59,217,217,158,40,19,297,0.815668202764977,0.271889400921659,0.7306397306397306,0.728110599078341,0.184331797235023,0.0875576036866359
Journal of Applied Physiology,2016,1522-1601,1,2017,Physiology,Physiology; Sport Sciences,J APPL PHYSIOL,141,63,178,178,115,37,26,257,0.7921348314606742,0.3539325842696629,0.6926070038910506,0.6460674157303371,0.2078651685393258,0.146067415730337
Journal of Applied Physiology,2017,1522-1601,1,2017,Physiology,Physiology; Sport Sciences,J APPL PHYSIOL,167,93,216,216,123,49,44,285,0.7731481481481481,0.4305555555555556,0.7578947368421053,0.5694444444444444,0.2268518518518518,0.2037037037037037
Journal of Applied Physiology,2018,1522-1601,1,2017,Physiology,Physiology; Sport Sciences,J APPL PHYSIOL,183,101,245,245,144,62,39,325,0.746938775510204,0.4122448979591837,0.7538461538461538,0.5877551020408164,0.2530612244897959,0.1591836734693877
Journal of Applied Physiology,2019,1522-1601,1,2017,Physiology,Physiology; Sport Sciences,J APPL PHYSIOL,157,143,238,238,95,81,62,315,0.6596638655462185,0.6008403361344538,0.7555555555555555,0.3991596638655462,0.3403361344537815,0.2605042016806723
Journal of Applied Physiology,2020,1522-1601,1,2017,Physiology,Physiology; Sport Sciences,J APPL PHYSIOL,113,162,213,213,51,100,62,285,0.5305164319248826,0.7605633802816901,0.7473684210526316,0.2394366197183098,0.4694835680751174,0.2910798122065727
Journal of Applied Physiology,2021,1522-1601,1,2017,Physiology,Physiology; Sport Sciences,J APPL PHYSIOL,77,185,225,225,40,148,37,323,0.3422222222222222,0.8222222222222222,0.6965944272445821,0.1777777777777777,0.6577777777777778,0.1644444444444444
Journal of Applied Physiology,2022,1522-1601,1,2017,Physiology,Physiology; Sport Sciences,J APPL PHYSIOL,38,163,177,177,14,139,24,230,0.2146892655367231,0.9209039548022598,0.7695652173913043,0.0790960451977401,0.7853107344632768,0.135593220338983
Journal of Applied Physiology,2023,1522-1601,1,2017,Physiology,Physiology; Sport Sciences,J APPL PHYSIOL,39,174,191,191,17,152,22,257,0.2041884816753926,0.9109947643979056,0.7431906614785992,0.0890052356020942,0.7958115183246073,0.1151832460732984
Journal of Applied Physiology,2024,1522-1601,1,2017,Physiology,Physiology; Sport Sciences,J APPL PHYSIOL,46,160,174,174,14,128,32,242,0.264367816091954,0.9195402298850576,0.71900826446281,0.0804597701149425,0.735632183908046,0.1839080459770115
Journal of Applied Physiology,2025,1522-1601,1,2017,Physiology,Physiology; Sport Sciences,J APPL PHYSIOL,38,197,212,212,15,174,23,261,0.1792452830188679,0.929245283018868,0.8122605363984674,0.070754716981132,0.8207547169811321,0.1084905660377358
Journal of Autoimmunity,2010,1095-9157,0,,Immunology,Immunology,J AUTOIMMUN,48,32,57,57,25,9,23,72,0.8421052631578947,0.5614035087719298,0.7916666666666666,0.4385964912280701,0.1578947368421052,0.4035087719298245
Journal of Autoimmunity,2011,1095-9157,0,,Immunology,Immunology,J AUTOIMMUN,45,44,53,53,9,8,36,57,0.8490566037735849,0.8301886792452831,0.9298245614035088,0.1698113207547169,0.1509433962264151,0.6792452830188679
Journal of Autoimmunity,2012,1095-9157,0,,Immunology,Immunology,J AUTOIMMUN,40,28,48,48,20,8,20,57,0.8333333333333334,0.5833333333333334,0.8421052631578947,0.4166666666666667,0.1666666666666666,0.4166666666666667
Journal of Autoimmunity,2013,1095-9157,0,,Immunology,Immunology,J AUTOIMMUN,50,41,59,59,18,9,32,65,0.847457627118644,0.6949152542372882,0.9076923076923076,0.3050847457627119,0.1525423728813559,0.5423728813559322
Journal of Autoimmunity,2014,1095-9157,0,,Immunology,Immunology,J AUTOIMMUN,41,32,48,48,16,7,25,54,0.8541666666666666,0.6666666666666666,0.8888888888888888,0.3333333333333333,0.1458333333333333,0.5208333333333334
Journal of Autoimmunity,2015,1095-9157,0,,Immunology,Immunology,J AUTOIMMUN,50,50,69,69,19,19,31,79,0.7246376811594203,0.7246376811594203,0.8734177215189873,0.2753623188405797,0.2753623188405797,0.4492753623188406
Journal of Autoimmunity,2016,1095-9157,0,,Immunology,Immunology,J AUTOIMMUN,53,48,64,64,16,11,37,84,0.828125,0.75,0.7619047619047619,0.25,0.171875,0.578125
Journal of Autoimmunity,2017,1095-9157,0,,Immunology,Immunology,J AUTOIMMUN,52,56,70,70,14,18,38,74,0.7428571428571429,0.8,0.945945945945946,0.2,0.2571428571428571,0.5428571428571428
Journal of Autoimmunity,2018,1095-9157,0,,Immunology,Immunology,J AUTOIMMUN,53,64,76,76,12,23,41,88,0.6973684210526315,0.8421052631578947,0.8636363636363636,0.1578947368421052,0.3026315789473684,0.5394736842105263
Journal of Autoimmunity,2019,1095-9157,0,,Immunology,Immunology,J AUTOIMMUN,62,75,85,85,10,23,52,101,0.7294117647058823,0.8823529411764706,0.8415841584158416,0.1176470588235294,0.2705882352941176,0.611764705882353
Journal of Autoimmunity,2020,1095-9157,0,,Immunology,Immunology,J AUTOIMMUN,36,55,65,65,10,29,26,81,0.5538461538461539,0.8461538461538461,0.8024691358024691,0.1538461538461538,0.4461538461538462,0.4
Journal of Autoimmunity,2021,1095-9157,0,,Immunology,Immunology,J AUTOIMMUN,28,54,59,59,5,31,23,76,0.4745762711864407,0.9152542372881356,0.7763157894736842,0.0847457627118644,0.5254237288135594,0.3898305084745763
Journal of Autoimmunity,2022,1095-9157,0,,Immunology,Immunology,J AUTOIMMUN,19,50,56,56,6,37,13,71,0.3392857142857143,0.8928571428571429,0.7887323943661971,0.1071428571428571,0.6607142857142857,0.2321428571428571
Journal of Autoimmunity,2023,1095-9157,0,,Immunology,Immunology,J AUTOIMMUN,31,60,68,68,8,37,23,83,0.4558823529411764,0.8823529411764706,0.8192771084337349,0.1176470588235294,0.5441176470588235,0.3382352941176471
Journal of Autoimmunity,2024,1095-9157,0,,Immunology,Immunology,J AUTOIMMUN,38,90,97,97,7,59,31,122,0.3917525773195876,0.9278350515463918,0.7950819672131147,0.0721649484536082,0.6082474226804123,0.3195876288659793
Journal of Autoimmunity,2025,1095-9157,0,,Immunology,Immunology,J AUTOIMMUN,16,52,55,55,3,39,13,76,0.2909090909090909,0.9454545454545454,0.7236842105263158,0.0545454545454545,0.7090909090909091,0.2363636363636363
Journal of Biological Rhythms,2010,1552-4531,0,,Physiology,Biology; Physiology,J BIOL RHYTHM,23,11,28,28,17,5,6,41,0.8214285714285714,0.3928571428571428,0.6829268292682927,0.6071428571428571,0.1785714285714285,0.2142857142857142
Journal of Biological Rhythms,2011,1552-4531,0,,Physiology,Biology; Physiology,J BIOL RHYTHM,30,11,37,37,26,7,4,48,0.8108108108108109,0.2972972972972973,0.7708333333333334,0.7027027027027027,0.1891891891891892,0.1081081081081081
Journal of Biological Rhythms,2012,1552-4531,0,,Physiology,Biology; Physiology,J BIOL RHYTHM,30,12,36,36,24,6,6,43,0.8333333333333334,0.3333333333333333,0.8372093023255814,0.6666666666666666,0.1666666666666666,0.1666666666666666
Journal of Biological Rhythms,2013,1552-4531,0,,Physiology,Biology; Physiology,J BIOL RHYTHM,18,6,22,22,16,4,2,36,0.8181818181818182,0.2727272727272727,0.6111111111111112,0.7272727272727273,0.1818181818181818,0.0909090909090909
Journal of Biological Rhythms,2014,1552-4531,0,,Physiology,Biology; Physiology,J BIOL RHYTHM,25,5,28,28,23,3,2,35,0.8928571428571429,0.1785714285714285,0.8,0.8214285714285714,0.1071428571428571,0.0714285714285714
Journal of Biological Rhythms,2015,1552-4531,0,,Physiology,Biology; Physiology,J BIOL RHYTHM,17,9,19,19,10,2,7,29,0.8947368421052632,0.4736842105263157,0.6551724137931034,0.5263157894736842,0.1052631578947368,0.3684210526315789
Journal of Biological Rhythms,2016,1552-4531,0,,Physiology,Biology; Physiology,J BIOL RHYTHM,19,10,24,24,14,5,5,37,0.7916666666666666,0.4166666666666667,0.6486486486486487,0.5833333333333334,0.2083333333333333,0.2083333333333333
Journal of Biological Rhythms,2017,1552-4531,0,,Physiology,Biology; Physiology,J BIOL RHYTHM,16,19,29,29,10,13,6,46,0.5517241379310345,0.6551724137931034,0.6304347826086957,0.3448275862068966,0.4482758620689655,0.2068965517241379
Journal of Biological Rhythms,2018,1552-4531,0,,Physiology,Biology; Physiology,J BIOL RHYTHM,19,19,32,32,13,13,6,42,0.59375,0.59375,0.7619047619047619,0.40625,0.40625,0.1875
Journal of Biological Rhythms,2019,1552-4531,0,,Physiology,Biology; Physiology,J BIOL RHYTHM,20,16,31,31,15,11,5,43,0.6451612903225806,0.5161290322580645,0.7209302325581395,0.4838709677419355,0.3548387096774194,0.1612903225806451
Journal of Biological Rhythms,2020,1552-4531,0,,Physiology,Biology; Physiology,J BIOL RHYTHM,16,19,28,28,9,12,7,40,0.5714285714285714,0.6785714285714286,0.7,0.3214285714285714,0.4285714285714285,0.25
Journal of Biological Rhythms,2021,1552-4531,0,,Physiology,Biology; Physiology,J BIOL RHYTHM,10,13,20,20,7,10,3,29,0.5,0.65,0.6896551724137931,0.35,0.5,0.15
Journal of Biological Rhythms,2022,1552-4531,0,,Physiology,Biology; Physiology,J BIOL RHYTHM,8,19,23,23,4,15,4,38,0.3478260869565217,0.8260869565217391,0.6052631578947368,0.1739130434782608,0.6521739130434783,0.1739130434782608
Journal of Biological Rhythms,2023,1552-4531,0,,Physiology,Biology; Physiology,J BIOL RHYTHM,8,14,19,19,5,11,3,30,0.4210526315789473,0.7368421052631579,0.6333333333333333,0.2631578947368421,0.5789473684210527,0.1578947368421052
Journal of Biological Rhythms,2024,1552-4531,0,,Physiology,Biology; Physiology,J BIOL RHYTHM,7,14,18,18,4,11,3,28,0.3888888888888889,0.7777777777777778,0.6428571428571429,0.2222222222222222,0.6111111111111112,0.1666666666666666
Journal of Biological Rhythms,2025,1552-4531,0,,Physiology,Biology; Physiology,J BIOL RHYTHM,10,19,26,26,7,16,3,37,0.3846153846153846,0.7307692307692307,0.7027027027027027,0.2692307692307692,0.6153846153846154,0.1153846153846153
Journal of Bone and Mineral Research,2010,1523-4681,1,2019,Endocrinology & Metabolism,Endocrinology & Metabolism,J BONE MINER RES,156,27,167,167,140,11,16,263,0.934131736526946,0.1616766467065868,0.6349809885931559,0.8383233532934131,0.0658682634730539,0.0958083832335329
Journal of Bone and Mineral Research,2011,1523-4681,1,2019,Endocrinology & Metabolism,Endocrinology & Metabolism,J BONE MINER RES,175,33,188,188,155,13,20,271,0.9308510638297872,0.175531914893617,0.6937269372693727,0.824468085106383,0.0691489361702127,0.1063829787234042
Journal of Bone and Mineral Research,2012,1523-4681,1,2019,Endocrinology & Metabolism,Endocrinology & Metabolism,J BONE MINER RES,123,36,137,137,101,14,22,233,0.8978102189781022,0.2627737226277372,0.5879828326180258,0.7372262773722628,0.1021897810218978,0.1605839416058394
Journal of Bone and Mineral Research,2013,1523-4681,1,2019,Endocrinology & Metabolism,Endocrinology & Metabolism,J BONE MINER RES,130,40,151,151,111,21,19,225,0.8609271523178808,0.2649006622516556,0.6711111111111111,0.7350993377483444,0.1390728476821192,0.1258278145695364
Journal of Bone and Mineral Research,2014,1523-4681,1,2019,Endocrinology & Metabolism,Endocrinology & Metabolism,J BONE MINER RES,142,40,156,156,116,14,26,243,0.9102564102564102,0.2564102564102564,0.6419753086419753,0.7435897435897436,0.0897435897435897,0.1666666666666666
Journal of Bone and Mineral Research,2015,1523-4681,1,2019,Endocrinology & Metabolism,Endocrinology & Metabolism,J BONE MINER RES,127,51,146,146,95,19,32,201,0.8698630136986302,0.3493150684931507,0.7263681592039801,0.6506849315068494,0.1301369863013698,0.2191780821917808
Journal of Bone and Mineral Research,2016,1523-4681,1,2019,Endocrinology & Metabolism,Endocrinology & Metabolism,J BONE MINER RES,107,44,125,125,81,18,26,190,0.856,0.352,0.6578947368421053,0.648,0.144,0.208
Journal of Bone and Mineral Research,2017,1523-4681,1,2019,Endocrinology & Metabolism,Endocrinology & Metabolism,J BONE MINER RES,115,56,129,129,73,14,42,227,0.8914728682170543,0.4341085271317829,0.5682819383259912,0.5658914728682171,0.1085271317829457,0.3255813953488372
Journal of Bone and Mineral Research,2018,1523-4681,1,2019,Endocrinology & Metabolism,Endocrinology & Metabolism,J BONE MINER RES,89,55,114,114,59,25,30,193,0.7807017543859649,0.4824561403508772,0.5906735751295337,0.5175438596491229,0.219298245614035,0.2631578947368421
Journal of Bone and Mineral Research,2019,1523-4681,1,2019,Endocrinology & Metabolism,Endocrinology & Metabolism,J BONE MINER RES,85,58,115,115,57,30,28,182,0.7391304347826086,0.5043478260869565,0.6318681318681318,0.4956521739130435,0.2608695652173913,0.2434782608695652
Journal of Bone and Mineral Research,2020,1523-4681,1,2019,Endocrinology & Metabolism,Endocrinology & Metabolism,J BONE MINER RES,37,120,138,138,18,101,19,208,0.2681159420289855,0.8695652173913043,0.6634615384615384,0.1304347826086956,0.7318840579710145,0.1376811594202898
Journal of Bone and Mineral Research,2021,1523-4681,1,2019,Endocrinology & Metabolism,Endocrinology & Metabolism,J BONE MINER RES,20,117,124,124,7,104,13,180,0.1612903225806451,0.9435483870967742,0.6888888888888889,0.0564516129032258,0.8387096774193549,0.1048387096774193
Journal of Bone and Mineral Research,2022,1523-4681,1,2019,Endocrinology & Metabolism,Endocrinology & Metabolism,J BONE MINER RES,18,112,123,123,11,105,7,188,0.1463414634146341,0.9105691056910568,0.6542553191489362,0.089430894308943,0.8536585365853658,0.056910569105691
Journal of Bone and Mineral Research,2023,1523-4681,1,2019,Endocrinology & Metabolism,Endocrinology & Metabolism,J BONE MINER RES,16,73,78,78,5,62,11,141,0.2051282051282051,0.935897435897436,0.5531914893617021,0.0641025641025641,0.7948717948717948,0.141025641025641
Journal of Bone and Mineral Research,2024,1523-4681,1,2019,Endocrinology & Metabolism,Endocrinology & Metabolism,J BONE MINER RES,14,72,82,82,10,68,4,142,0.1707317073170731,0.8780487804878049,0.5774647887323944,0.1219512195121951,0.8292682926829268,0.048780487804878
Journal of Bone and Mineral Research,2025,1523-4681,1,2019,Endocrinology & Metabolism,Endocrinology & Metabolism,J BONE MINER RES,24,73,79,79,6,55,18,141,0.3037974683544304,0.9240506329113924,0.5602836879432624,0.0759493670886076,0.6962025316455697,0.2278481012658227
Journal of Cardiac Failure,2010,1532-8414,0,,Cardiac & Cardiovascular Systems,Cardiac & Cardiovascular Systems,J CARD FAIL,31,25,51,51,26,20,5,94,0.6078431372549019,0.4901960784313725,0.5425531914893617,0.5098039215686274,0.392156862745098,0.0980392156862745
Journal of Cardiac Failure,2011,1532-8414,0,,Cardiac & Cardiovascular Systems,Cardiac & Cardiovascular Systems,J CARD FAIL,33,18,47,47,29,14,4,110,0.7021276595744681,0.3829787234042553,0.4272727272727272,0.6170212765957447,0.2978723404255319,0.0851063829787234
Journal of Cardiac Failure,2012,1532-8414,0,,Cardiac & Cardiovascular Systems,Cardiac & Cardiovascular Systems,J CARD FAIL,31,16,42,42,26,11,5,103,0.7380952380952381,0.3809523809523809,0.4077669902912621,0.6190476190476191,0.2619047619047619,0.119047619047619
Journal of Cardiac Failure,2013,1532-8414,0,,Cardiac & Cardiovascular Systems,Cardiac & Cardiovascular Systems,J CARD FAIL,18,12,29,29,17,11,1,87,0.6206896551724138,0.4137931034482758,0.3333333333333333,0.5862068965517241,0.3793103448275862,0.0344827586206896
Journal of Cardiac Failure,2014,1532-8414,0,,Cardiac & Cardiovascular Systems,Cardiac & Cardiovascular Systems,J CARD FAIL,19,18,34,34,16,15,3,95,0.5588235294117647,0.5294117647058824,0.3578947368421052,0.4705882352941176,0.4411764705882353,0.088235294117647
Journal of Cardiac Failure,2015,1532-8414,0,,Cardiac & Cardiovascular Systems,Cardiac & Cardiovascular Systems,J CARD FAIL,22,17,33,33,16,11,6,87,0.6666666666666666,0.5151515151515151,0.3793103448275862,0.4848484848484848,0.3333333333333333,0.1818181818181818
Journal of Cardiac Failure,2016,1532-8414,0,,Cardiac & Cardiovascular Systems,Cardiac & Cardiovascular Systems,J CARD FAIL,12,22,33,33,11,21,1,87,0.3636363636363636,0.6666666666666666,0.3793103448275862,0.3333333333333333,0.6363636363636364,0.0303030303030303
Journal of Cardiac Failure,2017,1532-8414,0,,Cardiac & Cardiovascular Systems,Cardiac & Cardiovascular Systems,J CARD FAIL,18,16,32,32,16,14,2,77,0.5625,0.5,0.4155844155844156,0.5,0.4375,0.0625
Journal of Cardiac Failure,2018,1532-8414,0,,Cardiac & Cardiovascular Systems,Cardiac & Cardiovascular Systems,J CARD FAIL,18,20,35,35,15,17,3,73,0.5142857142857142,0.5714285714285714,0.4794520547945205,0.4285714285714285,0.4857142857142857,0.0857142857142857
Journal of Cardiac Failure,2019,1532-8414,0,,Cardiac & Cardiovascular Systems,Cardiac & Cardiovascular Systems,J CARD FAIL,15,20,32,32,12,17,3,84,0.46875,0.625,0.3809523809523809,0.375,0.53125,0.09375
Journal of Cardiac Failure,2020,1532-8414,0,,Cardiac & Cardiovascular Systems,Cardiac & Cardiovascular Systems,J CARD FAIL,20,23,41,41,18,21,2,97,0.4878048780487805,0.5609756097560976,0.422680412371134,0.4390243902439024,0.5121951219512195,0.048780487804878
Journal of Cardiac Failure,2021,1532-8414,0,,Cardiac & Cardiovascular Systems,Cardiac & Cardiovascular Systems,J CARD FAIL,19,20,34,34,14,15,5,108,0.5588235294117647,0.5882352941176471,0.3148148148148148,0.4117647058823529,0.4411764705882353,0.1470588235294117
Journal of Cardiac Failure,2022,1532-8414,0,,Cardiac & Cardiovascular Systems,Cardiac & Cardiovascular Systems,J CARD FAIL,10,18,26,26,8,16,2,109,0.3846153846153846,0.6923076923076923,0.2385321100917431,0.3076923076923077,0.6153846153846154,0.0769230769230769
Journal of Cardiac Failure,2023,1532-8414,0,,Cardiac & Cardiovascular Systems,Cardiac & Cardiovascular Systems,J CARD FAIL,8,18,25,25,7,17,1,76,0.32,0.72,0.3289473684210526,0.28,0.68,0.04
Journal of Cardiac Failure,2024,1532-8414,0,,Cardiac & Cardiovascular Systems,Cardiac & Cardiovascular Systems,J CARD FAIL,6,13,18,18,5,12,1,79,0.3333333333333333,0.7222222222222222,0.2278481012658227,0.2777777777777778,0.6666666666666666,0.0555555555555555
Journal of Cardiac Failure,2025,1532-8414,0,,Cardiac & Cardiovascular Systems,Cardiac & Cardiovascular Systems,J CARD FAIL,5,12,17,17,5,12,0,68,0.2941176470588235,0.7058823529411765,0.25,0.2941176470588235,0.7058823529411765,0.0
Journal of Cardiovascular Computed Tomography,2010,1934-5925,0,,Cardiac & Cardiovascular Systems,"Cardiac & Cardiovascular Systems; Radiology, Nuclear Medicine & Medical Imaging",J CARDIOVASC COMPUT,3,3,6,6,3,3,0,20,0.5,0.5,0.3,0.5,0.5,0.0
Journal of Cardiovascular Computed Tomography,2011,1934-5925,0,,Cardiac & Cardiovascular Systems,"Cardiac & Cardiovascular Systems; Radiology, Nuclear Medicine & Medical Imaging",J CARDIOVASC COMPUT,6,5,9,9,4,3,2,31,0.6666666666666666,0.5555555555555556,0.2903225806451613,0.4444444444444444,0.3333333333333333,0.2222222222222222
Journal of Cardiovascular Computed Tomography,2012,1934-5925,0,,Cardiac & Cardiovascular Systems,"Cardiac & Cardiovascular Systems; Radiology, Nuclear Medicine & Medical Imaging",J CARDIOVASC COMPUT,1,2,3,3,1,2,0,29,0.3333333333333333,0.6666666666666666,0.1034482758620689,0.3333333333333333,0.6666666666666666,0.0
Journal of Cardiovascular Computed Tomography,2013,1934-5925,0,,Cardiac & Cardiovascular Systems,"Cardiac & Cardiovascular Systems; Radiology, Nuclear Medicine & Medical Imaging",J CARDIOVASC COMPUT,9,5,12,12,7,3,2,36,0.75,0.4166666666666667,0.3333333333333333,0.5833333333333334,0.25,0.1666666666666666
Journal of Cardiovascular Computed Tomography,2014,1934-5925,0,,Cardiac & Cardiovascular Systems,"Cardiac & Cardiovascular Systems; Radiology, Nuclear Medicine & Medical Imaging",J CARDIOVASC COMPUT,3,9,10,10,1,7,2,41,0.3,0.9,0.2439024390243902,0.1,0.7,0.2
Journal of Cardiovascular Computed Tomography,2015,1934-5925,0,,Cardiac & Cardiovascular Systems,"Cardiac & Cardiovascular Systems; Radiology, Nuclear Medicine & Medical Imaging",J CARDIOVASC COMPUT,6,4,9,9,5,3,1,43,0.6666666666666666,0.4444444444444444,0.2093023255813953,0.5555555555555556,0.3333333333333333,0.1111111111111111
Journal of Cardiovascular Computed Tomography,2016,1934-5925,0,,Cardiac & Cardiovascular Systems,"Cardiac & Cardiovascular Systems; Radiology, Nuclear Medicine & Medical Imaging",J CARDIOVASC COMPUT,4,14,18,18,4,14,0,50,0.2222222222222222,0.7777777777777778,0.36,0.2222222222222222,0.7777777777777778,0.0
Journal of Cardiovascular Computed Tomography,2017,1934-5925,0,,Cardiac & Cardiovascular Systems,"Cardiac & Cardiovascular Systems; Radiology, Nuclear Medicine & Medical Imaging",J CARDIOVASC COMPUT,10,12,20,20,8,10,2,54,0.5,0.6,0.3703703703703703,0.4,0.5,0.1
Journal of Cardiovascular Computed Tomography,2018,1934-5925,0,,Cardiac & Cardiovascular Systems,"Cardiac & Cardiovascular Systems; Radiology, Nuclear Medicine & Medical Imaging",J CARDIOVASC COMPUT,5,6,11,11,5,6,0,46,0.4545454545454545,0.5454545454545454,0.2391304347826087,0.4545454545454545,0.5454545454545454,0.0
Journal of Cardiovascular Computed Tomography,2019,1934-5925,0,,Cardiac & Cardiovascular Systems,"Cardiac & Cardiovascular Systems; Radiology, Nuclear Medicine & Medical Imaging",J CARDIOVASC COMPUT,2,9,11,11,2,9,0,33,0.1818181818181818,0.8181818181818182,0.3333333333333333,0.1818181818181818,0.8181818181818182,0.0
Journal of Cardiovascular Computed Tomography,2020,1934-5925,0,,Cardiac & Cardiovascular Systems,"Cardiac & Cardiovascular Systems; Radiology, Nuclear Medicine & Medical Imaging",J CARDIOVASC COMPUT,6,8,14,14,6,8,0,40,0.4285714285714285,0.5714285714285714,0.35,0.4285714285714285,0.5714285714285714,0.0
Journal of Cardiovascular Computed Tomography,2021,1934-5925,0,,Cardiac & Cardiovascular Systems,"Cardiac & Cardiovascular Systems; Radiology, Nuclear Medicine & Medical Imaging",J CARDIOVASC COMPUT,7,10,15,15,5,8,2,38,0.4666666666666667,0.6666666666666666,0.3947368421052631,0.3333333333333333,0.5333333333333333,0.1333333333333333
Journal of Cardiovascular Computed Tomography,2022,1934-5925,0,,Cardiac & Cardiovascular Systems,"Cardiac & Cardiovascular Systems; Radiology, Nuclear Medicine & Medical Imaging",J CARDIOVASC COMPUT,5,6,10,10,4,5,1,35,0.5,0.6,0.2857142857142857,0.4,0.5,0.1
Journal of Cardiovascular Computed Tomography,2023,1934-5925,0,,Cardiac & Cardiovascular Systems,"Cardiac & Cardiovascular Systems; Radiology, Nuclear Medicine & Medical Imaging",J CARDIOVASC COMPUT,1,6,7,7,1,6,0,36,0.1428571428571428,0.8571428571428571,0.1944444444444444,0.1428571428571428,0.8571428571428571,0.0
Journal of Cardiovascular Computed Tomography,2024,1934-5925,0,,Cardiac & Cardiovascular Systems,"Cardiac & Cardiovascular Systems; Radiology, Nuclear Medicine & Medical Imaging",J CARDIOVASC COMPUT,5,11,14,14,3,9,2,49,0.3571428571428571,0.7857142857142857,0.2857142857142857,0.2142857142857142,0.6428571428571429,0.1428571428571428
Journal of Cardiovascular Computed Tomography,2025,1934-5925,0,,Cardiac & Cardiovascular Systems,"Cardiac & Cardiovascular Systems; Radiology, Nuclear Medicine & Medical Imaging",J CARDIOVASC COMPUT,1,21,22,22,1,21,0,55,0.0454545454545454,0.9545454545454546,0.4,0.0454545454545454,0.9545454545454546,0.0
Journal of Cardiovascular Development and Disease,2014,2308-3425,0,,Cardiac & Cardiovascular Systems,Cardiac & Cardiovascular Systems,J CARDIOVASC DEV DIS,2,0,2,2,2,0,0,4,1.0,0.0,0.5,1.0,0.0,0.0
Journal of Cardiovascular Development and Disease,2015,2308-3425,0,,Cardiac & Cardiovascular Systems,Cardiac & Cardiovascular Systems,J CARDIOVASC DEV DIS,6,2,7,7,5,1,1,17,0.8571428571428571,0.2857142857142857,0.4117647058823529,0.7142857142857143,0.1428571428571428,0.1428571428571428
Journal of Cardiovascular Development and Disease,2016,2308-3425,0,,Cardiac & Cardiovascular Systems,Cardiac & Cardiovascular Systems,J CARDIOVASC DEV DIS,3,1,3,3,2,0,1,15,1.0,0.3333333333333333,0.2,0.6666666666666666,0.0,0.3333333333333333
Journal of Cardiovascular Development and Disease,2017,2308-3425,0,,Cardiac & Cardiovascular Systems,Cardiac & Cardiovascular Systems,J CARDIOVASC DEV DIS,6,1,6,6,5,0,1,11,1.0,0.1666666666666666,0.5454545454545454,0.8333333333333334,0.0,0.1666666666666666
Journal of Cardiovascular Development and Disease,2018,2308-3425,0,,Cardiac & Cardiovascular Systems,Cardiac & Cardiovascular Systems,J CARDIOVASC DEV DIS,3,2,5,5,3,2,0,16,0.6,0.4,0.3125,0.6,0.4,0.0
Journal of Cardiovascular Development and Disease,2019,2308-3425,0,,Cardiac & Cardiovascular Systems,Cardiac & Cardiovascular Systems,J CARDIOVASC DEV DIS,6,3,8,8,5,2,1,18,0.75,0.375,0.4444444444444444,0.625,0.25,0.125
Journal of Cardiovascular Development and Disease,2020,2308-3425,0,,Cardiac & Cardiovascular Systems,Cardiac & Cardiovascular Systems,J CARDIOVASC DEV DIS,10,11,16,16,5,6,5,25,0.625,0.6875,0.64,0.3125,0.375,0.3125
Journal of Cardiovascular Development and Disease,2021,2308-3425,0,,Cardiac & Cardiovascular Systems,Cardiac & Cardiovascular Systems,J CARDIOVASC DEV DIS,21,24,39,39,15,18,6,96,0.5384615384615384,0.6153846153846154,0.40625,0.3846153846153846,0.4615384615384615,0.1538461538461538
Journal of Cardiovascular Development and Disease,2022,2308-3425,0,,Cardiac & Cardiovascular Systems,Cardiac & Cardiovascular Systems,J CARDIOVASC DEV DIS,51,78,114,114,36,63,15,282,0.4473684210526316,0.6842105263157895,0.4042553191489361,0.3157894736842105,0.5526315789473685,0.131578947368421
Journal of Cardiovascular Development and Disease,2023,2308-3425,0,,Cardiac & Cardiovascular Systems,Cardiac & Cardiovascular Systems,J CARDIOVASC DEV DIS,40,88,119,119,31,79,9,296,0.3361344537815126,0.7394957983193278,0.402027027027027,0.2605042016806723,0.6638655462184874,0.0756302521008403
Journal of Cardiovascular Development and Disease,2024,2308-3425,0,,Cardiac & Cardiovascular Systems,Cardiac & Cardiovascular Systems,J CARDIOVASC DEV DIS,20,56,71,71,15,51,5,250,0.2816901408450704,0.7887323943661971,0.284,0.2112676056338028,0.7183098591549296,0.0704225352112676
Journal of Cardiovascular Development and Disease,2025,2308-3425,0,,Cardiac & Cardiovascular Systems,Cardiac & Cardiovascular Systems,J CARDIOVASC DEV DIS,24,61,78,78,17,54,7,260,0.3076923076923077,0.782051282051282,0.3,0.2179487179487179,0.6923076923076923,0.0897435897435897
Journal of Cardiovascular Electrophysiology,2010,1540-8167,0,,Cardiac & Cardiovascular Systems,Cardiac & Cardiovascular Systems,J CARDIOVASC ELECTR,36,14,47,47,33,11,3,141,0.7659574468085106,0.2978723404255319,0.3333333333333333,0.7021276595744681,0.2340425531914893,0.0638297872340425
Journal of Cardiovascular Electrophysiology,2011,1540-8167,0,,Cardiac & Cardiovascular Systems,Cardiac & Cardiovascular Systems,J CARDIOVASC ELECTR,48,22,62,62,40,14,8,139,0.7741935483870968,0.3548387096774194,0.4460431654676259,0.6451612903225806,0.2258064516129032,0.1290322580645161
Journal of Cardiovascular Electrophysiology,2012,1540-8167,0,,Cardiac & Cardiovascular Systems,Cardiac & Cardiovascular Systems,J CARDIOVASC ELECTR,43,15,55,55,40,12,3,144,0.7818181818181819,0.2727272727272727,0.3819444444444444,0.7272727272727273,0.2181818181818181,0.0545454545454545
Journal of Cardiovascular Electrophysiology,2013,1540-8167,0,,Cardiac & Cardiovascular Systems,Cardiac & Cardiovascular Systems,J CARDIOVASC ELECTR,32,20,50,50,30,18,2,139,0.64,0.4,0.3597122302158273,0.6,0.36,0.04
Journal of Cardiovascular Electrophysiology,2014,1540-8167,0,,Cardiac & Cardiovascular Systems,Cardiac & Cardiovascular Systems,J CARDIOVASC ELECTR,34,22,48,48,26,14,8,150,0.7083333333333334,0.4583333333333333,0.32,0.5416666666666666,0.2916666666666667,0.1666666666666666
Journal of Cardiovascular Electrophysiology,2015,1540-8167,0,,Cardiac & Cardiovascular Systems,Cardiac & Cardiovascular Systems,J CARDIOVASC ELECTR,36,22,54,54,32,18,4,145,0.6666666666666666,0.4074074074074074,0.3724137931034483,0.5925925925925926,0.3333333333333333,0.074074074074074
Journal of Cardiovascular Electrophysiology,2016,1540-8167,0,,Cardiac & Cardiovascular Systems,Cardiac & Cardiovascular Systems,J CARDIOVASC ELECTR,36,18,49,49,31,13,5,139,0.7346938775510204,0.3673469387755102,0.3525179856115107,0.6326530612244898,0.2653061224489796,0.1020408163265306
Journal of Cardiovascular Electrophysiology,2017,1540-8167,0,,Cardiac & Cardiovascular Systems,Cardiac & Cardiovascular Systems,J CARDIOVASC ELECTR,16,16,29,29,13,13,3,129,0.5517241379310345,0.5517241379310345,0.2248062015503876,0.4482758620689655,0.4482758620689655,0.1034482758620689
Journal of Cardiovascular Electrophysiology,2018,1540-8167,0,,Cardiac & Cardiovascular Systems,Cardiac & Cardiovascular Systems,J CARDIOVASC ELECTR,20,35,49,49,14,29,6,151,0.4081632653061224,0.7142857142857143,0.3245033112582781,0.2857142857142857,0.5918367346938775,0.1224489795918367
Journal of Cardiovascular Electrophysiology,2019,1540-8167,0,,Cardiac & Cardiovascular Systems,Cardiac & Cardiovascular Systems,J CARDIOVASC ELECTR,33,41,67,67,26,34,7,233,0.4925373134328358,0.6119402985074627,0.2875536480686695,0.3880597014925373,0.5074626865671642,0.1044776119402985
Journal of Cardiovascular Electrophysiology,2020,1540-8167,0,,Cardiac & Cardiovascular Systems,Cardiac & Cardiovascular Systems,J CARDIOVASC ELECTR,43,52,85,85,33,42,10,240,0.5058823529411764,0.611764705882353,0.3541666666666667,0.388235294117647,0.4941176470588235,0.1176470588235294
Journal of Cardiovascular Electrophysiology,2021,1540-8167,0,,Cardiac & Cardiovascular Systems,Cardiac & Cardiovascular Systems,J CARDIOVASC ELECTR,35,49,75,75,26,40,9,248,0.4666666666666667,0.6533333333333333,0.3024193548387097,0.3466666666666667,0.5333333333333333,0.12
Journal of Cardiovascular Electrophysiology,2022,1540-8167,0,,Cardiac & Cardiovascular Systems,Cardiac & Cardiovascular Systems,J CARDIOVASC ELECTR,19,43,58,58,15,39,4,184,0.3275862068965517,0.7413793103448276,0.3152173913043478,0.2586206896551724,0.6724137931034483,0.0689655172413793
Journal of Cardiovascular Electrophysiology,2023,1540-8167,0,,Cardiac & Cardiovascular Systems,Cardiac & Cardiovascular Systems,J CARDIOVASC ELECTR,27,42,66,66,24,39,3,204,0.4090909090909091,0.6363636363636364,0.3235294117647059,0.3636363636363636,0.5909090909090909,0.0454545454545454
Journal of Cardiovascular Electrophysiology,2024,1540-8167,0,,Cardiac & Cardiovascular Systems,Cardiac & Cardiovascular Systems,J CARDIOVASC ELECTR,20,41,55,55,14,35,6,166,0.3636363636363636,0.7454545454545455,0.3313253012048193,0.2545454545454545,0.6363636363636364,0.109090909090909
Journal of Cardiovascular Electrophysiology,2025,1540-8167,0,,Cardiac & Cardiovascular Systems,Cardiac & Cardiovascular Systems,J CARDIOVASC ELECTR,21,61,74,74,13,53,8,252,0.2837837837837837,0.8243243243243243,0.2936507936507936,0.1756756756756756,0.7162162162162162,0.1081081081081081
Journal of Cerebral Blood Flow and Metabolism,2010,1559-7016,1,2018,Endocrinology & Metabolism,Endocrinology & Metabolism; Hematology; Neurosciences,J CEREBR BLOOD F MET,101,32,118,118,86,17,15,159,0.8559322033898306,0.2711864406779661,0.7421383647798742,0.7288135593220338,0.1440677966101695,0.1271186440677966
Journal of Cerebral Blood Flow and Metabolism,2011,1559-7016,1,2018,Endocrinology & Metabolism,Endocrinology & Metabolism; Hematology; Neurosciences,J CEREBR BLOOD F MET,122,32,140,140,108,18,14,192,0.8714285714285714,0.2285714285714285,0.7291666666666666,0.7714285714285715,0.1285714285714285,0.1
Journal of Cerebral Blood Flow and Metabolism,2012,1559-7016,1,2018,Endocrinology & Metabolism,Endocrinology & Metabolism; Hematology; Neurosciences,J CEREBR BLOOD F MET,90,30,105,105,75,15,15,148,0.8571428571428571,0.2857142857142857,0.7094594594594594,0.7142857142857143,0.1428571428571428,0.1428571428571428
Journal of Cerebral Blood Flow and Metabolism,2013,1559-7016,1,2018,Endocrinology & Metabolism,Endocrinology & Metabolism; Hematology; Neurosciences,J CEREBR BLOOD F MET,127,46,149,149,103,22,24,194,0.8523489932885906,0.3087248322147651,0.7680412371134021,0.6912751677852349,0.1476510067114094,0.1610738255033557
Journal of Cerebral Blood Flow and Metabolism,2014,1559-7016,1,2018,Endocrinology & Metabolism,Endocrinology & Metabolism; Hematology; Neurosciences,J CEREBR BLOOD F MET,126,55,149,149,94,23,32,193,0.8456375838926175,0.3691275167785235,0.772020725388601,0.6308724832214765,0.1543624161073825,0.2147651006711409
Journal of Cerebral Blood Flow and Metabolism,2015,1559-7016,1,2018,Endocrinology & Metabolism,Endocrinology & Metabolism; Hematology; Neurosciences,J CEREBR BLOOD F MET,131,61,156,156,95,25,36,215,0.8397435897435898,0.391025641025641,0.7255813953488373,0.6089743589743589,0.1602564102564102,0.2307692307692307
Journal of Cerebral Blood Flow and Metabolism,2016,1559-7016,1,2018,Endocrinology & Metabolism,Endocrinology & Metabolism; Hematology; Neurosciences,J CEREBR BLOOD F MET,74,42,96,96,54,22,20,135,0.7708333333333334,0.4375,0.7111111111111111,0.5625,0.2291666666666666,0.2083333333333333
Journal of Cerebral Blood Flow and Metabolism,2017,1559-7016,1,2018,Endocrinology & Metabolism,Endocrinology & Metabolism; Hematology; Neurosciences,J CEREBR BLOOD F MET,156,108,220,220,112,64,44,281,0.7090909090909091,0.4909090909090909,0.7829181494661922,0.509090909090909,0.2909090909090909,0.2
Journal of Cerebral Blood Flow and Metabolism,2018,1559-7016,1,2018,Endocrinology & Metabolism,Endocrinology & Metabolism; Hematology; Neurosciences,J CEREBR BLOOD F MET,69,62,101,101,39,32,30,127,0.6831683168316832,0.6138613861386139,0.7952755905511811,0.3861386138613861,0.3168316831683168,0.297029702970297
Journal of Cerebral Blood Flow and Metabolism,2019,1559-7016,1,2018,Endocrinology & Metabolism,Endocrinology & Metabolism; Hematology; Neurosciences,J CEREBR BLOOD F MET,86,87,133,133,46,47,40,167,0.6466165413533834,0.6541353383458647,0.7964071856287425,0.3458646616541353,0.3533834586466165,0.3007518796992481
Journal of Cerebral Blood Flow and Metabolism,2020,1559-7016,1,2018,Endocrinology & Metabolism,Endocrinology & Metabolism; Hematology; Neurosciences,J CEREBR BLOOD F MET,65,107,135,135,28,70,37,173,0.4814814814814814,0.7925925925925926,0.7803468208092486,0.2074074074074074,0.5185185185185185,0.2740740740740741
Journal of Cerebral Blood Flow and Metabolism,2021,1559-7016,1,2018,Endocrinology & Metabolism,Endocrinology & Metabolism; Hematology; Neurosciences,J CEREBR BLOOD F MET,55,152,172,172,20,117,35,230,0.3197674418604651,0.8837209302325582,0.7478260869565218,0.1162790697674418,0.6802325581395349,0.2034883720930232
Journal of Cerebral Blood Flow and Metabolism,2022,1559-7016,1,2018,Endocrinology & Metabolism,Endocrinology & Metabolism; Hematology; Neurosciences,J CEREBR BLOOD F MET,24,90,94,94,4,70,20,140,0.2553191489361702,0.9574468085106383,0.6714285714285714,0.0425531914893617,0.7446808510638298,0.2127659574468085
Journal of Cerebral Blood Flow and Metabolism,2023,1559-7016,1,2018,Endocrinology & Metabolism,Endocrinology & Metabolism; Hematology; Neurosciences,J CEREBR BLOOD F MET,26,97,109,109,12,83,14,144,0.2385321100917431,0.8899082568807339,0.7569444444444444,0.110091743119266,0.7614678899082569,0.128440366972477
Journal of Cerebral Blood Flow and Metabolism,2024,1559-7016,1,2018,Endocrinology & Metabolism,Endocrinology & Metabolism; Hematology; Neurosciences,J CEREBR BLOOD F MET,21,100,106,106,6,85,15,135,0.1981132075471698,0.9433962264150944,0.7851851851851852,0.0566037735849056,0.8018867924528302,0.1415094339622641
Journal of Cerebral Blood Flow and Metabolism,2025,1559-7016,1,2018,Endocrinology & Metabolism,Endocrinology & Metabolism; Hematology; Neurosciences,J CEREBR BLOOD F MET,31,152,158,158,6,127,25,202,0.1962025316455696,0.9620253164556962,0.7821782178217822,0.0379746835443038,0.8037974683544303,0.1582278481012658
Journal of Clinical Immunology,2010,1573-2592,0,,Immunology,Immunology,J CLIN IMMUNOL,39,37,61,61,24,22,15,84,0.639344262295082,0.6065573770491803,0.7261904761904762,0.3934426229508196,0.360655737704918,0.2459016393442623
Journal of Clinical Immunology,2011,1573-2592,0,,Immunology,Immunology,J CLIN IMMUNOL,64,48,85,85,37,21,27,108,0.7529411764705882,0.5647058823529412,0.7870370370370371,0.4352941176470588,0.2470588235294117,0.3176470588235294
Journal of Clinical Immunology,2012,1573-2592,0,,Immunology,Immunology,J CLIN IMMUNOL,66,59,95,95,36,29,30,113,0.6947368421052632,0.6210526315789474,0.8407079646017699,0.3789473684210526,0.3052631578947368,0.3157894736842105
Journal of Clinical Immunology,2013,1573-2592,0,,Immunology,Immunology,J CLIN IMMUNOL,55,65,87,87,22,32,33,130,0.632183908045977,0.7471264367816092,0.6692307692307692,0.2528735632183908,0.367816091954023,0.3793103448275862
Journal of Clinical Immunology,2014,1573-2592,0,,Immunology,Immunology,J CLIN IMMUNOL,18,33,41,41,8,23,10,62,0.4390243902439024,0.8048780487804879,0.6612903225806451,0.1951219512195122,0.5609756097560976,0.2439024390243902
Journal of Clinical Immunology,2015,1573-2592,0,,Immunology,Immunology,J CLIN IMMUNOL,11,12,19,19,7,8,4,39,0.5789473684210527,0.631578947368421,0.4871794871794871,0.3684210526315789,0.4210526315789473,0.2105263157894736
Journal of Clinical Immunology,2016,1573-2592,0,,Immunology,Immunology,J CLIN IMMUNOL,8,13,18,18,5,10,3,41,0.4444444444444444,0.7222222222222222,0.4390243902439024,0.2777777777777778,0.5555555555555556,0.1666666666666666
Journal of Clinical Immunology,2017,1573-2592,0,,Immunology,Immunology,J CLIN IMMUNOL,2,17,18,18,1,16,1,35,0.1111111111111111,0.9444444444444444,0.5142857142857142,0.0555555555555555,0.8888888888888888,0.0555555555555555
Journal of Clinical Immunology,2018,1573-2592,0,,Immunology,Immunology,J CLIN IMMUNOL,10,8,14,14,6,4,4,34,0.7142857142857143,0.5714285714285714,0.4117647058823529,0.4285714285714285,0.2857142857142857,0.2857142857142857
Journal of Clinical Immunology,2019,1573-2592,0,,Immunology,Immunology,J CLIN IMMUNOL,12,14,21,21,7,9,5,39,0.5714285714285714,0.6666666666666666,0.5384615384615384,0.3333333333333333,0.4285714285714285,0.238095238095238
Journal of Clinical Immunology,2020,1573-2592,0,,Immunology,Immunology,J CLIN IMMUNOL,12,29,32,32,3,20,9,61,0.375,0.90625,0.5245901639344263,0.09375,0.625,0.28125
Journal of Clinical Immunology,2021,1573-2592,0,,Immunology,Immunology,J CLIN IMMUNOL,17,50,56,56,6,39,11,93,0.3035714285714285,0.8928571428571429,0.6021505376344086,0.1071428571428571,0.6964285714285714,0.1964285714285714
Journal of Clinical Immunology,2022,1573-2592,0,,Immunology,Immunology,J CLIN IMMUNOL,27,60,66,66,6,39,21,104,0.4090909090909091,0.9090909090909092,0.6346153846153846,0.0909090909090909,0.5909090909090909,0.3181818181818182
Journal of Clinical Immunology,2023,1573-2592,0,,Immunology,Immunology,J CLIN IMMUNOL,30,68,80,80,12,50,18,136,0.375,0.85,0.5882352941176471,0.15,0.625,0.225
Journal of Clinical Immunology,2024,1573-2592,0,,Immunology,Immunology,J CLIN IMMUNOL,21,53,60,60,7,39,14,95,0.35,0.8833333333333333,0.631578947368421,0.1166666666666666,0.65,0.2333333333333333
Journal of Clinical Immunology,2025,1573-2592,0,,Immunology,Immunology,J CLIN IMMUNOL,10,30,35,35,5,25,5,57,0.2857142857142857,0.8571428571428571,0.6140350877192983,0.1428571428571428,0.7142857142857143,0.1428571428571428
Journal of Controlled Release,2010,1873-4995,0,,Pharmacology & Pharmacy,"Chemistry, Multidisciplinary; Pharmacology & Pharmacy",J CONTROL RELEASE,254,52,265,265,213,11,41,335,0.958490566037736,0.1962264150943396,0.7910447761194029,0.8037735849056604,0.0415094339622641,0.1547169811320754
Journal of Controlled Release,2011,1873-4995,0,,Pharmacology & Pharmacy,"Chemistry, Multidisciplinary; Pharmacology & Pharmacy",J CONTROL RELEASE,221,45,233,233,188,12,33,296,0.9484978540772532,0.1931330472103004,0.7871621621621622,0.8068669527896996,0.0515021459227467,0.1416309012875536
Journal of Controlled Release,2012,1873-4995,0,,Pharmacology & Pharmacy,"Chemistry, Multidisciplinary; Pharmacology & Pharmacy",J CONTROL RELEASE,321,68,334,334,266,13,55,394,0.9610778443113772,0.2035928143712574,0.8477157360406091,0.7964071856287425,0.0389221556886227,0.1646706586826347
Journal of Controlled Release,2013,1873-4995,0,,Pharmacology & Pharmacy,"Chemistry, Multidisciplinary; Pharmacology & Pharmacy",J CONTROL RELEASE,262,66,268,268,202,6,60,322,0.9776119402985076,0.2462686567164179,0.8322981366459627,0.753731343283582,0.0223880597014925,0.2238805970149253
Journal of Controlled Release,2014,1873-4995,0,,Pharmacology & Pharmacy,"Chemistry, Multidisciplinary; Pharmacology & Pharmacy",J CONTROL RELEASE,252,77,265,265,188,13,64,307,0.9509433962264152,0.290566037735849,0.8631921824104235,0.7094339622641509,0.0490566037735849,0.2415094339622641
Journal of Controlled Release,2015,1873-4995,0,,Pharmacology & Pharmacy,"Chemistry, Multidisciplinary; Pharmacology & Pharmacy",J CONTROL RELEASE,355,116,366,366,250,11,105,413,0.9699453551912568,0.3169398907103825,0.8861985472154964,0.6830601092896175,0.0300546448087431,0.2868852459016393
Journal of Controlled Release,2016,1873-4995,0,,Pharmacology & Pharmacy,"Chemistry, Multidisciplinary; Pharmacology & Pharmacy",J CONTROL RELEASE,334,141,352,352,211,18,123,396,0.9488636363636364,0.4005681818181818,0.8888888888888888,0.5994318181818182,0.0511363636363636,0.3494318181818182
Journal of Controlled Release,2017,1873-4995,0,,Pharmacology & Pharmacy,"Chemistry, Multidisciplinary; Pharmacology & Pharmacy",J CONTROL RELEASE,317,127,332,332,205,15,112,379,0.9548192771084336,0.3825301204819277,0.8759894459102903,0.6174698795180723,0.0451807228915662,0.3373493975903614
Journal of Controlled Release,2018,1873-4995,0,,Pharmacology & Pharmacy,"Chemistry, Multidisciplinary; Pharmacology & Pharmacy",J CONTROL RELEASE,309,152,327,327,175,18,134,359,0.944954128440367,0.4648318042813456,0.9108635097493036,0.5351681957186545,0.055045871559633,0.4097859327217125
Journal of Controlled Release,2019,1873-4995,0,,Pharmacology & Pharmacy,"Chemistry, Multidisciplinary; Pharmacology & Pharmacy",J CONTROL RELEASE,268,151,291,291,140,23,128,339,0.9209621993127148,0.5189003436426117,0.8584070796460177,0.4810996563573883,0.0790378006872852,0.4398625429553264
Journal of Controlled Release,2020,1873-4995,0,,Pharmacology & Pharmacy,"Chemistry, Multidisciplinary; Pharmacology & Pharmacy",J CONTROL RELEASE,325,198,352,352,154,27,171,387,0.9232954545454546,0.5625,0.909560723514212,0.4375,0.0767045454545454,0.4857954545454545
Journal of Controlled Release,2021,1873-4995,0,,Pharmacology & Pharmacy,"Chemistry, Multidisciplinary; Pharmacology & Pharmacy",J CONTROL RELEASE,266,173,295,295,122,29,144,411,0.9016949152542372,0.5864406779661017,0.7177615571776156,0.4135593220338983,0.0983050847457627,0.488135593220339
Journal of Controlled Release,2022,1873-4995,0,,Pharmacology & Pharmacy,"Chemistry, Multidisciplinary; Pharmacology & Pharmacy",J CONTROL RELEASE,338,245,382,382,137,44,201,415,0.8848167539267016,0.6413612565445026,0.9204819277108434,0.3586387434554974,0.1151832460732984,0.5261780104712042
Journal of Controlled Release,2023,1873-4995,0,,Pharmacology & Pharmacy,"Chemistry, Multidisciplinary; Pharmacology & Pharmacy",J CONTROL RELEASE,402,309,469,469,160,67,242,503,0.8571428571428571,0.6588486140724946,0.9324055666003976,0.3411513859275053,0.1428571428571428,0.5159914712153518
Journal of Controlled Release,2024,1873-4995,0,,Pharmacology & Pharmacy,"Chemistry, Multidisciplinary; Pharmacology & Pharmacy",J CONTROL RELEASE,464,407,555,555,148,91,316,571,0.836036036036036,0.7333333333333333,0.9719789842381786,0.2666666666666666,0.1639639639639639,0.5693693693693693
Journal of Controlled Release,2025,1873-4995,0,,Pharmacology & Pharmacy,"Chemistry, Multidisciplinary; Pharmacology & Pharmacy",J CONTROL RELEASE,632,591,771,771,180,139,452,792,0.8197146562905318,0.7665369649805448,0.9734848484848484,0.2334630350194552,0.1802853437094682,0.5862516212710766
Journal of Electromyography and Kinesiology,2010,1873-5711,0,,Physiology,Neurosciences; Physiology; Rehabilitation; Sport Sciences,J ELECTROMYOGR KINES,60,27,82,82,55,22,5,153,0.7317073170731707,0.3292682926829268,0.5359477124183006,0.6707317073170732,0.2682926829268293,0.0609756097560975
Journal of Electromyography and Kinesiology,2011,1873-5711,0,,Physiology,Neurosciences; Physiology; Rehabilitation; Sport Sciences,J ELECTROMYOGR KINES,50,19,64,64,45,14,5,139,0.78125,0.296875,0.460431654676259,0.703125,0.21875,0.078125
Journal of Electromyography and Kinesiology,2012,1873-5711,0,,Physiology,Neurosciences; Physiology; Rehabilitation; Sport Sciences,J ELECTROMYOGR KINES,44,13,55,55,42,11,2,109,0.8,0.2363636363636363,0.5045871559633027,0.7636363636363637,0.2,0.0363636363636363
Journal of Electromyography and Kinesiology,2013,1873-5711,0,,Physiology,Neurosciences; Physiology; Rehabilitation; Sport Sciences,J ELECTROMYOGR KINES,73,27,92,92,65,19,8,194,0.7934782608695652,0.2934782608695652,0.4742268041237113,0.7065217391304348,0.2065217391304347,0.0869565217391304
Journal of Electromyography and Kinesiology,2014,1873-5711,0,,Physiology,Neurosciences; Physiology; Rehabilitation; Sport Sciences,J ELECTROMYOGR KINES,48,13,57,57,44,9,4,120,0.8421052631578947,0.2280701754385964,0.475,0.7719298245614035,0.1578947368421052,0.0701754385964912
Journal of Electromyography and Kinesiology,2015,1873-5711,0,,Physiology,Neurosciences; Physiology; Rehabilitation; Sport Sciences,J ELECTROMYOGR KINES,46,7,51,51,44,5,2,124,0.9019607843137256,0.1372549019607843,0.4112903225806452,0.8627450980392157,0.0980392156862745,0.0392156862745098
Journal of Electromyography and Kinesiology,2016,1873-5711,0,,Physiology,Neurosciences; Physiology; Rehabilitation; Sport Sciences,J ELECTROMYOGR KINES,45,17,58,58,41,13,4,123,0.7758620689655172,0.293103448275862,0.4715447154471545,0.7068965517241379,0.2241379310344827,0.0689655172413793
Journal of Electromyography and Kinesiology,2017,1873-5711,0,,Physiology,Neurosciences; Physiology; Rehabilitation; Sport Sciences,J ELECTROMYOGR KINES,36,12,44,44,32,8,4,83,0.8181818181818182,0.2727272727272727,0.5301204819277109,0.7272727272727273,0.1818181818181818,0.0909090909090909
Journal of Electromyography and Kinesiology,2018,1873-5711,0,,Physiology,Neurosciences; Physiology; Rehabilitation; Sport Sciences,J ELECTROMYOGR KINES,47,21,64,64,43,17,4,122,0.734375,0.328125,0.5245901639344263,0.671875,0.265625,0.0625
Journal of Electromyography and Kinesiology,2019,1873-5711,0,,Physiology,Neurosciences; Physiology; Rehabilitation; Sport Sciences,J ELECTROMYOGR KINES,24,12,34,34,22,10,2,71,0.7058823529411765,0.3529411764705882,0.4788732394366197,0.6470588235294118,0.2941176470588235,0.0588235294117647
Journal of Electromyography and Kinesiology,2020,1873-5711,0,,Physiology,Neurosciences; Physiology; Rehabilitation; Sport Sciences,J ELECTROMYOGR KINES,18,20,34,34,14,16,4,70,0.5294117647058824,0.5882352941176471,0.4857142857142857,0.4117647058823529,0.4705882352941176,0.1176470588235294
Journal of Electromyography and Kinesiology,2021,1873-5711,0,,Physiology,Neurosciences; Physiology; Rehabilitation; Sport Sciences,J ELECTROMYOGR KINES,23,18,37,37,19,14,4,72,0.6216216216216216,0.4864864864864865,0.5138888888888888,0.5135135135135135,0.3783783783783784,0.1081081081081081
Journal of Electromyography and Kinesiology,2022,1873-5711,0,,Physiology,Neurosciences; Physiology; Rehabilitation; Sport Sciences,J ELECTROMYOGR KINES,22,20,38,38,18,16,4,71,0.5789473684210527,0.5263157894736842,0.5352112676056338,0.4736842105263157,0.4210526315789473,0.1052631578947368
Journal of Electromyography and Kinesiology,2023,1873-5711,0,,Physiology,Neurosciences; Physiology; Rehabilitation; Sport Sciences,J ELECTROMYOGR KINES,11,24,33,33,9,22,2,63,0.3333333333333333,0.7272727272727273,0.5238095238095238,0.2727272727272727,0.6666666666666666,0.0606060606060606
Journal of Electromyography and Kinesiology,2024,1873-5711,0,,Physiology,Neurosciences; Physiology; Rehabilitation; Sport Sciences,J ELECTROMYOGR KINES,14,18,31,31,13,17,1,58,0.4516129032258064,0.5806451612903226,0.5344827586206896,0.4193548387096774,0.5483870967741935,0.032258064516129
Journal of Electromyography and Kinesiology,2025,1873-5711,0,,Physiology,Neurosciences; Physiology; Rehabilitation; Sport Sciences,J ELECTROMYOGR KINES,12,22,29,29,7,17,5,40,0.4137931034482758,0.7586206896551724,0.725,0.2413793103448276,0.5862068965517241,0.1724137931034483
Journal of Experimental & Clinical Cancer Research,2010,1756-9966,0,,Oncology,Oncology,J EXP CLIN CANC RES,81,28,94,94,66,13,15,155,0.8617021276595744,0.2978723404255319,0.6064516129032258,0.7021276595744681,0.1382978723404255,0.1595744680851064
Journal of Experimental & Clinical Cancer Research,2011,1756-9966,0,,Oncology,Oncology,J EXP CLIN CANC RES,61,20,68,68,48,7,13,100,0.8970588235294118,0.2941176470588235,0.68,0.7058823529411765,0.1029411764705882,0.1911764705882352
Journal of Experimental & Clinical Cancer Research,2012,1756-9966,0,,Oncology,Oncology,J EXP CLIN CANC RES,52,16,59,59,43,7,9,95,0.8813559322033898,0.2711864406779661,0.6210526315789474,0.7288135593220338,0.1186440677966101,0.1525423728813559
Journal of Experimental & Clinical Cancer Research,2013,1756-9966,0,,Oncology,Oncology,J EXP CLIN CANC RES,51,24,59,59,35,8,16,90,0.864406779661017,0.4067796610169492,0.6555555555555556,0.5932203389830508,0.135593220338983,0.2711864406779661
Journal of Experimental & Clinical Cancer Research,2014,1756-9966,0,,Oncology,Oncology,J EXP CLIN CANC RES,69,24,72,72,48,3,21,99,0.9583333333333334,0.3333333333333333,0.7272727272727273,0.6666666666666666,0.0416666666666666,0.2916666666666667
Journal of Experimental & Clinical Cancer Research,2015,1756-9966,0,,Oncology,Oncology,J EXP CLIN CANC RES,107,66,120,120,54,13,53,149,0.8916666666666667,0.55,0.8053691275167785,0.45,0.1083333333333333,0.4416666666666666
Journal of Experimental & Clinical Cancer Research,2016,1756-9966,0,,Oncology,Oncology,J EXP CLIN CANC RES,147,80,151,151,71,4,76,158,0.9735099337748344,0.5298013245033113,0.9556962025316456,0.4701986754966887,0.0264900662251655,0.5033112582781457
Journal of Experimental & Clinical Cancer Research,2017,1756-9966,0,,Oncology,Oncology,J EXP CLIN CANC RES,160,89,164,164,75,4,85,168,0.975609756097561,0.5426829268292683,0.9761904761904762,0.4573170731707317,0.024390243902439,0.5182926829268293
Journal of Experimental & Clinical Cancer Research,2018,1756-9966,0,,Oncology,Oncology,J EXP CLIN CANC RES,252,184,260,260,76,8,176,264,0.9692307692307692,0.7076923076923077,0.9848484848484848,0.2923076923076923,0.0307692307692307,0.676923076923077
Journal of Experimental & Clinical Cancer Research,2019,1756-9966,0,,Oncology,Oncology,J EXP CLIN CANC RES,405,308,414,414,106,9,299,416,0.9782608695652174,0.7439613526570048,0.9951923076923076,0.2560386473429952,0.0217391304347826,0.7222222222222222
Journal of Experimental & Clinical Cancer Research,2020,1756-9966,0,,Oncology,Oncology,J EXP CLIN CANC RES,185,164,191,191,27,6,158,194,0.9685863874345548,0.8586387434554974,0.9845360824742267,0.1413612565445026,0.031413612565445,0.8272251308900523
Journal of Experimental & Clinical Cancer Research,2021,1756-9966,0,,Oncology,Oncology,J EXP CLIN CANC RES,237,214,258,258,44,21,193,260,0.9186046511627908,0.8294573643410853,0.9923076923076924,0.1705426356589147,0.0813953488372093,0.748062015503876
Journal of Experimental & Clinical Cancer Research,2022,1756-9966,0,,Oncology,Oncology,J EXP CLIN CANC RES,205,220,245,245,25,40,180,247,0.8367346938775511,0.8979591836734694,0.9919028340080972,0.1020408163265306,0.1632653061224489,0.7346938775510204
Journal of Experimental & Clinical Cancer Research,2023,1756-9966,0,,Oncology,Oncology,J EXP CLIN CANC RES,205,227,240,240,13,35,192,243,0.8541666666666666,0.9458333333333332,0.9876543209876544,0.0541666666666666,0.1458333333333333,0.8
Journal of Experimental & Clinical Cancer Research,2024,1756-9966,0,,Oncology,Oncology,J EXP CLIN CANC RES,201,235,248,248,13,47,188,256,0.8104838709677419,0.9475806451612904,0.96875,0.0524193548387096,0.189516129032258,0.7580645161290323
Journal of Experimental & Clinical Cancer Research,2025,1756-9966,0,,Oncology,Oncology,J EXP CLIN CANC RES,197,248,264,264,16,67,181,270,0.7462121212121212,0.9393939393939394,0.9777777777777776,0.0606060606060606,0.2537878787878788,0.6856060606060606
Journal of Experimental Medicine,2010,1540-9538,0,,Immunology,"Immunology; Medicine, Research & Experimental",J EXP MED,204,136,216,216,80,12,124,224,0.9444444444444444,0.6296296296296297,0.9642857142857144,0.3703703703703703,0.0555555555555555,0.5740740740740741
Journal of Experimental Medicine,2011,1540-9538,0,,Immunology,"Immunology; Medicine, Research & Experimental",J EXP MED,192,120,205,205,85,13,107,209,0.9365853658536586,0.5853658536585366,0.9808612440191388,0.4146341463414634,0.0634146341463414,0.5219512195121951
Journal of Experimental Medicine,2012,1540-9538,0,,Immunology,"Immunology; Medicine, Research & Experimental",J EXP MED,156,117,167,167,50,11,106,175,0.934131736526946,0.7005988023952096,0.9542857142857144,0.2994011976047904,0.0658682634730539,0.6347305389221557
Journal of Experimental Medicine,2013,1540-9538,0,,Immunology,"Immunology; Medicine, Research & Experimental",J EXP MED,179,136,198,198,62,19,117,200,0.904040404040404,0.6868686868686869,0.99,0.3131313131313131,0.0959595959595959,0.5909090909090909
Journal of Experimental Medicine,2014,1540-9538,0,,Immunology,"Immunology; Medicine, Research & Experimental",J EXP MED,177,138,186,186,48,9,129,187,0.9516129032258064,0.7419354838709677,0.9946524064171124,0.2580645161290322,0.0483870967741935,0.6935483870967742
Journal of Experimental Medicine,2015,1540-9538,0,,Immunology,"Immunology; Medicine, Research & Experimental",J EXP MED,141,105,144,144,39,3,102,144,0.9791666666666666,0.7291666666666666,1.0,0.2708333333333333,0.0208333333333333,0.7083333333333334
Journal of Experimental Medicine,2016,1540-9538,0,,Immunology,"Immunology; Medicine, Research & Experimental",J EXP MED,164,147,182,182,35,18,129,184,0.9010989010989012,0.8076923076923077,0.9891304347826086,0.1923076923076923,0.0989010989010989,0.7087912087912088
Journal of Experimental Medicine,2017,1540-9538,0,,Immunology,"Immunology; Medicine, Research & Experimental",J EXP MED,190,159,211,211,52,21,138,214,0.9004739336492891,0.7535545023696683,0.985981308411215,0.2464454976303317,0.0995260663507109,0.6540284360189573
Journal of Experimental Medicine,2018,1540-9538,0,,Immunology,"Immunology; Medicine, Research & Experimental",J EXP MED,155,144,181,181,37,26,118,181,0.856353591160221,0.7955801104972375,1.0,0.2044198895027624,0.143646408839779,0.6519337016574586
Journal of Experimental Medicine,2019,1540-9538,0,,Immunology,"Immunology; Medicine, Research & Experimental",J EXP MED,104,144,155,155,11,51,93,157,0.6709677419354839,0.9290322580645162,0.9872611464968152,0.0709677419354838,0.3290322580645161,0.6
Journal of Experimental Medicine,2020,1540-9538,0,,Immunology,"Immunology; Medicine, Research & Experimental",J EXP MED,124,165,179,179,14,55,110,185,0.6927374301675978,0.9217877094972068,0.9675675675675676,0.0782122905027933,0.3072625698324022,0.6145251396648045
Journal of Experimental Medicine,2021,1540-9538,0,,Immunology,"Immunology; Medicine, Research & Experimental",J EXP MED,146,226,236,236,10,90,136,239,0.6186440677966102,0.9576271186440678,0.98744769874477,0.0423728813559322,0.3813559322033898,0.576271186440678
Journal of Experimental Medicine,2022,1540-9538,0,,Immunology,"Immunology; Medicine, Research & Experimental",J EXP MED,90,151,155,155,4,65,86,164,0.5806451612903226,0.9741935483870968,0.945121951219512,0.0258064516129032,0.4193548387096774,0.5548387096774193
Journal of Experimental Medicine,2023,1540-9538,0,,Immunology,"Immunology; Medicine, Research & Experimental",J EXP MED,85,153,153,153,0,68,85,160,0.5555555555555556,1.0,0.95625,0.0,0.4444444444444444,0.5555555555555556
Journal of Experimental Medicine,2024,1540-9538,0,,Immunology,"Immunology; Medicine, Research & Experimental",J EXP MED,67,113,116,116,3,49,64,120,0.5775862068965517,0.9741379310344828,0.9666666666666668,0.0258620689655172,0.4224137931034483,0.5517241379310345
Journal of Experimental Medicine,2025,1540-9538,0,,Immunology,"Immunology; Medicine, Research & Experimental",J EXP MED,65,124,127,127,3,62,62,128,0.5118110236220472,0.9763779527559056,0.9921875,0.0236220472440944,0.4881889763779528,0.4881889763779528
Journal of Food and Drug Analysis,2013,1021-9498,0,,Pharmacology & Pharmacy,Food Science & Technology; Pharmacology & Pharmacy,J FOOD DRUG ANAL,0,1,1,1,0,1,0,7,0.0,1.0,0.1428571428571428,0.0,1.0,0.0
Journal of Food and Drug Analysis,2014,1021-9498,0,,Pharmacology & Pharmacy,Food Science & Technology; Pharmacology & Pharmacy,J FOOD DRUG ANAL,9,1,10,10,9,1,0,39,0.9,0.1,0.2564102564102564,0.9,0.1,0.0
Journal of Food and Drug Analysis,2015,1021-9498,0,,Pharmacology & Pharmacy,Food Science & Technology; Pharmacology & Pharmacy,J FOOD DRUG ANAL,26,1,27,27,26,1,0,86,0.9629629629629628,0.037037037037037,0.313953488372093,0.9629629629629628,0.037037037037037,0.0
Journal of Food and Drug Analysis,2016,1021-9498,0,,Pharmacology & Pharmacy,Food Science & Technology; Pharmacology & Pharmacy,J FOOD DRUG ANAL,34,7,38,38,31,4,3,92,0.8947368421052632,0.1842105263157894,0.4130434782608695,0.8157894736842105,0.1052631578947368,0.0789473684210526
Journal of Food and Drug Analysis,2017,1021-9498,0,,Pharmacology & Pharmacy,Food Science & Technology; Pharmacology & Pharmacy,J FOOD DRUG ANAL,39,4,42,42,38,3,1,82,0.9285714285714286,0.0952380952380952,0.5121951219512195,0.9047619047619048,0.0714285714285714,0.0238095238095238
Journal of Food and Drug Analysis,2018,1021-9498,0,,Pharmacology & Pharmacy,Food Science & Technology; Pharmacology & Pharmacy,J FOOD DRUG ANAL,56,10,64,64,54,8,2,130,0.875,0.15625,0.4923076923076923,0.84375,0.125,0.03125
Journal of Food and Drug Analysis,2019,1021-9498,0,,Pharmacology & Pharmacy,Food Science & Technology; Pharmacology & Pharmacy,J FOOD DRUG ANAL,33,10,42,42,32,9,1,77,0.7857142857142857,0.238095238095238,0.5454545454545454,0.7619047619047619,0.2142857142857142,0.0238095238095238
Journal of Food and Drug Analysis,2020,1021-9498,0,,Pharmacology & Pharmacy,Food Science & Technology; Pharmacology & Pharmacy,J FOOD DRUG ANAL,20,9,23,23,14,3,6,33,0.8695652173913043,0.391304347826087,0.696969696969697,0.6086956521739131,0.1304347826086956,0.2608695652173913
Journal of Food and Drug Analysis,2021,1021-9498,0,,Pharmacology & Pharmacy,Food Science & Technology; Pharmacology & Pharmacy,J FOOD DRUG ANAL,28,11,31,31,20,3,8,45,0.9032258064516128,0.3548387096774194,0.6888888888888889,0.6451612903225806,0.0967741935483871,0.2580645161290322
Journal of Food and Drug Analysis,2022,1021-9498,0,,Pharmacology & Pharmacy,Food Science & Technology; Pharmacology & Pharmacy,J FOOD DRUG ANAL,16,9,19,19,10,3,6,33,0.8421052631578947,0.4736842105263157,0.5757575757575758,0.5263157894736842,0.1578947368421052,0.3157894736842105
Journal of Food and Drug Analysis,2023,1021-9498,0,,Pharmacology & Pharmacy,Food Science & Technology; Pharmacology & Pharmacy,J FOOD DRUG ANAL,20,8,24,24,16,4,4,39,0.8333333333333334,0.3333333333333333,0.6153846153846154,0.6666666666666666,0.1666666666666666,0.1666666666666666
Journal of Food and Drug Analysis,2024,1021-9498,0,,Pharmacology & Pharmacy,Food Science & Technology; Pharmacology & Pharmacy,J FOOD DRUG ANAL,17,3,18,18,15,1,2,30,0.9444444444444444,0.1666666666666666,0.6,0.8333333333333334,0.0555555555555555,0.1111111111111111
Journal of Food and Drug Analysis,2025,1021-9498,0,,Pharmacology & Pharmacy,Food Science & Technology; Pharmacology & Pharmacy,J FOOD DRUG ANAL,18,10,21,21,11,3,7,26,0.8571428571428571,0.4761904761904761,0.8076923076923077,0.5238095238095238,0.1428571428571428,0.3333333333333333
Journal of Geriatric Cardiology,2011,1671-5411,0,,Cardiac & Cardiovascular Systems,Cardiac & Cardiovascular Systems; Geriatrics & Gerontology,J GERIATR CARDIOL,5,2,6,6,4,1,1,26,0.8333333333333334,0.3333333333333333,0.2307692307692307,0.6666666666666666,0.1666666666666666,0.1666666666666666
Journal of Geriatric Cardiology,2012,1671-5411,0,,Cardiac & Cardiovascular Systems,Cardiac & Cardiovascular Systems; Geriatrics & Gerontology,J GERIATR CARDIOL,13,1,14,14,13,1,0,50,0.9285714285714286,0.0714285714285714,0.28,0.9285714285714286,0.0714285714285714,0.0
Journal of Geriatric Cardiology,2013,1671-5411,0,,Cardiac & Cardiovascular Systems,Cardiac & Cardiovascular Systems; Geriatrics & Gerontology,J GERIATR CARDIOL,13,3,15,15,12,2,1,43,0.8666666666666667,0.2,0.3488372093023256,0.8,0.1333333333333333,0.0666666666666666
Journal of Geriatric Cardiology,2014,1671-5411,0,,Cardiac & Cardiovascular Systems,Cardiac & Cardiovascular Systems; Geriatrics & Gerontology,J GERIATR CARDIOL,12,7,16,16,9,4,3,38,0.75,0.4375,0.4210526315789473,0.5625,0.25,0.1875
Journal of Geriatric Cardiology,2015,1671-5411,0,,Cardiac & Cardiovascular Systems,Cardiac & Cardiovascular Systems; Geriatrics & Gerontology,J GERIATR CARDIOL,21,6,25,25,19,4,2,62,0.84,0.24,0.4032258064516129,0.76,0.16,0.08
Journal of Geriatric Cardiology,2016,1671-5411,0,,Cardiac & Cardiovascular Systems,Cardiac & Cardiovascular Systems; Geriatrics & Gerontology,J GERIATR CARDIOL,13,6,18,18,12,5,1,95,0.7222222222222222,0.3333333333333333,0.1894736842105263,0.6666666666666666,0.2777777777777778,0.0555555555555555
Journal of Geriatric Cardiology,2017,1671-5411,0,,Cardiac & Cardiovascular Systems,Cardiac & Cardiovascular Systems; Geriatrics & Gerontology,J GERIATR CARDIOL,12,6,15,15,9,3,3,54,0.8,0.4,0.2777777777777778,0.6,0.2,0.2
Journal of Geriatric Cardiology,2018,1671-5411,0,,Cardiac & Cardiovascular Systems,Cardiac & Cardiovascular Systems; Geriatrics & Gerontology,J GERIATR CARDIOL,11,6,15,15,9,4,2,54,0.7333333333333333,0.4,0.2777777777777778,0.6,0.2666666666666666,0.1333333333333333
Journal of Geriatric Cardiology,2019,1671-5411,0,,Cardiac & Cardiovascular Systems,Cardiac & Cardiovascular Systems; Geriatrics & Gerontology,J GERIATR CARDIOL,10,3,12,12,9,2,1,65,0.8333333333333334,0.25,0.1846153846153846,0.75,0.1666666666666666,0.0833333333333333
Journal of Geriatric Cardiology,2020,1671-5411,0,,Cardiac & Cardiovascular Systems,Cardiac & Cardiovascular Systems; Geriatrics & Gerontology,J GERIATR CARDIOL,9,10,15,15,5,6,4,63,0.6,0.6666666666666666,0.238095238095238,0.3333333333333333,0.4,0.2666666666666666
Journal of Geriatric Cardiology,2021,1671-5411,0,,Cardiac & Cardiovascular Systems,Cardiac & Cardiovascular Systems; Geriatrics & Gerontology,J GERIATR CARDIOL,8,12,17,17,5,9,3,78,0.4705882352941176,0.7058823529411765,0.2179487179487179,0.2941176470588235,0.5294117647058824,0.1764705882352941
Journal of Geriatric Cardiology,2022,1671-5411,0,,Cardiac & Cardiovascular Systems,Cardiac & Cardiovascular Systems; Geriatrics & Gerontology,J GERIATR CARDIOL,7,9,15,15,6,8,1,78,0.4666666666666667,0.6,0.1923076923076923,0.4,0.5333333333333333,0.0666666666666666
Journal of Geriatric Cardiology,2023,1671-5411,0,,Cardiac & Cardiovascular Systems,Cardiac & Cardiovascular Systems; Geriatrics & Gerontology,J GERIATR CARDIOL,11,12,20,20,8,9,3,67,0.55,0.6,0.2985074626865671,0.4,0.45,0.15
Journal of Geriatric Cardiology,2024,1671-5411,0,,Cardiac & Cardiovascular Systems,Cardiac & Cardiovascular Systems; Geriatrics & Gerontology,J GERIATR CARDIOL,9,13,21,21,8,12,1,74,0.4285714285714285,0.6190476190476191,0.2837837837837837,0.3809523809523809,0.5714285714285714,0.0476190476190476
Journal of Geriatric Cardiology,2025,1671-5411,0,,Cardiac & Cardiovascular Systems,Cardiac & Cardiovascular Systems; Geriatrics & Gerontology,J GERIATR CARDIOL,2,8,10,10,2,8,0,59,0.2,0.8,0.1694915254237288,0.2,0.8,0.0
Journal of Heart and Lung Transplantation,2010,1557-3117,0,,Cardiac & Cardiovascular Systems,Cardiac & Cardiovascular Systems; Respiratory System; Surgery; Transplantation,J HEART LUNG TRANSPL,52,29,72,72,43,20,9,140,0.7222222222222222,0.4027777777777778,0.5142857142857142,0.5972222222222222,0.2777777777777778,0.125
Journal of Heart and Lung Transplantation,2011,1557-3117,0,,Cardiac & Cardiovascular Systems,Cardiac & Cardiovascular Systems; Respiratory System; Surgery; Transplantation,J HEART LUNG TRANSPL,52,29,70,70,41,18,11,146,0.7428571428571429,0.4142857142857143,0.4794520547945205,0.5857142857142857,0.2571428571428571,0.1571428571428571
Journal of Heart and Lung Transplantation,2012,1557-3117,0,,Cardiac & Cardiovascular Systems,Cardiac & Cardiovascular Systems; Respiratory System; Surgery; Transplantation,J HEART LUNG TRANSPL,31,33,58,58,25,27,6,141,0.5344827586206896,0.5689655172413793,0.4113475177304964,0.4310344827586206,0.4655172413793103,0.1034482758620689
Journal of Heart and Lung Transplantation,2013,1557-3117,0,,Cardiac & Cardiovascular Systems,Cardiac & Cardiovascular Systems; Respiratory System; Surgery; Transplantation,J HEART LUNG TRANSPL,33,22,51,51,29,18,4,122,0.6470588235294118,0.4313725490196078,0.4180327868852459,0.5686274509803921,0.3529411764705882,0.0784313725490196
Journal of Heart and Lung Transplantation,2014,1557-3117,0,,Cardiac & Cardiovascular Systems,Cardiac & Cardiovascular Systems; Respiratory System; Surgery; Transplantation,J HEART LUNG TRANSPL,27,24,42,42,18,15,9,124,0.6428571428571429,0.5714285714285714,0.3387096774193548,0.4285714285714285,0.3571428571428571,0.2142857142857142
Journal of Heart and Lung Transplantation,2015,1557-3117,0,,Cardiac & Cardiovascular Systems,Cardiac & Cardiovascular Systems; Respiratory System; Surgery; Transplantation,J HEART LUNG TRANSPL,39,46,72,72,26,33,13,162,0.5416666666666666,0.6388888888888888,0.4444444444444444,0.3611111111111111,0.4583333333333333,0.1805555555555555
Journal of Heart and Lung Transplantation,2016,1557-3117,0,,Cardiac & Cardiovascular Systems,Cardiac & Cardiovascular Systems; Respiratory System; Surgery; Transplantation,J HEART LUNG TRANSPL,36,24,52,52,28,16,8,127,0.6923076923076923,0.4615384615384615,0.4094488188976378,0.5384615384615384,0.3076923076923077,0.1538461538461538
Journal of Heart and Lung Transplantation,2017,1557-3117,0,,Cardiac & Cardiovascular Systems,Cardiac & Cardiovascular Systems; Respiratory System; Surgery; Transplantation,J HEART LUNG TRANSPL,27,38,56,56,18,29,9,123,0.4821428571428571,0.6785714285714286,0.4552845528455284,0.3214285714285714,0.5178571428571429,0.1607142857142857
Journal of Heart and Lung Transplantation,2018,1557-3117,0,,Cardiac & Cardiovascular Systems,Cardiac & Cardiovascular Systems; Respiratory System; Surgery; Transplantation,J HEART LUNG TRANSPL,23,36,51,51,15,28,8,117,0.4509803921568627,0.7058823529411765,0.4358974358974359,0.2941176470588235,0.5490196078431373,0.1568627450980392
Journal of Heart and Lung Transplantation,2019,1557-3117,0,,Cardiac & Cardiovascular Systems,Cardiac & Cardiovascular Systems; Respiratory System; Surgery; Transplantation,J HEART LUNG TRANSPL,16,24,36,36,12,20,4,96,0.4444444444444444,0.6666666666666666,0.375,0.3333333333333333,0.5555555555555556,0.1111111111111111
Journal of Heart and Lung Transplantation,2020,1557-3117,0,,Cardiac & Cardiovascular Systems,Cardiac & Cardiovascular Systems; Respiratory System; Surgery; Transplantation,J HEART LUNG TRANSPL,16,39,51,51,12,35,4,109,0.3137254901960784,0.7647058823529411,0.4678899082568807,0.2352941176470588,0.6862745098039216,0.0784313725490196
Journal of Heart and Lung Transplantation,2021,1557-3117,0,,Cardiac & Cardiovascular Systems,Cardiac & Cardiovascular Systems; Respiratory System; Surgery; Transplantation,J HEART LUNG TRANSPL,15,45,53,53,8,38,7,121,0.2830188679245283,0.8490566037735849,0.4380165289256198,0.1509433962264151,0.7169811320754716,0.1320754716981132
Journal of Heart and Lung Transplantation,2022,1557-3117,0,,Cardiac & Cardiovascular Systems,Cardiac & Cardiovascular Systems; Respiratory System; Surgery; Transplantation,J HEART LUNG TRANSPL,15,48,55,55,7,40,8,139,0.2727272727272727,0.8727272727272727,0.39568345323741,0.1272727272727272,0.7272727272727273,0.1454545454545454
Journal of Heart and Lung Transplantation,2023,1557-3117,0,,Cardiac & Cardiovascular Systems,Cardiac & Cardiovascular Systems; Respiratory System; Surgery; Transplantation,J HEART LUNG TRANSPL,15,52,61,61,9,46,6,150,0.2459016393442623,0.8524590163934426,0.4066666666666667,0.1475409836065573,0.7540983606557377,0.0983606557377049
Journal of Heart and Lung Transplantation,2024,1557-3117,0,,Cardiac & Cardiovascular Systems,Cardiac & Cardiovascular Systems; Respiratory System; Surgery; Transplantation,J HEART LUNG TRANSPL,16,49,59,59,10,43,6,146,0.2711864406779661,0.8305084745762712,0.4041095890410959,0.1694915254237288,0.7288135593220338,0.1016949152542373
Journal of Heart and Lung Transplantation,2025,1557-3117,0,,Cardiac & Cardiovascular Systems,Cardiac & Cardiovascular Systems; Respiratory System; Surgery; Transplantation,J HEART LUNG TRANSPL,20,61,75,75,14,55,6,146,0.2666666666666666,0.8133333333333334,0.5136986301369864,0.1866666666666666,0.7333333333333333,0.08
Journal of Hematology & Oncology,2010,1756-8722,0,,Oncology,Hematology; Oncology,J HEMATOL ONCOL,6,4,7,7,3,1,3,18,0.8571428571428571,0.5714285714285714,0.3888888888888889,0.4285714285714285,0.1428571428571428,0.4285714285714285
Journal of Hematology & Oncology,2011,1756-8722,0,,Oncology,Hematology; Oncology,J HEMATOL ONCOL,14,5,16,16,11,2,3,27,0.875,0.3125,0.5925925925925926,0.6875,0.125,0.1875
Journal of Hematology & Oncology,2012,1756-8722,0,,Oncology,Hematology; Oncology,J HEMATOL ONCOL,16,9,20,20,11,4,5,37,0.8,0.45,0.5405405405405406,0.55,0.2,0.25
Journal of Hematology & Oncology,2013,1756-8722,0,,Oncology,Hematology; Oncology,J HEMATOL ONCOL,35,20,37,37,17,2,18,55,0.945945945945946,0.5405405405405406,0.6727272727272727,0.4594594594594595,0.054054054054054,0.4864864864864865
Journal of Hematology & Oncology,2014,1756-8722,0,,Oncology,Hematology; Oncology,J HEMATOL ONCOL,31,25,42,42,17,11,14,55,0.7380952380952381,0.5952380952380952,0.7636363636363637,0.4047619047619047,0.2619047619047619,0.3333333333333333
Journal of Hematology & Oncology,2015,1756-8722,0,,Oncology,Hematology; Oncology,J HEMATOL ONCOL,42,32,50,50,18,8,24,73,0.84,0.64,0.684931506849315,0.36,0.16,0.48
Journal of Hematology & Oncology,2016,1756-8722,0,,Oncology,Hematology; Oncology,J HEMATOL ONCOL,52,41,62,62,21,10,31,84,0.8387096774193549,0.6612903225806451,0.7380952380952381,0.3387096774193548,0.1612903225806451,0.5
Journal of Hematology & Oncology,2017,1756-8722,0,,Oncology,Hematology; Oncology,J HEMATOL ONCOL,56,45,64,64,19,8,37,90,0.875,0.703125,0.7111111111111111,0.296875,0.125,0.578125
Journal of Hematology & Oncology,2018,1756-8722,0,,Oncology,Hematology; Oncology,J HEMATOL ONCOL,50,37,55,55,18,5,32,69,0.9090909090909092,0.6727272727272727,0.7971014492753623,0.3272727272727272,0.0909090909090909,0.5818181818181818
Journal of Hematology & Oncology,2019,1756-8722,0,,Oncology,Hematology; Oncology,J HEMATOL ONCOL,42,35,48,48,13,6,29,61,0.875,0.7291666666666666,0.7868852459016393,0.2708333333333333,0.125,0.6041666666666666
Journal of Hematology & Oncology,2020,1756-8722,0,,Oncology,Hematology; Oncology,J HEMATOL ONCOL,32,33,44,44,11,12,21,64,0.7272727272727273,0.75,0.6875,0.25,0.2727272727272727,0.4772727272727273
Journal of Hematology & Oncology,2021,1756-8722,0,,Oncology,Hematology; Oncology,J HEMATOL ONCOL,30,38,40,40,2,10,28,62,0.75,0.95,0.6451612903225806,0.05,0.25,0.7
Journal of Hematology & Oncology,2022,1756-8722,0,,Oncology,Hematology; Oncology,J HEMATOL ONCOL,22,28,32,32,4,10,18,45,0.6875,0.875,0.7111111111111111,0.125,0.3125,0.5625
Journal of Hematology & Oncology,2023,1756-8722,0,,Oncology,Hematology; Oncology,J HEMATOL ONCOL,12,17,20,20,3,8,9,25,0.6,0.85,0.8,0.15,0.4,0.45
Journal of Hematology & Oncology,2024,1756-8722,0,,Oncology,Hematology; Oncology,J HEMATOL ONCOL,17,20,25,25,5,8,12,31,0.68,0.8,0.8064516129032258,0.2,0.32,0.48
Journal of Hematology & Oncology,2025,1756-8722,0,,Oncology,Hematology; Oncology,J HEMATOL ONCOL,12,22,22,22,0,10,12,34,0.5454545454545454,1.0,0.6470588235294118,0.0,0.4545454545454545,0.5454545454545454
Journal of Immunology,2010,1550-6606,0,,Immunology,Immunology,J IMMUNOL,1421,695,1512,1512,817,91,604,1573,0.9398148148148148,0.4596560846560846,0.961220597584234,0.5403439153439153,0.0601851851851851,0.3994708994708995
Journal of Immunology,2011,1550-6606,0,,Immunology,Immunology,J IMMUNOL,1294,610,1362,1362,752,68,542,1404,0.9500734214390602,0.447870778267254,0.97008547008547,0.5521292217327459,0.0499265785609397,0.3979441997063142
Journal of Immunology,2012,1550-6606,0,,Immunology,Immunology,J IMMUNOL,1142,621,1222,1222,601,80,541,1261,0.9345335515548282,0.5081833060556464,0.9690721649484536,0.4918166939443535,0.0654664484451718,0.4427168576104746
Journal of Immunology,2013,1550-6606,0,,Immunology,Immunology,J IMMUNOL,1177,658,1255,1255,597,78,580,1278,0.9378486055776892,0.5243027888446216,0.9820031298904538,0.4756972111553785,0.0621513944223107,0.4621513944223107
Journal of Immunology,2014,1550-6606,0,,Immunology,Immunology,J IMMUNOL,1050,634,1140,1140,506,90,544,1174,0.9210526315789472,0.5561403508771929,0.9710391822827938,0.443859649122807,0.0789473684210526,0.4771929824561403
Journal of Immunology,2015,1550-6606,0,,Immunology,Immunology,J IMMUNOL,998,662,1094,1094,432,96,566,1126,0.9122486288848264,0.6051188299817185,0.9715808170515098,0.3948811700182815,0.0877513711151736,0.5173674588665448
Journal of Immunology,2016,1550-6606,0,,Immunology,Immunology,J IMMUNOL,781,575,874,874,299,93,482,900,0.8935926773455377,0.6578947368421053,0.9711111111111111,0.3421052631578947,0.1064073226544622,0.551487414187643
Journal of Immunology,2017,1550-6606,0,,Immunology,Immunology,J IMMUNOL,679,529,769,769,240,90,439,794,0.88296488946684,0.6879063719115734,0.968513853904282,0.3120936280884265,0.1170351105331599,0.5708712613784135
Journal of Immunology,2018,1550-6606,0,,Immunology,Immunology,J IMMUNOL,560,446,653,653,207,93,353,671,0.8575803981623277,0.6830015313935681,0.9731743666169896,0.3169984686064318,0.1424196018376722,0.5405819295558959
Journal of Immunology,2019,1550-6606,0,,Immunology,Immunology,J IMMUNOL,464,427,582,582,155,118,309,595,0.7972508591065293,0.7336769759450171,0.9781512605042016,0.2663230240549828,0.2027491408934708,0.5309278350515464
Journal of Immunology,2020,1550-6606,0,,Immunology,Immunology,J IMMUNOL,405,422,556,556,134,151,271,575,0.7284172661870504,0.7589928057553957,0.9669565217391304,0.2410071942446043,0.2715827338129496,0.487410071942446
Journal of Immunology,2021,1550-6606,0,,Immunology,Immunology,J IMMUNOL,328,403,501,501,98,173,230,520,0.654690618762475,0.8043912175648703,0.9634615384615384,0.1956087824351297,0.3453093812375249,0.4590818363273453
Journal of Immunology,2022,1550-6606,0,,Immunology,Immunology,J IMMUNOL,266,345,420,420,75,154,191,437,0.6333333333333333,0.8214285714285714,0.9610983981693364,0.1785714285714285,0.3666666666666666,0.4547619047619047
Journal of Immunology,2023,1550-6606,0,,Immunology,Immunology,J IMMUNOL,174,251,299,299,48,125,126,309,0.5819397993311036,0.8394648829431438,0.9676375404530744,0.1605351170568562,0.4180602006688963,0.4214046822742475
Journal of Immunology,2024,1550-6606,0,,Immunology,Immunology,J IMMUNOL,150,264,300,300,36,150,114,315,0.5,0.88,0.9523809523809524,0.12,0.5,0.38
Journal of Immunology,2025,1550-6606,0,,Immunology,Immunology,J IMMUNOL,124,273,304,304,31,180,93,313,0.4078947368421052,0.8980263157894737,0.9712460063897764,0.1019736842105263,0.5921052631578947,0.3059210526315789
Journal of Innate Immunity,2010,1662-8128,0,,Immunology,Immunology,J INNATE IMMUN,34,13,36,36,23,2,11,38,0.9444444444444444,0.3611111111111111,0.9473684210526316,0.6388888888888888,0.0555555555555555,0.3055555555555556
Journal of Innate Immunity,2011,1662-8128,0,,Immunology,Immunology,J INNATE IMMUN,24,10,27,27,17,3,7,30,0.8888888888888888,0.3703703703703703,0.9,0.6296296296296297,0.1111111111111111,0.2592592592592592
Journal of Innate Immunity,2012,1662-8128,0,,Immunology,Immunology,J INNATE IMMUN,21,12,24,24,12,3,9,25,0.875,0.5,0.96,0.5,0.125,0.375
Journal of Innate Immunity,2013,1662-8128,0,,Immunology,Immunology,J INNATE IMMUN,31,14,33,33,19,2,12,39,0.9393939393939394,0.4242424242424242,0.8461538461538461,0.5757575757575758,0.0606060606060606,0.3636363636363636
Journal of Innate Immunity,2014,1662-8128,0,,Immunology,Immunology,J INNATE IMMUN,62,18,63,63,45,1,17,64,0.984126984126984,0.2857142857142857,0.984375,0.7142857142857143,0.0158730158730158,0.2698412698412698
Journal of Innate Immunity,2015,1662-8128,0,,Immunology,Immunology,J INNATE IMMUN,41,24,43,43,19,2,22,44,0.9534883720930232,0.5581395348837209,0.9772727272727272,0.4418604651162791,0.0465116279069767,0.5116279069767442
Journal of Innate Immunity,2016,1662-8128,0,,Immunology,Immunology,J INNATE IMMUN,30,17,33,33,16,3,14,35,0.9090909090909092,0.5151515151515151,0.9428571428571428,0.4848484848484848,0.0909090909090909,0.4242424242424242
Journal of Innate Immunity,2017,1662-8128,0,,Immunology,Immunology,J INNATE IMMUN,32,20,35,35,15,3,17,36,0.9142857142857144,0.5714285714285714,0.9722222222222222,0.4285714285714285,0.0857142857142857,0.4857142857142857
Journal of Innate Immunity,2018,1662-8128,0,,Immunology,Immunology,J INNATE IMMUN,21,12,24,24,12,3,9,24,0.875,0.5,1.0,0.5,0.125,0.375
Journal of Innate Immunity,2019,1662-8128,0,,Immunology,Immunology,J INNATE IMMUN,17,11,22,22,11,5,6,23,0.7727272727272727,0.5,0.9565217391304348,0.5,0.2272727272727272,0.2727272727272727
Journal of Innate Immunity,2020,1662-8128,0,,Immunology,Immunology,J INNATE IMMUN,21,17,25,25,8,4,13,27,0.84,0.68,0.925925925925926,0.32,0.16,0.52
Journal of Innate Immunity,2021,1662-8128,0,,Immunology,Immunology,J INNATE IMMUN,18,15,23,23,8,5,10,24,0.782608695652174,0.6521739130434783,0.9583333333333334,0.3478260869565217,0.217391304347826,0.4347826086956521
Journal of Innate Immunity,2022,1662-8128,0,,Immunology,Immunology,J INNATE IMMUN,27,22,35,35,13,8,14,38,0.7714285714285715,0.6285714285714286,0.9210526315789472,0.3714285714285714,0.2285714285714285,0.4
Journal of Innate Immunity,2023,1662-8128,0,,Immunology,Immunology,J INNATE IMMUN,35,40,50,50,10,15,25,50,0.7,0.8,1.0,0.2,0.3,0.5
Journal of Innate Immunity,2024,1662-8128,0,,Immunology,Immunology,J INNATE IMMUN,11,21,22,22,1,11,10,23,0.5,0.9545454545454546,0.9565217391304348,0.0454545454545454,0.5,0.4545454545454545
Journal of Innate Immunity,2025,1662-8128,0,,Immunology,Immunology,J INNATE IMMUN,16,24,28,28,4,12,12,28,0.5714285714285714,0.8571428571428571,1.0,0.1428571428571428,0.4285714285714285,0.4285714285714285
Journal of Mammary Gland Biology and Neoplasia,2010,1573-7039,0,,Physiology,Endocrinology & Metabolism; Oncology; Physiology,J MAMMARY GLAND BIOL,1,0,1,1,1,0,0,1,1.0,0.0,1.0,1.0,0.0,0.0
Journal of Mammary Gland Biology and Neoplasia,2015,1573-7039,0,,Physiology,Endocrinology & Metabolism; Oncology; Physiology,J MAMMARY GLAND BIOL,2,0,2,2,2,0,0,3,1.0,0.0,0.6666666666666666,1.0,0.0,0.0
Journal of Mammary Gland Biology and Neoplasia,2016,1573-7039,0,,Physiology,Endocrinology & Metabolism; Oncology; Physiology,J MAMMARY GLAND BIOL,6,2,6,6,4,0,2,9,1.0,0.3333333333333333,0.6666666666666666,0.6666666666666666,0.0,0.3333333333333333
Journal of Mammary Gland Biology and Neoplasia,2017,1573-7039,0,,Physiology,Endocrinology & Metabolism; Oncology; Physiology,J MAMMARY GLAND BIOL,12,6,13,13,7,1,5,13,0.9230769230769232,0.4615384615384615,1.0,0.5384615384615384,0.0769230769230769,0.3846153846153846
Journal of Mammary Gland Biology and Neoplasia,2018,1573-7039,0,,Physiology,Endocrinology & Metabolism; Oncology; Physiology,J MAMMARY GLAND BIOL,10,3,10,10,7,0,3,11,1.0,0.3,0.9090909090909092,0.7,0.0,0.3
Journal of Mammary Gland Biology and Neoplasia,2019,1573-7039,0,,Physiology,Endocrinology & Metabolism; Oncology; Physiology,J MAMMARY GLAND BIOL,7,9,11,11,2,4,5,13,0.6363636363636364,0.8181818181818182,0.8461538461538461,0.1818181818181818,0.3636363636363636,0.4545454545454545
Journal of Mammary Gland Biology and Neoplasia,2020,1573-7039,0,,Physiology,Endocrinology & Metabolism; Oncology; Physiology,J MAMMARY GLAND BIOL,6,10,12,12,2,6,4,13,0.5,0.8333333333333334,0.9230769230769232,0.1666666666666666,0.5,0.3333333333333333
Journal of Mammary Gland Biology and Neoplasia,2021,1573-7039,0,,Physiology,Endocrinology & Metabolism; Oncology; Physiology,J MAMMARY GLAND BIOL,8,10,13,13,3,5,5,15,0.6153846153846154,0.7692307692307693,0.8666666666666667,0.2307692307692307,0.3846153846153846,0.3846153846153846
Journal of Mammary Gland Biology and Neoplasia,2022,1573-7039,0,,Physiology,Endocrinology & Metabolism; Oncology; Physiology,J MAMMARY GLAND BIOL,5,9,10,10,1,5,4,12,0.5,0.9,0.8333333333333334,0.1,0.5,0.4
Journal of Mammary Gland Biology and Neoplasia,2023,1573-7039,0,,Physiology,Endocrinology & Metabolism; Oncology; Physiology,J MAMMARY GLAND BIOL,7,12,12,12,0,5,7,16,0.5833333333333334,1.0,0.75,0.0,0.4166666666666667,0.5833333333333334
Journal of Mammary Gland Biology and Neoplasia,2024,1573-7039,0,,Physiology,Endocrinology & Metabolism; Oncology; Physiology,J MAMMARY GLAND BIOL,3,8,10,10,2,7,1,12,0.3,0.8,0.8333333333333334,0.2,0.7,0.1
Journal of Mammary Gland Biology and Neoplasia,2025,1573-7039,0,,Physiology,Endocrinology & Metabolism; Oncology; Physiology,J MAMMARY GLAND BIOL,1,4,5,5,1,4,0,7,0.2,0.8,0.7142857142857143,0.2,0.8,0.0
Journal of Medical Genetics,2010,1468-6244,0,,Genetics & Heredity,Genetics & Heredity,J MED GENET,10,6,16,16,10,6,0,84,0.625,0.375,0.1904761904761904,0.625,0.375,0.0
Journal of Medical Genetics,2011,1468-6244,0,,Genetics & Heredity,Genetics & Heredity,J MED GENET,15,13,25,25,12,10,3,78,0.6,0.52,0.3205128205128205,0.48,0.4,0.12
Journal of Medical Genetics,2012,1468-6244,0,,Genetics & Heredity,Genetics & Heredity,J MED GENET,13,11,21,21,10,8,3,74,0.6190476190476191,0.5238095238095238,0.2837837837837837,0.4761904761904761,0.3809523809523809,0.1428571428571428
Journal of Medical Genetics,2013,1468-6244,0,,Genetics & Heredity,Genetics & Heredity,J MED GENET,21,8,26,26,18,5,3,68,0.8076923076923077,0.3076923076923077,0.3823529411764705,0.6923076923076923,0.1923076923076923,0.1153846153846153
Journal of Medical Genetics,2014,1468-6244,0,,Genetics & Heredity,Genetics & Heredity,J MED GENET,13,14,25,25,11,12,2,65,0.52,0.56,0.3846153846153846,0.44,0.48,0.08
Journal of Medical Genetics,2015,1468-6244,0,,Genetics & Heredity,Genetics & Heredity,J MED GENET,19,12,28,28,16,9,3,64,0.6785714285714286,0.4285714285714285,0.4375,0.5714285714285714,0.3214285714285714,0.1071428571428571
Journal of Medical Genetics,2016,1468-6244,0,,Genetics & Heredity,Genetics & Heredity,J MED GENET,21,14,31,31,17,10,4,68,0.6774193548387096,0.4516129032258064,0.4558823529411764,0.5483870967741935,0.3225806451612903,0.1290322580645161
Journal of Medical Genetics,2017,1468-6244,0,,Genetics & Heredity,Genetics & Heredity,J MED GENET,18,13,28,28,15,10,3,77,0.6428571428571429,0.4642857142857143,0.3636363636363636,0.5357142857142857,0.3571428571428571,0.1071428571428571
Journal of Medical Genetics,2018,1468-6244,0,,Genetics & Heredity,Genetics & Heredity,J MED GENET,15,16,28,28,12,13,3,76,0.5357142857142857,0.5714285714285714,0.3684210526315789,0.4285714285714285,0.4642857142857143,0.1071428571428571
Journal of Medical Genetics,2019,1468-6244,0,,Genetics & Heredity,Genetics & Heredity,J MED GENET,27,20,41,41,21,14,6,74,0.6585365853658537,0.4878048780487805,0.5540540540540541,0.5121951219512195,0.3414634146341463,0.1463414634146341
Journal of Medical Genetics,2020,1468-6244,0,,Genetics & Heredity,Genetics & Heredity,J MED GENET,25,24,40,40,16,15,9,92,0.625,0.6,0.4347826086956521,0.4,0.375,0.225
Journal of Medical Genetics,2021,1468-6244,0,,Genetics & Heredity,Genetics & Heredity,J MED GENET,16,21,31,31,10,15,6,72,0.5161290322580645,0.6774193548387096,0.4305555555555556,0.3225806451612903,0.4838709677419355,0.1935483870967742
Journal of Medical Genetics,2022,1468-6244,0,,Genetics & Heredity,Genetics & Heredity,J MED GENET,27,35,52,52,17,25,10,115,0.5192307692307693,0.6730769230769231,0.4521739130434782,0.3269230769230769,0.4807692307692308,0.1923076923076923
Journal of Medical Genetics,2023,1468-6244,0,,Genetics & Heredity,Genetics & Heredity,J MED GENET,24,27,46,46,19,22,5,135,0.5217391304347826,0.5869565217391305,0.3407407407407407,0.4130434782608695,0.4782608695652174,0.108695652173913
Journal of Medical Genetics,2024,1468-6244,0,,Genetics & Heredity,Genetics & Heredity,J MED GENET,14,24,32,32,8,18,6,100,0.4375,0.75,0.32,0.25,0.5625,0.1875
Journal of Medical Genetics,2025,1468-6244,0,,Genetics & Heredity,Genetics & Heredity,J MED GENET,9,18,22,22,4,13,5,78,0.4090909090909091,0.8181818181818182,0.282051282051282,0.1818181818181818,0.5909090909090909,0.2272727272727272
Journal of Molecular Endocrinology,2010,1479-6813,1,2020,Endocrinology & Metabolism,Endocrinology & Metabolism,J MOL ENDOCRINOL,45,5,45,45,40,0,5,46,1.0,0.1111111111111111,0.9782608695652174,0.8888888888888888,0.0,0.1111111111111111
Journal of Molecular Endocrinology,2011,1479-6813,1,2020,Endocrinology & Metabolism,Endocrinology & Metabolism,J MOL ENDOCRINOL,44,7,46,46,39,2,5,51,0.9565217391304348,0.1521739130434782,0.9019607843137256,0.8478260869565217,0.0434782608695652,0.108695652173913
Journal of Molecular Endocrinology,2012,1479-6813,1,2020,Endocrinology & Metabolism,Endocrinology & Metabolism,J MOL ENDOCRINOL,39,8,42,42,34,3,5,46,0.9285714285714286,0.1904761904761904,0.9130434782608696,0.8095238095238095,0.0714285714285714,0.119047619047619
Journal of Molecular Endocrinology,2013,1479-6813,1,2020,Endocrinology & Metabolism,Endocrinology & Metabolism,J MOL ENDOCRINOL,57,11,57,57,46,0,11,61,1.0,0.1929824561403508,0.9344262295081968,0.8070175438596491,0.0,0.1929824561403508
Journal of Molecular Endocrinology,2014,1479-6813,1,2020,Endocrinology & Metabolism,Endocrinology & Metabolism,J MOL ENDOCRINOL,63,11,65,65,54,2,9,68,0.9692307692307692,0.1692307692307692,0.9558823529411764,0.8307692307692308,0.0307692307692307,0.1384615384615384
Journal of Molecular Endocrinology,2015,1479-6813,1,2020,Endocrinology & Metabolism,Endocrinology & Metabolism,J MOL ENDOCRINOL,48,6,49,49,43,1,5,51,0.979591836734694,0.1224489795918367,0.9607843137254902,0.8775510204081632,0.0204081632653061,0.1020408163265306
Journal of Molecular Endocrinology,2016,1479-6813,1,2020,Endocrinology & Metabolism,Endocrinology & Metabolism,J MOL ENDOCRINOL,51,8,51,51,43,0,8,52,1.0,0.1568627450980392,0.9807692307692308,0.8431372549019608,0.0,0.1568627450980392
Journal of Molecular Endocrinology,2017,1479-6813,1,2020,Endocrinology & Metabolism,Endocrinology & Metabolism,J MOL ENDOCRINOL,40,7,41,41,34,1,6,47,0.975609756097561,0.1707317073170731,0.8723404255319149,0.8292682926829268,0.024390243902439,0.1463414634146341
Journal of Molecular Endocrinology,2018,1479-6813,1,2020,Endocrinology & Metabolism,Endocrinology & Metabolism,J MOL ENDOCRINOL,48,7,48,48,41,0,7,49,1.0,0.1458333333333333,0.979591836734694,0.8541666666666666,0.0,0.1458333333333333
Journal of Molecular Endocrinology,2019,1479-6813,1,2020,Endocrinology & Metabolism,Endocrinology & Metabolism,J MOL ENDOCRINOL,40,11,42,42,31,2,9,46,0.9523809523809524,0.2619047619047619,0.9130434782608696,0.7380952380952381,0.0476190476190476,0.2142857142857142
Journal of Molecular Endocrinology,2020,1479-6813,1,2020,Endocrinology & Metabolism,Endocrinology & Metabolism,J MOL ENDOCRINOL,26,21,36,36,15,10,11,38,0.7222222222222222,0.5833333333333334,0.9473684210526316,0.4166666666666667,0.2777777777777778,0.3055555555555556
Journal of Molecular Endocrinology,2021,1479-6813,1,2020,Endocrinology & Metabolism,Endocrinology & Metabolism,J MOL ENDOCRINOL,16,48,49,49,1,33,15,49,0.3265306122448979,0.979591836734694,1.0,0.0204081632653061,0.673469387755102,0.3061224489795918
Journal of Molecular Endocrinology,2022,1479-6813,1,2020,Endocrinology & Metabolism,Endocrinology & Metabolism,J MOL ENDOCRINOL,6,23,24,24,1,18,5,27,0.25,0.9583333333333334,0.8888888888888888,0.0416666666666666,0.75,0.2083333333333333
Journal of Molecular Endocrinology,2023,1479-6813,1,2020,Endocrinology & Metabolism,Endocrinology & Metabolism,J MOL ENDOCRINOL,10,36,37,37,1,27,9,40,0.2702702702702703,0.972972972972973,0.925,0.027027027027027,0.7297297297297297,0.2432432432432432
Journal of Molecular Endocrinology,2024,1479-6813,1,2020,Endocrinology & Metabolism,Endocrinology & Metabolism,J MOL ENDOCRINOL,9,16,19,19,3,10,6,21,0.4736842105263157,0.8421052631578947,0.9047619047619048,0.1578947368421052,0.5263157894736842,0.3157894736842105
Journal of Molecular Endocrinology,2025,1479-6813,1,2020,Endocrinology & Metabolism,Endocrinology & Metabolism,J MOL ENDOCRINOL,12,25,30,30,5,18,7,30,0.4,0.8333333333333334,1.0,0.1666666666666666,0.6,0.2333333333333333
Journal of Molecular and Cellular Cardiology,2010,1095-8584,1,2021,Cardiac & Cardiovascular Systems,Cardiac & Cardiovascular Systems; Cell Biology,J MOL CELL CARDIOL,177,27,181,181,154,4,23,196,0.9779005524861878,0.149171270718232,0.923469387755102,0.850828729281768,0.0220994475138121,0.1270718232044199
Journal of Molecular and Cellular Cardiology,2011,1095-8584,1,2021,Cardiac & Cardiovascular Systems,Cardiac & Cardiovascular Systems; Cell Biology,J MOL CELL CARDIOL,151,21,153,153,132,2,19,162,0.9869281045751634,0.1372549019607843,0.9444444444444444,0.8627450980392157,0.0130718954248366,0.1241830065359477
Journal of Molecular and Cellular Cardiology,2012,1095-8584,1,2021,Cardiac & Cardiovascular Systems,Cardiac & Cardiovascular Systems; Cell Biology,J MOL CELL CARDIOL,168,31,173,173,142,5,26,176,0.9710982658959536,0.1791907514450867,0.9829545454545454,0.8208092485549133,0.0289017341040462,0.1502890173410404
Journal of Molecular and Cellular Cardiology,2013,1095-8584,1,2021,Cardiac & Cardiovascular Systems,Cardiac & Cardiovascular Systems; Cell Biology,J MOL CELL CARDIOL,154,21,155,155,134,1,20,160,0.9935483870967742,0.1354838709677419,0.96875,0.864516129032258,0.0064516129032258,0.1290322580645161
Journal of Molecular and Cellular Cardiology,2014,1095-8584,1,2021,Cardiac & Cardiovascular Systems,Cardiac & Cardiovascular Systems; Cell Biology,J MOL CELL CARDIOL,161,44,168,168,124,7,37,176,0.9583333333333334,0.2619047619047619,0.9545454545454546,0.7380952380952381,0.0416666666666666,0.2202380952380952
Journal of Molecular and Cellular Cardiology,2015,1095-8584,1,2021,Cardiac & Cardiovascular Systems,Cardiac & Cardiovascular Systems; Cell Biology,J MOL CELL CARDIOL,199,48,207,207,159,8,40,215,0.961352657004831,0.2318840579710145,0.9627906976744186,0.7681159420289855,0.038647342995169,0.1932367149758454
Journal of Molecular and Cellular Cardiology,2016,1095-8584,1,2021,Cardiac & Cardiovascular Systems,Cardiac & Cardiovascular Systems; Cell Biology,J MOL CELL CARDIOL,136,27,138,138,111,2,25,154,0.9855072463768116,0.1956521739130435,0.8961038961038961,0.8043478260869565,0.0144927536231884,0.181159420289855
Journal of Molecular and Cellular Cardiology,2017,1095-8584,1,2021,Cardiac & Cardiovascular Systems,Cardiac & Cardiovascular Systems; Cell Biology,J MOL CELL CARDIOL,94,32,98,98,66,4,28,106,0.9591836734693876,0.3265306122448979,0.9245283018867924,0.673469387755102,0.0408163265306122,0.2857142857142857
Journal of Molecular and Cellular Cardiology,2018,1095-8584,1,2021,Cardiac & Cardiovascular Systems,Cardiac & Cardiovascular Systems; Cell Biology,J MOL CELL CARDIOL,167,69,184,184,115,17,52,188,0.907608695652174,0.375,0.9787234042553192,0.625,0.092391304347826,0.2826086956521739
Journal of Molecular and Cellular Cardiology,2019,1095-8584,1,2021,Cardiac & Cardiovascular Systems,Cardiac & Cardiovascular Systems; Cell Biology,J MOL CELL CARDIOL,152,97,181,181,84,29,68,186,0.8397790055248618,0.5359116022099447,0.9731182795698924,0.4640883977900552,0.1602209944751381,0.3756906077348066
Journal of Molecular and Cellular Cardiology,2020,1095-8584,1,2021,Cardiac & Cardiovascular Systems,Cardiac & Cardiovascular Systems; Cell Biology,J MOL CELL CARDIOL,91,84,123,123,39,32,52,133,0.7398373983739838,0.6829268292682927,0.924812030075188,0.3170731707317073,0.2601626016260163,0.4227642276422764
Journal of Molecular and Cellular Cardiology,2021,1095-8584,1,2021,Cardiac & Cardiovascular Systems,Cardiac & Cardiovascular Systems; Cell Biology,J MOL CELL CARDIOL,47,82,96,96,14,49,33,105,0.4895833333333333,0.8541666666666666,0.9142857142857144,0.1458333333333333,0.5104166666666666,0.34375
Journal of Molecular and Cellular Cardiology,2022,1095-8584,1,2021,Cardiac & Cardiovascular Systems,Cardiac & Cardiovascular Systems; Cell Biology,J MOL CELL CARDIOL,37,84,93,93,9,56,28,97,0.3978494623655914,0.9032258064516128,0.9587628865979382,0.0967741935483871,0.6021505376344086,0.3010752688172043
Journal of Molecular and Cellular Cardiology,2023,1095-8584,1,2021,Cardiac & Cardiovascular Systems,Cardiac & Cardiovascular Systems; Cell Biology,J MOL CELL CARDIOL,25,65,66,66,1,41,24,70,0.3787878787878788,0.9848484848484848,0.9428571428571428,0.0151515151515151,0.6212121212121212,0.3636363636363636
Journal of Molecular and Cellular Cardiology,2024,1095-8584,1,2021,Cardiac & Cardiovascular Systems,Cardiac & Cardiovascular Systems; Cell Biology,J MOL CELL CARDIOL,28,79,81,81,2,53,26,88,0.345679012345679,0.9753086419753086,0.9204545454545454,0.0246913580246913,0.654320987654321,0.3209876543209876
Journal of Molecular and Cellular Cardiology,2025,1095-8584,1,2021,Cardiac & Cardiovascular Systems,Cardiac & Cardiovascular Systems; Cell Biology,J MOL CELL CARDIOL,31,79,84,84,5,53,26,86,0.369047619047619,0.9404761904761904,0.9767441860465116,0.0595238095238095,0.6309523809523809,0.3095238095238095
Journal of Neuroinflammation,2010,1742-2094,0,,Neurosciences,Immunology; Neurosciences,J NEUROINFLAMM,77,16,84,84,68,7,9,88,0.9166666666666666,0.1904761904761904,0.9545454545454546,0.8095238095238095,0.0833333333333333,0.1071428571428571
Journal of Neuroinflammation,2011,1742-2094,0,,Neurosciences,Immunology; Neurosciences,J NEUROINFLAMM,147,38,162,162,124,15,23,173,0.9074074074074074,0.2345679012345679,0.9364161849710982,0.7654320987654321,0.0925925925925925,0.1419753086419753
Journal of Neuroinflammation,2012,1742-2094,0,,Neurosciences,Immunology; Neurosciences,J NEUROINFLAMM,230,54,243,243,189,13,41,260,0.9465020576131687,0.2222222222222222,0.9346153846153846,0.7777777777777778,0.0534979423868312,0.1687242798353909
Journal of Neuroinflammation,2013,1742-2094,0,,Neurosciences,Immunology; Neurosciences,J NEUROINFLAMM,121,37,128,128,91,7,30,135,0.9453125,0.2890625,0.9481481481481482,0.7109375,0.0546875,0.234375
Journal of Neuroinflammation,2014,1742-2094,0,,Neurosciences,Immunology; Neurosciences,J NEUROINFLAMM,169,58,187,187,129,18,40,198,0.9037433155080212,0.3101604278074866,0.9444444444444444,0.6898395721925134,0.0962566844919786,0.213903743315508
Journal of Neuroinflammation,2015,1742-2094,0,,Neurosciences,Immunology; Neurosciences,J NEUROINFLAMM,196,63,211,211,148,15,48,223,0.9289099526066352,0.2985781990521327,0.9461883408071748,0.7014218009478673,0.0710900473933649,0.2274881516587677
Journal of Neuroinflammation,2016,1742-2094,0,,Neurosciences,Immunology; Neurosciences,J NEUROINFLAMM,244,96,266,266,170,22,74,280,0.9172932330827068,0.3609022556390977,0.95,0.6390977443609023,0.0827067669172932,0.2781954887218045
Journal of Neuroinflammation,2017,1742-2094,0,,Neurosciences,Immunology; Neurosciences,J NEUROINFLAMM,205,81,233,233,152,28,53,242,0.8798283261802575,0.3476394849785407,0.962809917355372,0.6523605150214592,0.1201716738197424,0.2274678111587982
Journal of Neuroinflammation,2018,1742-2094,0,,Neurosciences,Immunology; Neurosciences,J NEUROINFLAMM,263,134,307,307,173,44,90,319,0.8566775244299675,0.4364820846905538,0.962382445141066,0.5635179153094463,0.1433224755700325,0.2931596091205212
Journal of Neuroinflammation,2019,1742-2094,0,,Neurosciences,Immunology; Neurosciences,J NEUROINFLAMM,194,132,239,239,107,45,87,251,0.8117154811715481,0.5523012552301255,0.952191235059761,0.4476987447698745,0.1882845188284518,0.3640167364016736
Journal of Neuroinflammation,2020,1742-2094,0,,Neurosciences,Immunology; Neurosciences,J NEUROINFLAMM,233,179,322,322,143,89,90,333,0.7236024844720497,0.5559006211180124,0.9669669669669668,0.4440993788819876,0.2763975155279503,0.2795031055900621
Journal of Neuroinflammation,2021,1742-2094,0,,Neurosciences,Immunology; Neurosciences,J NEUROINFLAMM,178,189,269,269,80,91,98,280,0.6617100371747212,0.7026022304832714,0.9607142857142856,0.2973977695167286,0.3382899628252788,0.3643122676579926
Journal of Neuroinflammation,2022,1742-2094,0,,Neurosciences,Immunology; Neurosciences,J NEUROINFLAMM,138,216,265,265,49,127,89,277,0.5207547169811321,0.8150943396226416,0.9566787003610108,0.1849056603773584,0.4792452830188679,0.3358490566037735
Journal of Neuroinflammation,2023,1742-2094,0,,Neurosciences,Immunology; Neurosciences,J NEUROINFLAMM,132,235,273,273,38,141,94,279,0.4835164835164835,0.8608058608058609,0.978494623655914,0.1391941391941392,0.5164835164835165,0.3443223443223443
Journal of Neuroinflammation,2024,1742-2094,0,,Neurosciences,Immunology; Neurosciences,J NEUROINFLAMM,105,271,285,285,14,180,91,290,0.3684210526315789,0.950877192982456,0.9827586206896552,0.0491228070175438,0.631578947368421,0.3192982456140351
Journal of Neuroinflammation,2025,1742-2094,0,,Neurosciences,Immunology; Neurosciences,J NEUROINFLAMM,108,281,290,290,9,182,99,294,0.3724137931034483,0.9689655172413794,0.9863945578231292,0.0310344827586206,0.6275862068965518,0.3413793103448276
Journal of Neurophysiology,2010,1522-1598,1,2017,Physiology,Neurosciences; Physiology,J NEUROPHYSIOL,347,251,486,486,235,139,112,615,0.7139917695473251,0.5164609053497943,0.7902439024390244,0.4835390946502058,0.2860082304526748,0.2304526748971193
Journal of Neurophysiology,2011,1522-1598,1,2017,Physiology,Neurosciences; Physiology,J NEUROPHYSIOL,317,234,413,413,179,96,138,526,0.7675544794188862,0.5665859564164649,0.785171102661597,0.4334140435835351,0.2324455205811138,0.3341404358353511
Journal of Neurophysiology,2012,1522-1598,1,2017,Physiology,Neurosciences; Physiology,J NEUROPHYSIOL,356,241,461,461,220,105,136,582,0.7722342733188721,0.5227765726681128,0.7920962199312714,0.4772234273318872,0.227765726681128,0.2950108459869848
Journal of Neurophysiology,2013,1522-1598,1,2017,Physiology,Neurosciences; Physiology,J NEUROPHYSIOL,298,238,414,414,176,116,122,514,0.7198067632850241,0.5748792270531401,0.8054474708171206,0.4251207729468599,0.2801932367149758,0.2946859903381642
Journal of Neurophysiology,2014,1522-1598,1,2017,Physiology,Neurosciences; Physiology,J NEUROPHYSIOL,279,213,384,384,171,105,108,484,0.7265625,0.5546875,0.7933884297520661,0.4453125,0.2734375,0.28125
Journal of Neurophysiology,2015,1522-1598,1,2017,Physiology,Neurosciences; Physiology,J NEUROPHYSIOL,340,264,468,468,204,128,136,602,0.7264957264957265,0.5641025641025641,0.7774086378737541,0.4358974358974359,0.2735042735042735,0.2905982905982906
Journal of Neurophysiology,2016,1522-1598,1,2017,Physiology,Neurosciences; Physiology,J NEUROPHYSIOL,268,212,369,369,157,101,111,476,0.7262872628726287,0.5745257452574526,0.7752100840336135,0.4254742547425474,0.2737127371273712,0.3008130081300813
Journal of Neurophysiology,2017,1522-1598,1,2017,Physiology,Neurosciences; Physiology,J NEUROPHYSIOL,203,224,327,327,103,124,100,418,0.6207951070336392,0.6850152905198776,0.7822966507177034,0.3149847094801223,0.3792048929663608,0.3058103975535168
Journal of Neurophysiology,2018,1522-1598,1,2017,Physiology,Neurosciences; Physiology,J NEUROPHYSIOL,180,189,299,299,110,119,70,402,0.6020066889632107,0.6321070234113713,0.7437810945273632,0.3678929765886287,0.3979933110367893,0.2341137123745819
Journal of Neurophysiology,2019,1522-1598,1,2017,Physiology,Neurosciences; Physiology,J NEUROPHYSIOL,153,203,274,274,71,121,82,350,0.5583941605839416,0.7408759124087592,0.7828571428571428,0.2591240875912409,0.4416058394160584,0.2992700729927007
Journal of Neurophysiology,2020,1522-1598,1,2017,Physiology,Neurosciences; Physiology,J NEUROPHYSIOL,130,228,268,268,40,138,90,326,0.4850746268656716,0.8507462686567164,0.8220858895705522,0.1492537313432835,0.5149253731343284,0.3358208955223881
Journal of Neurophysiology,2021,1522-1598,1,2017,Physiology,Neurosciences; Physiology,J NEUROPHYSIOL,97,219,253,253,34,156,63,308,0.383399209486166,0.8656126482213439,0.8214285714285714,0.1343873517786561,0.616600790513834,0.2490118577075099
Journal of Neurophysiology,2022,1522-1598,1,2017,Physiology,Neurosciences; Physiology,J NEUROPHYSIOL,65,174,192,192,18,127,47,242,0.3385416666666667,0.90625,0.7933884297520661,0.09375,0.6614583333333334,0.2447916666666666
Journal of Neurophysiology,2023,1522-1598,1,2017,Physiology,Neurosciences; Physiology,J NEUROPHYSIOL,62,165,190,190,25,128,37,231,0.3263157894736842,0.868421052631579,0.8225108225108225,0.131578947368421,0.6736842105263158,0.1947368421052631
Journal of Neurophysiology,2024,1522-1598,1,2017,Physiology,Neurosciences; Physiology,J NEUROPHYSIOL,63,164,184,184,20,121,43,237,0.3423913043478261,0.8913043478260869,0.7763713080168776,0.108695652173913,0.657608695652174,0.233695652173913
Journal of Neurophysiology,2025,1522-1598,1,2017,Physiology,Neurosciences; Physiology,J NEUROPHYSIOL,61,214,239,239,25,178,36,291,0.2552301255230125,0.895397489539749,0.8213058419243986,0.104602510460251,0.7447698744769874,0.1506276150627615
Journal of Nuclear Cardiology,2010,1532-6551,0,,Cardiac & Cardiovascular Systems,"Cardiac & Cardiovascular Systems; Radiology, Nuclear Medicine & Medical Imaging",J NUCL CARDIOL,21,13,29,29,16,8,5,64,0.7241379310344828,0.4482758620689655,0.453125,0.5517241379310345,0.2758620689655172,0.1724137931034483
Journal of Nuclear Cardiology,2011,1532-6551,0,,Cardiac & Cardiovascular Systems,"Cardiac & Cardiovascular Systems; Radiology, Nuclear Medicine & Medical Imaging",J NUCL CARDIOL,15,9,23,23,14,8,1,66,0.6521739130434783,0.391304347826087,0.3484848484848485,0.6086956521739131,0.3478260869565217,0.0434782608695652
Journal of Nuclear Cardiology,2012,1532-6551,0,,Cardiac & Cardiovascular Systems,"Cardiac & Cardiovascular Systems; Radiology, Nuclear Medicine & Medical Imaging",J NUCL CARDIOL,21,9,29,29,20,8,1,73,0.7241379310344828,0.3103448275862069,0.3972602739726027,0.6896551724137931,0.2758620689655172,0.0344827586206896
Journal of Nuclear Cardiology,2013,1532-6551,0,,Cardiac & Cardiovascular Systems,"Cardiac & Cardiovascular Systems; Radiology, Nuclear Medicine & Medical Imaging",J NUCL CARDIOL,13,11,22,22,11,9,2,65,0.5909090909090909,0.5,0.3384615384615385,0.5,0.4090909090909091,0.0909090909090909
Journal of Nuclear Cardiology,2014,1532-6551,0,,Cardiac & Cardiovascular Systems,"Cardiac & Cardiovascular Systems; Radiology, Nuclear Medicine & Medical Imaging",J NUCL CARDIOL,22,15,32,32,17,10,5,78,0.6875,0.46875,0.4102564102564102,0.53125,0.3125,0.15625
Journal of Nuclear Cardiology,2015,1532-6551,0,,Cardiac & Cardiovascular Systems,"Cardiac & Cardiovascular Systems; Radiology, Nuclear Medicine & Medical Imaging",J NUCL CARDIOL,15,10,23,23,13,8,2,49,0.6521739130434783,0.4347826086956521,0.4693877551020408,0.5652173913043478,0.3478260869565217,0.0869565217391304
Journal of Nuclear Cardiology,2016,1532-6551,0,,Cardiac & Cardiovascular Systems,"Cardiac & Cardiovascular Systems; Radiology, Nuclear Medicine & Medical Imaging",J NUCL CARDIOL,9,9,17,17,8,8,1,59,0.5294117647058824,0.5294117647058824,0.288135593220339,0.4705882352941176,0.4705882352941176,0.0588235294117647
Journal of Nuclear Cardiology,2017,1532-6551,0,,Cardiac & Cardiovascular Systems,"Cardiac & Cardiovascular Systems; Radiology, Nuclear Medicine & Medical Imaging",J NUCL CARDIOL,18,21,35,35,14,17,4,89,0.5142857142857142,0.6,0.3932584269662921,0.4,0.4857142857142857,0.1142857142857142
Journal of Nuclear Cardiology,2018,1532-6551,0,,Cardiac & Cardiovascular Systems,"Cardiac & Cardiovascular Systems; Radiology, Nuclear Medicine & Medical Imaging",J NUCL CARDIOL,25,20,40,40,20,15,5,105,0.625,0.5,0.3809523809523809,0.5,0.375,0.125
Journal of Nuclear Cardiology,2019,1532-6551,0,,Cardiac & Cardiovascular Systems,"Cardiac & Cardiovascular Systems; Radiology, Nuclear Medicine & Medical Imaging",J NUCL CARDIOL,16,21,35,35,14,19,2,95,0.4571428571428571,0.6,0.3684210526315789,0.4,0.5428571428571428,0.0571428571428571
Journal of Nuclear Cardiology,2020,1532-6551,0,,Cardiac & Cardiovascular Systems,"Cardiac & Cardiovascular Systems; Radiology, Nuclear Medicine & Medical Imaging",J NUCL CARDIOL,31,32,57,57,25,26,6,127,0.543859649122807,0.5614035087719298,0.4488188976377952,0.4385964912280701,0.4561403508771929,0.1052631578947368
Journal of Nuclear Cardiology,2021,1532-6551,0,,Cardiac & Cardiovascular Systems,"Cardiac & Cardiovascular Systems; Radiology, Nuclear Medicine & Medical Imaging",J NUCL CARDIOL,41,57,84,84,27,43,14,163,0.4880952380952381,0.6785714285714286,0.5153374233128835,0.3214285714285714,0.5119047619047619,0.1666666666666666
Journal of Nuclear Cardiology,2022,1532-6551,0,,Cardiac & Cardiovascular Systems,"Cardiac & Cardiovascular Systems; Radiology, Nuclear Medicine & Medical Imaging",J NUCL CARDIOL,38,67,95,95,28,57,10,206,0.4,0.7052631578947368,0.4611650485436893,0.2947368421052631,0.6,0.1052631578947368
Journal of Nuclear Cardiology,2023,1532-6551,0,,Cardiac & Cardiovascular Systems,"Cardiac & Cardiovascular Systems; Radiology, Nuclear Medicine & Medical Imaging",J NUCL CARDIOL,30,60,82,82,22,52,8,153,0.3658536585365853,0.7317073170731707,0.5359477124183006,0.2682926829268293,0.6341463414634146,0.0975609756097561
Journal of Nuclear Cardiology,2024,1532-6551,0,,Cardiac & Cardiovascular Systems,"Cardiac & Cardiovascular Systems; Radiology, Nuclear Medicine & Medical Imaging",J NUCL CARDIOL,7,17,23,23,6,16,1,38,0.3043478260869565,0.7391304347826086,0.6052631578947368,0.2608695652173913,0.6956521739130435,0.0434782608695652
Journal of Nuclear Cardiology,2025,1532-6551,0,,Cardiac & Cardiovascular Systems,"Cardiac & Cardiovascular Systems; Radiology, Nuclear Medicine & Medical Imaging",J NUCL CARDIOL,5,9,14,14,5,9,0,25,0.3571428571428571,0.6428571428571429,0.56,0.3571428571428571,0.6428571428571429,0.0
Journal of Orthopaedic Translation,2014,2214-031X,0,,Orthopedics,Orthopedics,J ORTHOP TRANSL,1,0,1,1,1,0,0,2,1.0,0.0,0.5,1.0,0.0,0.0
Journal of Orthopaedic Translation,2015,2214-031X,0,,Orthopedics,Orthopedics,J ORTHOP TRANSL,4,2,5,5,3,1,1,14,0.8,0.4,0.3571428571428571,0.6,0.2,0.2
Journal of Orthopaedic Translation,2016,2214-031X,0,,Orthopedics,Orthopedics,J ORTHOP TRANSL,10,2,11,11,9,1,1,18,0.9090909090909092,0.1818181818181818,0.6111111111111112,0.8181818181818182,0.0909090909090909,0.0909090909090909
Journal of Orthopaedic Translation,2017,2214-031X,0,,Orthopedics,Orthopedics,J ORTHOP TRANSL,9,3,12,12,9,3,0,22,0.75,0.25,0.5454545454545454,0.75,0.25,0.0
Journal of Orthopaedic Translation,2018,2214-031X,0,,Orthopedics,Orthopedics,J ORTHOP TRANSL,10,6,14,14,8,4,2,24,0.7142857142857143,0.4285714285714285,0.5833333333333334,0.5714285714285714,0.2857142857142857,0.1428571428571428
Journal of Orthopaedic Translation,2019,2214-031X,0,,Orthopedics,Orthopedics,J ORTHOP TRANSL,25,7,28,28,21,3,4,45,0.8928571428571429,0.25,0.6222222222222222,0.75,0.1071428571428571,0.1428571428571428
Journal of Orthopaedic Translation,2020,2214-031X,0,,Orthopedics,Orthopedics,J ORTHOP TRANSL,35,21,45,45,24,10,11,75,0.7777777777777778,0.4666666666666667,0.6,0.5333333333333333,0.2222222222222222,0.2444444444444444
Journal of Orthopaedic Translation,2021,2214-031X,0,,Orthopedics,Orthopedics,J ORTHOP TRANSL,52,22,62,62,40,10,12,84,0.8387096774193549,0.3548387096774194,0.7380952380952381,0.6451612903225806,0.1612903225806451,0.1935483870967742
Journal of Orthopaedic Translation,2022,2214-031X,0,,Orthopedics,Orthopedics,J ORTHOP TRANSL,44,33,56,56,23,12,21,68,0.7857142857142857,0.5892857142857143,0.8235294117647058,0.4107142857142857,0.2142857142857142,0.375
Journal of Orthopaedic Translation,2023,2214-031X,0,,Orthopedics,Orthopedics,J ORTHOP TRANSL,47,39,60,60,21,13,26,64,0.7833333333333333,0.65,0.9375,0.35,0.2166666666666666,0.4333333333333333
Journal of Orthopaedic Translation,2024,2214-031X,0,,Orthopedics,Orthopedics,J ORTHOP TRANSL,53,60,77,77,17,24,36,84,0.6883116883116883,0.7792207792207793,0.9166666666666666,0.2207792207792207,0.3116883116883117,0.4675324675324675
Journal of Orthopaedic Translation,2025,2214-031X,0,,Orthopedics,Orthopedics,J ORTHOP TRANSL,61,72,95,95,23,34,38,105,0.6421052631578947,0.7578947368421053,0.9047619047619048,0.2421052631578947,0.3578947368421052,0.4
Journal of Physiological Anthropology,2010,1880-6805,0,,Physiology,Physiology,J PHYSIOL ANTHROPOL,6,2,8,8,6,2,0,21,0.75,0.25,0.3809523809523809,0.75,0.25,0.0
Journal of Physiological Anthropology,2011,1880-6805,0,,Physiology,Physiology,J PHYSIOL ANTHROPOL,13,1,14,14,13,1,0,29,0.9285714285714286,0.0714285714285714,0.4827586206896552,0.9285714285714286,0.0714285714285714,0.0
Journal of Physiological Anthropology,2012,1880-6805,0,,Physiology,Physiology,J PHYSIOL ANTHROPOL,7,4,10,10,6,3,1,23,0.7,0.4,0.4347826086956521,0.6,0.3,0.1
Journal of Physiological Anthropology,2013,1880-6805,0,,Physiology,Physiology,J PHYSIOL ANTHROPOL,7,3,9,9,6,2,1,22,0.7777777777777778,0.3333333333333333,0.4090909090909091,0.6666666666666666,0.2222222222222222,0.1111111111111111
Journal of Physiological Anthropology,2014,1880-6805,0,,Physiology,Physiology,J PHYSIOL ANTHROPOL,14,1,14,14,13,0,1,33,1.0,0.0714285714285714,0.4242424242424242,0.9285714285714286,0.0,0.0714285714285714
Journal of Physiological Anthropology,2015,1880-6805,0,,Physiology,Physiology,J PHYSIOL ANTHROPOL,14,2,15,15,13,1,1,35,0.9333333333333332,0.1333333333333333,0.4285714285714285,0.8666666666666667,0.0666666666666666,0.0666666666666666
Journal of Physiological Anthropology,2016,1880-6805,0,,Physiology,Physiology,J PHYSIOL ANTHROPOL,12,2,13,13,11,1,1,31,0.9230769230769232,0.1538461538461538,0.4193548387096774,0.8461538461538461,0.0769230769230769,0.0769230769230769
Journal of Physiological Anthropology,2017,1880-6805,0,,Physiology,Physiology,J PHYSIOL ANTHROPOL,10,7,16,16,9,6,1,32,0.625,0.4375,0.5,0.5625,0.375,0.0625
Journal of Physiological Anthropology,2018,1880-6805,0,,Physiology,Physiology,J PHYSIOL ANTHROPOL,11,4,13,13,9,2,2,25,0.8461538461538461,0.3076923076923077,0.52,0.6923076923076923,0.1538461538461538,0.1538461538461538
Journal of Physiological Anthropology,2019,1880-6805,0,,Physiology,Physiology,J PHYSIOL ANTHROPOL,5,1,5,5,4,0,1,12,1.0,0.2,0.4166666666666667,0.8,0.0,0.2
Journal of Physiological Anthropology,2020,1880-6805,0,,Physiology,Physiology,J PHYSIOL ANTHROPOL,10,3,12,12,9,2,1,35,0.8333333333333334,0.25,0.3428571428571428,0.75,0.1666666666666666,0.0833333333333333
Journal of Physiological Anthropology,2021,1880-6805,0,,Physiology,Physiology,J PHYSIOL ANTHROPOL,4,4,7,7,3,3,1,17,0.5714285714285714,0.5714285714285714,0.4117647058823529,0.4285714285714285,0.4285714285714285,0.1428571428571428
Journal of Physiological Anthropology,2022,1880-6805,0,,Physiology,Physiology,J PHYSIOL ANTHROPOL,12,9,18,18,9,6,3,34,0.6666666666666666,0.5,0.5294117647058824,0.5,0.3333333333333333,0.1666666666666666
Journal of Physiological Anthropology,2023,1880-6805,0,,Physiology,Physiology,J PHYSIOL ANTHROPOL,9,4,11,11,7,2,2,23,0.8181818181818182,0.3636363636363636,0.4782608695652174,0.6363636363636364,0.1818181818181818,0.1818181818181818
Journal of Physiological Anthropology,2024,1880-6805,0,,Physiology,Physiology,J PHYSIOL ANTHROPOL,8,5,13,13,8,5,0,29,0.6153846153846154,0.3846153846153846,0.4482758620689655,0.6153846153846154,0.3846153846153846,0.0
Journal of Physiological Anthropology,2025,1880-6805,0,,Physiology,Physiology,J PHYSIOL ANTHROPOL,9,6,13,13,7,4,2,30,0.6923076923076923,0.4615384615384615,0.4333333333333333,0.5384615384615384,0.3076923076923077,0.1538461538461538
Journal of Physiological Sciences,2010,1880-6562,0,,Physiology,Physiology,J PHYSIOL SCI,31,6,33,33,27,2,4,50,0.9393939393939394,0.1818181818181818,0.66,0.8181818181818182,0.0606060606060606,0.1212121212121212
Journal of Physiological Sciences,2011,1880-6562,0,,Physiology,Physiology,J PHYSIOL SCI,40,9,43,43,34,3,6,58,0.9302325581395348,0.2093023255813953,0.7413793103448276,0.7906976744186046,0.0697674418604651,0.1395348837209302
Journal of Physiological Sciences,2012,1880-6562,0,,Physiology,Physiology,J PHYSIOL SCI,30,2,30,30,28,0,2,42,1.0,0.0666666666666666,0.7142857142857143,0.9333333333333332,0.0,0.0666666666666666
Journal of Physiological Sciences,2013,1880-6562,0,,Physiology,Physiology,J PHYSIOL SCI,32,8,36,36,28,4,4,47,0.8888888888888888,0.2222222222222222,0.7659574468085106,0.7777777777777778,0.1111111111111111,0.1111111111111111
Journal of Physiological Sciences,2014,1880-6562,0,,Physiology,Physiology,J PHYSIOL SCI,37,2,39,39,37,2,0,44,0.9487179487179488,0.0512820512820512,0.8863636363636364,0.9487179487179488,0.0512820512820512,0.0
Journal of Physiological Sciences,2015,1880-6562,0,,Physiology,Physiology,J PHYSIOL SCI,35,4,38,38,34,3,1,51,0.9210526315789472,0.1052631578947368,0.7450980392156863,0.8947368421052632,0.0789473684210526,0.0263157894736842
Journal of Physiological Sciences,2016,1880-6562,0,,Physiology,Physiology,J PHYSIOL SCI,19,4,20,20,16,1,3,30,0.95,0.2,0.6666666666666666,0.8,0.05,0.15
Journal of Physiological Sciences,2017,1880-6562,0,,Physiology,Physiology,J PHYSIOL SCI,37,6,40,40,34,3,3,50,0.925,0.15,0.8,0.85,0.075,0.075
Journal of Physiological Sciences,2018,1880-6562,0,,Physiology,Physiology,J PHYSIOL SCI,57,12,58,58,46,1,11,70,0.9827586206896552,0.2068965517241379,0.8285714285714286,0.7931034482758621,0.0172413793103448,0.1896551724137931
Journal of Physiological Sciences,2019,1880-6562,0,,Physiology,Physiology,J PHYSIOL SCI,67,23,75,75,52,8,15,87,0.8933333333333333,0.3066666666666666,0.8620689655172413,0.6933333333333334,0.1066666666666666,0.2
Journal of Physiological Sciences,2020,1880-6562,0,,Physiology,Physiology,J PHYSIOL SCI,31,12,36,36,24,5,7,46,0.8611111111111112,0.3333333333333333,0.782608695652174,0.6666666666666666,0.1388888888888889,0.1944444444444444
Journal of Physiological Sciences,2021,1880-6562,0,,Physiology,Physiology,J PHYSIOL SCI,23,18,29,29,11,6,12,33,0.7931034482758621,0.6206896551724138,0.8787878787878788,0.3793103448275862,0.2068965517241379,0.4137931034482758
Journal of Physiological Sciences,2022,1880-6562,0,,Physiology,Physiology,J PHYSIOL SCI,12,17,25,25,8,13,4,27,0.48,0.68,0.925925925925926,0.32,0.52,0.16
Journal of Physiological Sciences,2023,1880-6562,0,,Physiology,Physiology,J PHYSIOL SCI,11,13,22,22,9,11,2,27,0.5,0.5909090909090909,0.8148148148148148,0.4090909090909091,0.5,0.0909090909090909
Journal of Physiological Sciences,2024,1880-6562,0,,Physiology,Physiology,J PHYSIOL SCI,17,17,28,28,11,11,6,39,0.6071428571428571,0.6071428571428571,0.717948717948718,0.3928571428571428,0.3928571428571428,0.2142857142857142
Journal of Physiological Sciences,2025,1880-6562,0,,Physiology,Physiology,J PHYSIOL SCI,13,21,29,29,8,16,5,32,0.4482758620689655,0.7241379310344828,0.90625,0.2758620689655172,0.5517241379310345,0.1724137931034483
Journal of Physiology and Biochemistry,2010,1877-8755,0,,Physiology,Biochemistry & Molecular Biology; Physiology,J PHYSIOL BIOCHEM,25,2,26,26,24,1,1,39,0.9615384615384616,0.0769230769230769,0.6666666666666666,0.9230769230769232,0.0384615384615384,0.0384615384615384
Journal of Physiology and Biochemistry,2011,1877-8755,0,,Physiology,Biochemistry & Molecular Biology; Physiology,J PHYSIOL BIOCHEM,51,2,51,51,49,0,2,61,1.0,0.0392156862745098,0.8360655737704918,0.9607843137254902,0.0,0.0392156862745098
Journal of Physiology and Biochemistry,2012,1877-8755,0,,Physiology,Biochemistry & Molecular Biology; Physiology,J PHYSIOL BIOCHEM,46,8,51,51,43,5,3,62,0.9019607843137256,0.1568627450980392,0.8225806451612904,0.8431372549019608,0.0980392156862745,0.0588235294117647
Journal of Physiology and Biochemistry,2013,1877-8755,0,,Physiology,Biochemistry & Molecular Biology; Physiology,J PHYSIOL BIOCHEM,68,6,70,70,64,2,4,82,0.9714285714285714,0.0857142857142857,0.8536585365853658,0.9142857142857144,0.0285714285714285,0.0571428571428571
Journal of Physiology and Biochemistry,2014,1877-8755,0,,Physiology,Biochemistry & Molecular Biology; Physiology,J PHYSIOL BIOCHEM,72,13,75,75,62,3,10,87,0.96,0.1733333333333333,0.8620689655172413,0.8266666666666667,0.04,0.1333333333333333
Journal of Physiology and Biochemistry,2015,1877-8755,0,,Physiology,Biochemistry & Molecular Biology; Physiology,J PHYSIOL BIOCHEM,58,8,59,59,51,1,7,64,0.9830508474576272,0.135593220338983,0.921875,0.864406779661017,0.0169491525423728,0.1186440677966101
Journal of Physiology and Biochemistry,2016,1877-8755,0,,Physiology,Biochemistry & Molecular Biology; Physiology,J PHYSIOL BIOCHEM,65,13,69,69,56,4,9,76,0.9420289855072465,0.1884057971014492,0.9078947368421052,0.8115942028985508,0.0579710144927536,0.1304347826086956
Journal of Physiology and Biochemistry,2017,1877-8755,0,,Physiology,Biochemistry & Molecular Biology; Physiology,J PHYSIOL BIOCHEM,33,2,33,33,31,0,2,39,1.0,0.0606060606060606,0.8461538461538461,0.9393939393939394,0.0,0.0606060606060606
Journal of Physiology and Biochemistry,2018,1877-8755,0,,Physiology,Biochemistry & Molecular Biology; Physiology,J PHYSIOL BIOCHEM,48,11,50,50,39,2,9,59,0.96,0.22,0.847457627118644,0.78,0.04,0.18
Journal of Physiology and Biochemistry,2019,1877-8755,0,,Physiology,Biochemistry & Molecular Biology; Physiology,J PHYSIOL BIOCHEM,42,10,43,43,33,1,9,46,0.9767441860465116,0.2325581395348837,0.9347826086956522,0.7674418604651163,0.0232558139534883,0.2093023255813953
Journal of Physiology and Biochemistry,2020,1877-8755,0,,Physiology,Biochemistry & Molecular Biology; Physiology,J PHYSIOL BIOCHEM,35,6,37,37,31,2,4,40,0.945945945945946,0.1621621621621621,0.925,0.8378378378378378,0.054054054054054,0.1081081081081081
Journal of Physiology and Biochemistry,2021,1877-8755,0,,Physiology,Biochemistry & Molecular Biology; Physiology,J PHYSIOL BIOCHEM,38,10,41,41,31,3,7,44,0.926829268292683,0.2439024390243902,0.9318181818181818,0.7560975609756098,0.073170731707317,0.1707317073170731
Journal of Physiology and Biochemistry,2022,1877-8755,0,,Physiology,Biochemistry & Molecular Biology; Physiology,J PHYSIOL BIOCHEM,44,22,53,53,31,9,13,54,0.8301886792452831,0.4150943396226415,0.9814814814814816,0.5849056603773585,0.1698113207547169,0.2452830188679245
Journal of Physiology and Biochemistry,2023,1877-8755,0,,Physiology,Biochemistry & Molecular Biology; Physiology,J PHYSIOL BIOCHEM,39,21,46,46,25,7,14,49,0.8478260869565217,0.4565217391304347,0.9387755102040816,0.5434782608695652,0.1521739130434782,0.3043478260869565
Journal of Physiology and Biochemistry,2024,1877-8755,0,,Physiology,Biochemistry & Molecular Biology; Physiology,J PHYSIOL BIOCHEM,36,31,47,47,16,11,20,49,0.7659574468085106,0.6595744680851063,0.9591836734693876,0.3404255319148936,0.2340425531914893,0.425531914893617
Journal of Physiology and Biochemistry,2025,1877-8755,0,,Physiology,Biochemistry & Molecular Biology; Physiology,J PHYSIOL BIOCHEM,31,34,47,47,13,16,18,52,0.6595744680851063,0.723404255319149,0.903846153846154,0.2765957446808511,0.3404255319148936,0.3829787234042553
Journal of Physiology and Pharmacology,2018,0867-5910,0,,Physiology,Physiology,J PHYSIOL PHARMACOL,49,12,55,55,43,6,6,70,0.8909090909090909,0.2181818181818181,0.7857142857142857,0.7818181818181819,0.109090909090909,0.109090909090909
Journal of Physiology and Pharmacology,2019,0867-5910,0,,Physiology,Physiology,J PHYSIOL PHARMACOL,49,17,61,61,44,12,5,81,0.8032786885245902,0.2786885245901639,0.7530864197530864,0.7213114754098361,0.1967213114754098,0.081967213114754
Journal of Physiology and Pharmacology,2020,0867-5910,0,,Physiology,Physiology,J PHYSIOL PHARMACOL,48,20,60,60,40,12,8,81,0.8,0.3333333333333333,0.7407407407407407,0.6666666666666666,0.2,0.1333333333333333
Journal of Physiology and Pharmacology,2021,0867-5910,0,,Physiology,Physiology,J PHYSIOL PHARMACOL,51,22,62,62,40,11,11,80,0.8225806451612904,0.3548387096774194,0.775,0.6451612903225806,0.1774193548387097,0.1774193548387097
Journal of Physiology and Pharmacology,2022,0867-5910,0,,Physiology,Physiology,J PHYSIOL PHARMACOL,34,21,48,48,27,14,7,69,0.7083333333333334,0.4375,0.6956521739130435,0.5625,0.2916666666666667,0.1458333333333333
Journal of Physiology and Pharmacology,2023,0867-5910,0,,Physiology,Physiology,J PHYSIOL PHARMACOL,41,17,47,47,30,6,11,55,0.8723404255319149,0.3617021276595745,0.8545454545454545,0.6382978723404256,0.1276595744680851,0.2340425531914893
Journal of Physiology and Pharmacology,2024,0867-5910,0,,Physiology,Physiology,J PHYSIOL PHARMACOL,36,23,45,45,22,9,14,53,0.8,0.5111111111111111,0.8490566037735849,0.4888888888888889,0.2,0.3111111111111111
Journal of Physiology and Pharmacology,2025,0867-5910,0,,Physiology,Physiology,J PHYSIOL PHARMACOL,34,23,46,46,23,12,11,51,0.7391304347826086,0.5,0.9019607843137256,0.5,0.2608695652173913,0.2391304347826087
Journal of Physiology-London,2010,1469-7793,1,2019,Physiology,Neurosciences; Physiology,J PHYSIOL-LONDON,213,88,241,241,153,28,60,312,0.8838174273858921,0.3651452282157676,0.7724358974358975,0.6348547717842323,0.1161825726141078,0.2489626556016597
Journal of Physiology-London,2011,1469-7793,1,2019,Physiology,Neurosciences; Physiology,J PHYSIOL-LONDON,274,98,303,303,205,29,69,364,0.9042904290429042,0.3234323432343234,0.8324175824175825,0.6765676567656765,0.0957095709570957,0.2277227722772277
Journal of Physiology-London,2012,1469-7793,1,2019,Physiology,Neurosciences; Physiology,J PHYSIOL-LONDON,257,115,297,297,182,40,75,353,0.8653198653198653,0.3872053872053872,0.8413597733711048,0.6127946127946128,0.1346801346801346,0.2525252525252525
Journal of Physiology-London,2013,1469-7793,1,2019,Physiology,Neurosciences; Physiology,J PHYSIOL-LONDON,259,107,286,286,179,27,80,341,0.9055944055944056,0.3741258741258741,0.8387096774193549,0.6258741258741258,0.0944055944055944,0.2797202797202797
Journal of Physiology-London,2014,1469-7793,1,2019,Physiology,Neurosciences; Physiology,J PHYSIOL-LONDON,209,111,240,240,129,31,80,278,0.8708333333333333,0.4625,0.8633093525179856,0.5375,0.1291666666666666,0.3333333333333333
Journal of Physiology-London,2015,1469-7793,1,2019,Physiology,Neurosciences; Physiology,J PHYSIOL-LONDON,197,103,225,225,122,28,75,266,0.8755555555555555,0.4577777777777778,0.8458646616541353,0.5422222222222223,0.1244444444444444,0.3333333333333333
Journal of Physiology-London,2016,1469-7793,1,2019,Physiology,Neurosciences; Physiology,J PHYSIOL-LONDON,218,131,260,260,129,42,89,298,0.8384615384615385,0.5038461538461538,0.87248322147651,0.4961538461538461,0.1615384615384615,0.3423076923076923
Journal of Physiology-London,2017,1469-7793,1,2019,Physiology,Neurosciences; Physiology,J PHYSIOL-LONDON,248,154,306,306,152,58,96,346,0.8104575163398693,0.5032679738562091,0.884393063583815,0.4967320261437908,0.1895424836601307,0.3137254901960784
Journal of Physiology-London,2018,1469-7793,1,2019,Physiology,Neurosciences; Physiology,J PHYSIOL-LONDON,186,152,261,261,109,75,77,290,0.7126436781609196,0.5823754789272031,0.9,0.4176245210727969,0.2873563218390804,0.2950191570881226
Journal of Physiology-London,2019,1469-7793,1,2019,Physiology,Neurosciences; Physiology,J PHYSIOL-LONDON,163,184,264,264,80,101,83,290,0.6174242424242424,0.696969696969697,0.9103448275862068,0.303030303030303,0.3825757575757575,0.3143939393939394
Journal of Physiology-London,2020,1469-7793,1,2019,Physiology,Neurosciences; Physiology,J PHYSIOL-LONDON,84,209,227,227,18,143,66,265,0.3700440528634361,0.920704845814978,0.8566037735849057,0.079295154185022,0.6299559471365639,0.2907488986784141
Journal of Physiology-London,2021,1469-7793,1,2019,Physiology,Neurosciences; Physiology,J PHYSIOL-LONDON,68,191,203,203,12,135,56,232,0.334975369458128,0.9408866995073892,0.875,0.0591133004926108,0.6650246305418719,0.2758620689655172
Journal of Physiology-London,2022,1469-7793,1,2019,Physiology,Neurosciences; Physiology,J PHYSIOL-LONDON,42,167,171,171,4,129,38,208,0.2456140350877192,0.9766081871345028,0.8221153846153846,0.023391812865497,0.7543859649122807,0.2222222222222222
Journal of Physiology-London,2023,1469-7793,1,2019,Physiology,Neurosciences; Physiology,J PHYSIOL-LONDON,46,177,185,185,8,139,38,223,0.2486486486486486,0.9567567567567568,0.8295964125560538,0.0432432432432432,0.7513513513513513,0.2054054054054054
Journal of Physiology-London,2024,1469-7793,1,2019,Physiology,Neurosciences; Physiology,J PHYSIOL-LONDON,58,229,236,236,7,178,51,267,0.2457627118644068,0.9703389830508474,0.8838951310861424,0.0296610169491525,0.7542372881355932,0.2161016949152542
Journal of Physiology-London,2025,1469-7793,1,2019,Physiology,Neurosciences; Physiology,J PHYSIOL-LONDON,97,349,356,356,7,259,90,395,0.2724719101123595,0.9803370786516854,0.9012658227848102,0.0196629213483146,0.7275280898876404,0.2528089887640449
Journal of Pineal Research,2010,0742-3098,0,,Endocrinology & Metabolism,Endocrinology & Metabolism; Neurosciences; Physiology,J PINEAL RES,62,5,64,64,59,2,3,76,0.96875,0.078125,0.8421052631578947,0.921875,0.03125,0.046875
Journal of Pineal Research,2011,0742-3098,0,,Endocrinology & Metabolism,Endocrinology & Metabolism; Neurosciences; Physiology,J PINEAL RES,76,6,78,78,72,2,4,88,0.9743589743589745,0.0769230769230769,0.8863636363636364,0.9230769230769232,0.0256410256410256,0.0512820512820512
Journal of Pineal Research,2012,0742-3098,0,,Endocrinology & Metabolism,Endocrinology & Metabolism; Neurosciences; Physiology,J PINEAL RES,73,10,77,77,67,4,6,84,0.948051948051948,0.1298701298701298,0.9166666666666666,0.8701298701298701,0.0519480519480519,0.0779220779220779
Journal of Pineal Research,2013,0742-3098,0,,Endocrinology & Metabolism,Endocrinology & Metabolism; Neurosciences; Physiology,J PINEAL RES,77,8,78,78,70,1,7,84,0.9871794871794872,0.1025641025641025,0.9285714285714286,0.8974358974358975,0.0128205128205128,0.0897435897435897
Journal of Pineal Research,2014,0742-3098,0,,Endocrinology & Metabolism,Endocrinology & Metabolism; Neurosciences; Physiology,J PINEAL RES,71,11,71,71,60,0,11,78,1.0,0.1549295774647887,0.9102564102564102,0.8450704225352113,0.0,0.1549295774647887
Journal of Pineal Research,2015,0742-3098,0,,Endocrinology & Metabolism,Endocrinology & Metabolism; Neurosciences; Physiology,J PINEAL RES,70,6,72,72,66,2,4,77,0.9722222222222222,0.0833333333333333,0.935064935064935,0.9166666666666666,0.0277777777777777,0.0555555555555555
Journal of Pineal Research,2016,0742-3098,0,,Endocrinology & Metabolism,Endocrinology & Metabolism; Neurosciences; Physiology,J PINEAL RES,66,19,67,67,48,1,18,67,0.9850746268656716,0.2835820895522388,1.0,0.7164179104477612,0.0149253731343283,0.2686567164179104
Journal of Pineal Research,2017,0742-3098,0,,Endocrinology & Metabolism,Endocrinology & Metabolism; Neurosciences; Physiology,J PINEAL RES,60,12,60,60,48,0,12,61,1.0,0.2,0.9836065573770492,0.8,0.0,0.2
Journal of Pineal Research,2018,0742-3098,0,,Endocrinology & Metabolism,Endocrinology & Metabolism; Neurosciences; Physiology,J PINEAL RES,65,17,65,65,48,0,17,66,1.0,0.2615384615384615,0.9848484848484848,0.7384615384615385,0.0,0.2615384615384615
Journal of Pineal Research,2019,0742-3098,0,,Endocrinology & Metabolism,Endocrinology & Metabolism; Neurosciences; Physiology,J PINEAL RES,53,26,57,57,31,4,22,68,0.9298245614035088,0.4561403508771929,0.8382352941176471,0.543859649122807,0.0701754385964912,0.3859649122807017
Journal of Pineal Research,2020,0742-3098,0,,Endocrinology & Metabolism,Endocrinology & Metabolism; Neurosciences; Physiology,J PINEAL RES,37,19,46,46,27,9,10,53,0.8043478260869565,0.4130434782608695,0.8679245283018868,0.5869565217391305,0.1956521739130435,0.217391304347826
Journal of Pineal Research,2021,0742-3098,0,,Endocrinology & Metabolism,Endocrinology & Metabolism; Neurosciences; Physiology,J PINEAL RES,37,28,46,46,18,9,19,54,0.8043478260869565,0.6086956521739131,0.8518518518518519,0.391304347826087,0.1956521739130435,0.4130434782608695
Journal of Pineal Research,2022,0742-3098,0,,Endocrinology & Metabolism,Endocrinology & Metabolism; Neurosciences; Physiology,J PINEAL RES,27,25,39,39,14,12,13,46,0.6923076923076923,0.6410256410256411,0.8478260869565217,0.358974358974359,0.3076923076923077,0.3333333333333333
Journal of Pineal Research,2023,0742-3098,0,,Endocrinology & Metabolism,Endocrinology & Metabolism; Neurosciences; Physiology,J PINEAL RES,31,22,39,39,17,8,14,43,0.7948717948717948,0.5641025641025641,0.9069767441860463,0.4358974358974359,0.2051282051282051,0.358974358974359
Journal of Pineal Research,2024,0742-3098,0,,Endocrinology & Metabolism,Endocrinology & Metabolism; Neurosciences; Physiology,J PINEAL RES,39,50,65,65,15,26,24,71,0.6,0.7692307692307693,0.9154929577464788,0.2307692307692307,0.4,0.3692307692307692
Journal of Pineal Research,2025,0742-3098,0,,Endocrinology & Metabolism,Endocrinology & Metabolism; Neurosciences; Physiology,J PINEAL RES,35,34,49,49,15,14,20,58,0.7142857142857143,0.6938775510204082,0.8448275862068966,0.3061224489795918,0.2857142857142857,0.4081632653061224
Journal of Rheumatology,2010,1499-2752,1,2019,Rheumatology,Rheumatology,J RHEUMATOL,56,61,101,101,40,45,16,270,0.5544554455445545,0.6039603960396039,0.374074074074074,0.396039603960396,0.4455445544554455,0.1584158415841584
Journal of Rheumatology,2011,1499-2752,1,2019,Rheumatology,Rheumatology,J RHEUMATOL,51,35,78,78,43,27,8,243,0.6538461538461539,0.4487179487179487,0.3209876543209876,0.5512820512820513,0.3461538461538461,0.1025641025641025
Journal of Rheumatology,2012,1499-2752,1,2019,Rheumatology,Rheumatology,J RHEUMATOL,36,48,74,74,26,38,10,229,0.4864864864864865,0.6486486486486487,0.3231441048034934,0.3513513513513513,0.5135135135135135,0.1351351351351351
Journal of Rheumatology,2013,1499-2752,1,2019,Rheumatology,Rheumatology,J RHEUMATOL,34,35,64,64,29,30,5,199,0.53125,0.546875,0.321608040201005,0.453125,0.46875,0.078125
Journal of Rheumatology,2014,1499-2752,1,2019,Rheumatology,Rheumatology,J RHEUMATOL,43,37,72,72,35,29,8,228,0.5972222222222222,0.5138888888888888,0.3157894736842105,0.4861111111111111,0.4027777777777778,0.1111111111111111
Journal of Rheumatology,2015,1499-2752,1,2019,Rheumatology,Rheumatology,J RHEUMATOL,33,46,74,74,28,41,5,238,0.4459459459459459,0.6216216216216216,0.3109243697478991,0.3783783783783784,0.5540540540540541,0.0675675675675675
Journal of Rheumatology,2016,1499-2752,1,2019,Rheumatology,Rheumatology,J RHEUMATOL,36,29,58,58,29,22,7,209,0.6206896551724138,0.5,0.277511961722488,0.5,0.3793103448275862,0.1206896551724138
Journal of Rheumatology,2017,1499-2752,1,2019,Rheumatology,Rheumatology,J RHEUMATOL,28,31,53,53,22,25,6,191,0.5283018867924528,0.5849056603773585,0.2774869109947644,0.4150943396226415,0.4716981132075472,0.1132075471698113
Journal of Rheumatology,2018,1499-2752,1,2019,Rheumatology,Rheumatology,J RHEUMATOL,27,27,45,45,18,18,9,164,0.6,0.6,0.274390243902439,0.4,0.4,0.2
Journal of Rheumatology,2019,1499-2752,1,2019,Rheumatology,Rheumatology,J RHEUMATOL,16,19,30,30,11,14,5,157,0.5333333333333333,0.6333333333333333,0.1910828025477707,0.3666666666666666,0.4666666666666667,0.1666666666666666
Journal of Rheumatology,2020,1499-2752,1,2019,Rheumatology,Rheumatology,J RHEUMATOL,11,29,38,38,9,27,2,169,0.2894736842105263,0.7631578947368421,0.2248520710059171,0.2368421052631578,0.7105263157894737,0.0526315789473684
Journal of Rheumatology,2021,1499-2752,1,2019,Rheumatology,Rheumatology,J RHEUMATOL,21,22,41,41,19,20,2,179,0.5121951219512195,0.5365853658536586,0.2290502793296089,0.4634146341463415,0.4878048780487805,0.048780487804878
Journal of Rheumatology,2022,1499-2752,1,2019,Rheumatology,Rheumatology,J RHEUMATOL,16,15,28,28,13,12,3,130,0.5714285714285714,0.5357142857142857,0.2153846153846154,0.4642857142857143,0.4285714285714285,0.1071428571428571
Journal of Rheumatology,2023,1499-2752,1,2019,Rheumatology,Rheumatology,J RHEUMATOL,17,15,30,30,15,13,2,138,0.5666666666666667,0.5,0.217391304347826,0.5,0.4333333333333333,0.0666666666666666
Journal of Rheumatology,2024,1499-2752,1,2019,Rheumatology,Rheumatology,J RHEUMATOL,10,14,22,22,8,12,2,105,0.4545454545454545,0.6363636363636364,0.2095238095238095,0.3636363636363636,0.5454545454545454,0.0909090909090909
Journal of Rheumatology,2025,1499-2752,1,2019,Rheumatology,Rheumatology,J RHEUMATOL,14,16,30,30,14,16,0,146,0.4666666666666667,0.5333333333333333,0.2054794520547945,0.4666666666666667,0.5333333333333333,0.0
Journal of The American Heart Association,2012,2047-9980,1,2019,Cardiac & Cardiovascular Systems,Cardiac & Cardiovascular Systems,J AM HEART ASSOC,35,19,45,45,26,10,9,83,0.7777777777777778,0.4222222222222222,0.5421686746987951,0.5777777777777777,0.2222222222222222,0.2
Journal of The American Heart Association,2013,2047-9980,1,2019,Cardiac & Cardiovascular Systems,Cardiac & Cardiovascular Systems,J AM HEART ASSOC,100,66,133,133,67,33,33,219,0.7518796992481203,0.4962406015037593,0.6073059360730594,0.5037593984962406,0.2481203007518796,0.2481203007518796
Journal of The American Heart Association,2014,2047-9980,1,2019,Cardiac & Cardiovascular Systems,Cardiac & Cardiovascular Systems,J AM HEART ASSOC,123,82,162,162,80,39,43,322,0.7592592592592593,0.5061728395061729,0.5031055900621118,0.4938271604938271,0.2407407407407407,0.2654320987654321
Journal of The American Heart Association,2015,2047-9980,1,2019,Cardiac & Cardiovascular Systems,Cardiac & Cardiovascular Systems,J AM HEART ASSOC,94,81,145,145,64,51,30,329,0.6482758620689655,0.5586206896551724,0.4407294832826747,0.4413793103448276,0.3517241379310344,0.2068965517241379
Journal of The American Heart Association,2016,2047-9980,1,2019,Cardiac & Cardiovascular Systems,Cardiac & Cardiovascular Systems,J AM HEART ASSOC,183,122,250,250,128,67,55,544,0.732,0.488,0.4595588235294117,0.512,0.268,0.22
Journal of The American Heart Association,2017,2047-9980,1,2019,Cardiac & Cardiovascular Systems,Cardiac & Cardiovascular Systems,J AM HEART ASSOC,232,199,349,349,150,117,82,720,0.664756446991404,0.5702005730659025,0.4847222222222222,0.4297994269340974,0.335243553008596,0.2349570200573066
Journal of The American Heart Association,2018,2047-9980,1,2019,Cardiac & Cardiovascular Systems,Cardiac & Cardiovascular Systems,J AM HEART ASSOC,198,206,317,317,111,119,87,710,0.6246056782334385,0.6498422712933754,0.4464788732394366,0.3501577287066246,0.3753943217665615,0.2744479495268139
Journal of The American Heart Association,2019,2047-9980,1,2019,Cardiac & Cardiovascular Systems,Cardiac & Cardiovascular Systems,J AM HEART ASSOC,142,209,297,297,88,155,54,726,0.4781144781144781,0.7037037037037037,0.4090909090909091,0.2962962962962963,0.5218855218855218,0.1818181818181818
Journal of The American Heart Association,2020,2047-9980,1,2019,Cardiac & Cardiovascular Systems,Cardiac & Cardiovascular Systems,J AM HEART ASSOC,176,258,363,363,105,187,71,796,0.4848484848484848,0.7107438016528925,0.4560301507537688,0.2892561983471074,0.5151515151515151,0.1955922865013774
Journal of The American Heart Association,2021,2047-9980,1,2019,Cardiac & Cardiovascular Systems,Cardiac & Cardiovascular Systems,J AM HEART ASSOC,172,334,423,423,89,251,83,960,0.4066193853427896,0.789598108747045,0.440625,0.210401891252955,0.5933806146572104,0.1962174940898345
Journal of The American Heart Association,2022,2047-9980,1,2019,Cardiac & Cardiovascular Systems,Cardiac & Cardiovascular Systems,J AM HEART ASSOC,107,277,326,326,49,219,58,795,0.3282208588957055,0.8496932515337423,0.410062893081761,0.1503067484662576,0.6717791411042945,0.1779141104294478
Journal of The American Heart Association,2023,2047-9980,1,2019,Cardiac & Cardiovascular Systems,Cardiac & Cardiovascular Systems,J AM HEART ASSOC,80,253,295,295,42,215,38,771,0.2711864406779661,0.8576271186440678,0.3826199740596627,0.1423728813559322,0.7288135593220338,0.1288135593220339
Journal of The American Heart Association,2024,2047-9980,1,2019,Cardiac & Cardiovascular Systems,Cardiac & Cardiovascular Systems,J AM HEART ASSOC,118,288,364,364,76,246,42,997,0.3241758241758242,0.7912087912087912,0.3650952858575727,0.2087912087912088,0.6758241758241759,0.1153846153846153
Journal of The American Heart Association,2025,2047-9980,1,2019,Cardiac & Cardiovascular Systems,Cardiac & Cardiovascular Systems,J AM HEART ASSOC,105,308,366,366,58,261,47,1062,0.2868852459016393,0.8415300546448088,0.3446327683615819,0.1584699453551912,0.7131147540983607,0.1284153005464481
Journal of Thoracic Oncology,2010,1556-1380,0,,Oncology,Oncology; Respiratory System,J THORAC ONCOL,15,27,38,38,11,23,4,206,0.3947368421052631,0.7105263157894737,0.1844660194174757,0.2894736842105263,0.6052631578947368,0.1052631578947368
Journal of Thoracic Oncology,2011,1556-1380,0,,Oncology,Oncology; Respiratory System,J THORAC ONCOL,38,36,64,64,28,26,10,225,0.59375,0.5625,0.2844444444444444,0.4375,0.40625,0.15625
Journal of Thoracic Oncology,2012,1556-1380,0,,Oncology,Oncology; Respiratory System,J THORAC ONCOL,33,35,58,58,23,25,10,208,0.5689655172413793,0.603448275862069,0.2788461538461538,0.396551724137931,0.4310344827586206,0.1724137931034483
Journal of Thoracic Oncology,2013,1556-1380,0,,Oncology,Oncology; Respiratory System,J THORAC ONCOL,24,26,41,41,15,17,9,166,0.5853658536585366,0.6341463414634146,0.2469879518072289,0.3658536585365853,0.4146341463414634,0.2195121951219512
Journal of Thoracic Oncology,2014,1556-1380,0,,Oncology,Oncology; Respiratory System,J THORAC ONCOL,34,31,55,55,24,21,10,191,0.6181818181818182,0.5636363636363636,0.2879581151832461,0.4363636363636363,0.3818181818181818,0.1818181818181818
Journal of Thoracic Oncology,2015,1556-1380,0,,Oncology,Oncology; Respiratory System,J THORAC ONCOL,28,35,54,54,19,26,9,174,0.5185185185185185,0.6481481481481481,0.3103448275862069,0.3518518518518518,0.4814814814814814,0.1666666666666666
Journal of Thoracic Oncology,2016,1556-1380,0,,Oncology,Oncology; Respiratory System,J THORAC ONCOL,22,28,40,40,12,18,10,166,0.55,0.7,0.2409638554216867,0.3,0.45,0.25
Journal of Thoracic Oncology,2017,1556-1380,0,,Oncology,Oncology; Respiratory System,J THORAC ONCOL,17,29,37,37,8,20,9,137,0.4594594594594595,0.7837837837837838,0.2700729927007299,0.2162162162162162,0.5405405405405406,0.2432432432432432
Journal of Thoracic Oncology,2018,1556-1380,0,,Oncology,Oncology; Respiratory System,J THORAC ONCOL,19,27,39,39,12,20,7,143,0.4871794871794871,0.6923076923076923,0.2727272727272727,0.3076923076923077,0.5128205128205128,0.1794871794871795
Journal of Thoracic Oncology,2019,1556-1380,0,,Oncology,Oncology; Respiratory System,J THORAC ONCOL,22,30,42,42,12,20,10,149,0.5238095238095238,0.7142857142857143,0.2818791946308724,0.2857142857142857,0.4761904761904761,0.238095238095238
Journal of Thoracic Oncology,2020,1556-1380,0,,Oncology,Oncology; Respiratory System,J THORAC ONCOL,16,20,27,27,7,11,9,107,0.5925925925925926,0.7407407407407407,0.2523364485981308,0.2592592592592592,0.4074074074074074,0.3333333333333333
Journal of Thoracic Oncology,2021,1556-1380,0,,Oncology,Oncology; Respiratory System,J THORAC ONCOL,15,36,44,44,8,29,7,124,0.3409090909090909,0.8181818181818182,0.3548387096774194,0.1818181818181818,0.6590909090909091,0.1590909090909091
Journal of Thoracic Oncology,2022,1556-1380,0,,Oncology,Oncology; Respiratory System,J THORAC ONCOL,8,25,27,27,2,19,6,77,0.2962962962962963,0.925925925925926,0.3506493506493506,0.074074074074074,0.7037037037037037,0.2222222222222222
Journal of Thoracic Oncology,2023,1556-1380,0,,Oncology,Oncology; Respiratory System,J THORAC ONCOL,17,26,33,33,7,16,10,88,0.5151515151515151,0.7878787878787878,0.375,0.2121212121212121,0.4848484848484848,0.303030303030303
Journal of Thoracic Oncology,2024,1556-1380,0,,Oncology,Oncology; Respiratory System,J THORAC ONCOL,6,17,19,19,2,13,4,80,0.3157894736842105,0.8947368421052632,0.2375,0.1052631578947368,0.6842105263157895,0.2105263157894736
Journal of Thoracic Oncology,2025,1556-1380,0,,Oncology,Oncology; Respiratory System,J THORAC ONCOL,15,27,37,37,10,22,5,98,0.4054054054054054,0.7297297297297297,0.3775510204081632,0.2702702702702703,0.5945945945945946,0.1351351351351351
Kidney & Blood Pressure Research,2010,1423-0143,0,,Physiology,Peripheral Vascular Disease; Physiology; Urology & Nephrology,KIDNEY BLOOD PRESS R,18,3,19,19,16,1,2,42,0.9473684210526316,0.1578947368421052,0.4523809523809524,0.8421052631578947,0.0526315789473684,0.1052631578947368
Kidney & Blood Pressure Research,2011,1423-0143,0,,Physiology,Peripheral Vascular Disease; Physiology; Urology & Nephrology,KIDNEY BLOOD PRESS R,17,5,22,22,17,5,0,40,0.7727272727272727,0.2272727272727272,0.55,0.7727272727272727,0.2272727272727272,0.0
Kidney & Blood Pressure Research,2012,1423-0143,0,,Physiology,Peripheral Vascular Disease; Physiology; Urology & Nephrology,KIDNEY BLOOD PRESS R,33,18,49,49,31,16,2,110,0.673469387755102,0.3673469387755102,0.4454545454545454,0.6326530612244898,0.3265306122448979,0.0408163265306122
Kidney & Blood Pressure Research,2013,1423-0143,0,,Physiology,Peripheral Vascular Disease; Physiology; Urology & Nephrology,KIDNEY BLOOD PRESS R,35,15,42,42,27,7,8,77,0.8333333333333334,0.3571428571428571,0.5454545454545454,0.6428571428571429,0.1666666666666666,0.1904761904761904
Kidney & Blood Pressure Research,2014,1423-0143,0,,Physiology,Peripheral Vascular Disease; Physiology; Urology & Nephrology,KIDNEY BLOOD PRESS R,24,4,26,26,22,2,2,50,0.9230769230769232,0.1538461538461538,0.52,0.8461538461538461,0.0769230769230769,0.0769230769230769
Kidney & Blood Pressure Research,2015,1423-0143,0,,Physiology,Peripheral Vascular Disease; Physiology; Urology & Nephrology,KIDNEY BLOOD PRESS R,29,7,31,31,24,2,5,54,0.935483870967742,0.2258064516129032,0.5740740740740741,0.7741935483870968,0.064516129032258,0.1612903225806451
Kidney & Blood Pressure Research,2016,1423-0143,0,,Physiology,Peripheral Vascular Disease; Physiology; Urology & Nephrology,KIDNEY BLOOD PRESS R,36,20,52,52,32,16,4,93,0.6923076923076923,0.3846153846153846,0.5591397849462365,0.6153846153846154,0.3076923076923077,0.0769230769230769
Kidney & Blood Pressure Research,2017,1423-0143,0,,Physiology,Peripheral Vascular Disease; Physiology; Urology & Nephrology,KIDNEY BLOOD PRESS R,42,22,58,58,36,16,6,108,0.7241379310344828,0.3793103448275862,0.5370370370370371,0.6206896551724138,0.2758620689655172,0.1034482758620689
Kidney & Blood Pressure Research,2018,1423-0143,0,,Physiology,Peripheral Vascular Disease; Physiology; Urology & Nephrology,KIDNEY BLOOD PRESS R,55,28,76,76,48,21,7,145,0.7236842105263158,0.3684210526315789,0.5241379310344828,0.631578947368421,0.2763157894736842,0.0921052631578947
Kidney & Blood Pressure Research,2019,1423-0143,0,,Physiology,Peripheral Vascular Disease; Physiology; Urology & Nephrology,KIDNEY BLOOD PRESS R,38,27,57,57,30,19,8,108,0.6666666666666666,0.4736842105263157,0.5277777777777778,0.5263157894736842,0.3333333333333333,0.1403508771929824
Kidney & Blood Pressure Research,2020,1423-0143,0,,Physiology,Peripheral Vascular Disease; Physiology; Urology & Nephrology,KIDNEY BLOOD PRESS R,14,15,23,23,8,9,6,63,0.6086956521739131,0.6521739130434783,0.365079365079365,0.3478260869565217,0.391304347826087,0.2608695652173913
Kidney & Blood Pressure Research,2021,1423-0143,0,,Physiology,Peripheral Vascular Disease; Physiology; Urology & Nephrology,KIDNEY BLOOD PRESS R,25,25,44,44,19,19,6,62,0.5681818181818182,0.5681818181818182,0.7096774193548387,0.4318181818181818,0.4318181818181818,0.1363636363636363
Kidney & Blood Pressure Research,2022,1423-0143,0,,Physiology,Peripheral Vascular Disease; Physiology; Urology & Nephrology,KIDNEY BLOOD PRESS R,22,26,35,35,9,13,13,53,0.6285714285714286,0.7428571428571429,0.660377358490566,0.2571428571428571,0.3714285714285714,0.3714285714285714
Kidney & Blood Pressure Research,2023,1423-0143,0,,Physiology,Peripheral Vascular Disease; Physiology; Urology & Nephrology,KIDNEY BLOOD PRESS R,14,24,30,30,6,16,8,63,0.4666666666666667,0.8,0.4761904761904761,0.2,0.5333333333333333,0.2666666666666666
Kidney & Blood Pressure Research,2024,1423-0143,0,,Physiology,Peripheral Vascular Disease; Physiology; Urology & Nephrology,KIDNEY BLOOD PRESS R,22,30,39,39,9,17,13,73,0.5641025641025641,0.7692307692307693,0.5342465753424658,0.2307692307692307,0.4358974358974359,0.3333333333333333
Kidney & Blood Pressure Research,2025,1423-0143,0,,Physiology,Peripheral Vascular Disease; Physiology; Urology & Nephrology,KIDNEY BLOOD PRESS R,8,22,26,26,4,18,4,49,0.3076923076923077,0.8461538461538461,0.5306122448979592,0.1538461538461538,0.6923076923076923,0.1538461538461538
Kidney International,2010,1523-1755,1,2018,Urology & Nephrology,Urology & Nephrology,KIDNEY INT,104,54,135,135,81,31,23,188,0.7703703703703704,0.4,0.7180851063829787,0.6,0.2296296296296296,0.1703703703703703
Kidney International,2011,1523-1755,1,2018,Urology & Nephrology,Urology & Nephrology,KIDNEY INT,108,38,127,127,89,19,19,190,0.8503937007874016,0.2992125984251969,0.6684210526315789,0.7007874015748031,0.1496062992125984,0.1496062992125984
Kidney International,2012,1523-1755,1,2018,Urology & Nephrology,Urology & Nephrology,KIDNEY INT,102,50,120,120,70,18,32,186,0.85,0.4166666666666667,0.6451612903225806,0.5833333333333334,0.15,0.2666666666666666
Kidney International,2013,1523-1755,1,2018,Urology & Nephrology,Urology & Nephrology,KIDNEY INT,109,43,126,126,83,17,26,192,0.8650793650793651,0.3412698412698413,0.65625,0.6587301587301587,0.1349206349206349,0.2063492063492063
Kidney International,2014,1523-1755,1,2018,Urology & Nephrology,Urology & Nephrology,KIDNEY INT,102,53,127,127,74,25,28,201,0.8031496062992126,0.4173228346456692,0.6318407960199005,0.5826771653543307,0.1968503937007874,0.2204724409448819
Kidney International,2015,1523-1755,1,2018,Urology & Nephrology,Urology & Nephrology,KIDNEY INT,87,50,112,112,62,25,25,171,0.7767857142857143,0.4464285714285714,0.6549707602339181,0.5535714285714286,0.2232142857142857,0.2232142857142857
Kidney International,2016,1523-1755,1,2018,Urology & Nephrology,Urology & Nephrology,KIDNEY INT,94,60,125,125,65,31,29,202,0.752,0.48,0.6188118811881188,0.52,0.248,0.232
Kidney International,2017,1523-1755,1,2018,Urology & Nephrology,Urology & Nephrology,KIDNEY INT,103,78,141,141,63,38,40,197,0.7304964539007093,0.5531914893617021,0.7157360406091371,0.4468085106382978,0.2695035460992908,0.2836879432624113
Kidney International,2018,1523-1755,1,2018,Urology & Nephrology,Urology & Nephrology,KIDNEY INT,94,59,113,113,54,19,40,181,0.831858407079646,0.5221238938053098,0.6243093922651933,0.4778761061946903,0.168141592920354,0.3539823008849557
Kidney International,2019,1523-1755,1,2018,Urology & Nephrology,Urology & Nephrology,KIDNEY INT,41,103,115,115,12,74,29,172,0.3565217391304348,0.8956521739130435,0.6686046511627907,0.1043478260869565,0.6434782608695652,0.2521739130434782
Kidney International,2020,1523-1755,1,2018,Urology & Nephrology,Urology & Nephrology,KIDNEY INT,31,102,111,111,9,80,22,184,0.2792792792792792,0.918918918918919,0.6032608695652174,0.081081081081081,0.7207207207207207,0.1981981981981982
Kidney International,2021,1523-1755,1,2018,Urology & Nephrology,Urology & Nephrology,KIDNEY INT,23,91,96,96,5,73,18,156,0.2395833333333333,0.9479166666666666,0.6153846153846154,0.0520833333333333,0.7604166666666666,0.1875
Kidney International,2022,1523-1755,1,2018,Urology & Nephrology,Urology & Nephrology,KIDNEY INT,12,100,102,102,2,90,10,140,0.1176470588235294,0.9803921568627452,0.7285714285714285,0.0196078431372549,0.8823529411764706,0.0980392156862745
Kidney International,2023,1523-1755,1,2018,Urology & Nephrology,Urology & Nephrology,KIDNEY INT,23,86,90,90,4,67,19,126,0.2555555555555555,0.9555555555555556,0.7142857142857143,0.0444444444444444,0.7444444444444445,0.2111111111111111
Kidney International,2024,1523-1755,1,2018,Urology & Nephrology,Urology & Nephrology,KIDNEY INT,24,82,88,88,6,64,18,162,0.2727272727272727,0.9318181818181818,0.5432098765432098,0.0681818181818181,0.7272727272727273,0.2045454545454545
Kidney International,2025,1523-1755,1,2018,Urology & Nephrology,Urology & Nephrology,KIDNEY INT,18,63,67,67,4,49,14,98,0.2686567164179104,0.9402985074626866,0.6836734693877551,0.0597014925373134,0.7313432835820896,0.208955223880597
Lancet HIV,2014,2352-3018,0,,Immunology,Immunology; Infectious Diseases,LANCET HIV,0,1,1,1,0,1,0,11,0.0,1.0,0.0909090909090909,0.0,1.0,0.0
Lancet HIV,2015,2352-3018,0,,Immunology,Immunology; Infectious Diseases,LANCET HIV,5,5,8,8,3,3,2,41,0.625,0.625,0.1951219512195122,0.375,0.375,0.25
Lancet HIV,2016,2352-3018,0,,Immunology,Immunology; Infectious Diseases,LANCET HIV,1,3,3,3,0,2,1,38,0.3333333333333333,1.0,0.0789473684210526,0.0,0.6666666666666666,0.3333333333333333
Lancet HIV,2017,2352-3018,0,,Immunology,Immunology; Infectious Diseases,LANCET HIV,5,3,7,7,4,2,1,42,0.7142857142857143,0.4285714285714285,0.1666666666666666,0.5714285714285714,0.2857142857142857,0.1428571428571428
Lancet HIV,2018,2352-3018,0,,Immunology,Immunology; Infectious Diseases,LANCET HIV,5,7,11,11,4,6,1,53,0.4545454545454545,0.6363636363636364,0.2075471698113207,0.3636363636363636,0.5454545454545454,0.0909090909090909
Lancet HIV,2019,2352-3018,0,,Immunology,Immunology; Infectious Diseases,LANCET HIV,7,9,14,14,5,7,2,40,0.5,0.6428571428571429,0.35,0.3571428571428571,0.5,0.1428571428571428
Lancet HIV,2020,2352-3018,0,,Immunology,Immunology; Infectious Diseases,LANCET HIV,7,5,11,11,6,4,1,45,0.6363636363636364,0.4545454545454545,0.2444444444444444,0.5454545454545454,0.3636363636363636,0.0909090909090909
Lancet HIV,2021,2352-3018,0,,Immunology,Immunology; Infectious Diseases,LANCET HIV,7,14,19,19,5,12,2,49,0.3684210526315789,0.7368421052631579,0.3877551020408163,0.2631578947368421,0.631578947368421,0.1052631578947368
Lancet HIV,2022,2352-3018,0,,Immunology,Immunology; Infectious Diseases,LANCET HIV,2,8,10,10,2,8,0,39,0.2,0.8,0.2564102564102564,0.2,0.8,0.0
Lancet HIV,2023,2352-3018,0,,Immunology,Immunology; Infectious Diseases,LANCET HIV,5,9,14,14,5,9,0,44,0.3571428571428571,0.6428571428571429,0.3181818181818182,0.3571428571428571,0.6428571428571429,0.0
Lancet HIV,2024,2352-3018,0,,Immunology,Immunology; Infectious Diseases,LANCET HIV,5,5,10,10,5,5,0,44,0.5,0.5,0.2272727272727272,0.5,0.5,0.0
Lancet Rheumatology,2019,2665-9913,0,,Rheumatology,Rheumatology,LANCET RHEUMATOL,1,4,5,5,1,4,0,16,0.2,0.8,0.3125,0.2,0.8,0.0
Lancet Rheumatology,2020,2665-9913,0,,Rheumatology,Rheumatology,LANCET RHEUMATOL,4,7,9,9,2,5,2,44,0.4444444444444444,0.7777777777777778,0.2045454545454545,0.2222222222222222,0.5555555555555556,0.2222222222222222
Lancet Rheumatology,2021,2665-9913,0,,Rheumatology,Rheumatology,LANCET RHEUMATOL,5,14,18,18,4,13,1,47,0.2777777777777778,0.7777777777777778,0.3829787234042553,0.2222222222222222,0.7222222222222222,0.0555555555555555
Lancet Rheumatology,2022,2665-9913,0,,Rheumatology,Rheumatology,LANCET RHEUMATOL,4,11,12,12,1,8,3,50,0.3333333333333333,0.9166666666666666,0.24,0.0833333333333333,0.6666666666666666,0.25
Lancet Rheumatology,2023,2665-9913,0,,Rheumatology,Rheumatology,LANCET RHEUMATOL,4,5,9,9,4,5,0,40,0.4444444444444444,0.5555555555555556,0.225,0.4444444444444444,0.5555555555555556,0.0
Lancet Rheumatology,2024,2665-9913,0,,Rheumatology,Rheumatology,LANCET RHEUMATOL,1,8,9,9,1,8,0,44,0.1111111111111111,0.8888888888888888,0.2045454545454545,0.1111111111111111,0.8888888888888888,0.0
Lancet Rheumatology,2025,2665-9913,0,,Rheumatology,Rheumatology,LANCET RHEUMATOL,4,12,14,14,2,10,2,49,0.2857142857142857,0.8571428571428571,0.2857142857142857,0.1428571428571428,0.7142857142857143,0.1428571428571428
Leukemia,2010,1476-5551,1,2013,Oncology,Hematology; Oncology,LEUKEMIA,81,55,101,101,46,20,35,162,0.801980198019802,0.5445544554455446,0.6234567901234568,0.4554455445544554,0.198019801980198,0.3465346534653465
Leukemia,2011,1476-5551,1,2013,Oncology,Hematology; Oncology,LEUKEMIA,84,55,101,101,46,17,38,149,0.8316831683168316,0.5445544554455446,0.6778523489932886,0.4554455445544554,0.1683168316831683,0.3762376237623762
Leukemia,2012,1476-5551,1,2013,Oncology,Hematology; Oncology,LEUKEMIA,120,75,135,135,60,15,60,191,0.8888888888888888,0.5555555555555556,0.7068062827225131,0.4444444444444444,0.1111111111111111,0.4444444444444444
Leukemia,2013,1476-5551,1,2013,Oncology,Hematology; Oncology,LEUKEMIA,111,69,123,123,54,12,57,189,0.902439024390244,0.5609756097560976,0.6507936507936508,0.4390243902439024,0.0975609756097561,0.4634146341463415
Leukemia,2014,1476-5551,1,2013,Oncology,Hematology; Oncology,LEUKEMIA,104,78,123,123,45,19,59,173,0.8455284552845529,0.6341463414634146,0.7109826589595376,0.3658536585365853,0.1544715447154471,0.4796747967479675
Leukemia,2015,1476-5551,1,2013,Oncology,Hematology; Oncology,LEUKEMIA,128,99,149,149,50,21,78,201,0.8590604026845637,0.6644295302013423,0.7412935323383084,0.3355704697986577,0.1409395973154362,0.5234899328859061
Leukemia,2016,1476-5551,1,2013,Oncology,Hematology; Oncology,LEUKEMIA,105,85,119,119,34,14,71,183,0.8823529411764706,0.7142857142857143,0.6502732240437158,0.2857142857142857,0.1176470588235294,0.5966386554621849
Leukemia,2017,1476-5551,1,2013,Oncology,Hematology; Oncology,LEUKEMIA,136,135,182,182,47,46,89,246,0.7472527472527473,0.7417582417582418,0.7398373983739838,0.2582417582417582,0.2527472527472527,0.489010989010989
Leukemia,2018,1476-5551,1,2013,Oncology,Hematology; Oncology,LEUKEMIA,105,100,132,132,32,27,73,189,0.7954545454545454,0.7575757575757576,0.6984126984126984,0.2424242424242424,0.2045454545454545,0.553030303030303
Leukemia,2019,1476-5551,1,2013,Oncology,Hematology; Oncology,LEUKEMIA,99,102,126,126,24,27,75,180,0.7857142857142857,0.8095238095238095,0.7,0.1904761904761904,0.2142857142857142,0.5952380952380952
Leukemia,2020,1476-5551,1,2013,Oncology,Hematology; Oncology,LEUKEMIA,91,108,128,128,20,37,71,193,0.7109375,0.84375,0.6632124352331606,0.15625,0.2890625,0.5546875
Leukemia,2021,1476-5551,1,2013,Oncology,Hematology; Oncology,LEUKEMIA,82,107,124,124,17,42,65,191,0.6612903225806451,0.8629032258064516,0.6492146596858639,0.1370967741935483,0.3387096774193548,0.5241935483870968
Leukemia,2022,1476-5551,1,2013,Oncology,Hematology; Oncology,LEUKEMIA,88,132,143,143,11,55,77,205,0.6153846153846154,0.9230769230769232,0.697560975609756,0.0769230769230769,0.3846153846153846,0.5384615384615384
Leukemia,2023,1476-5551,1,2013,Oncology,Hematology; Oncology,LEUKEMIA,87,120,133,133,13,46,74,165,0.6541353383458647,0.9022556390977444,0.806060606060606,0.0977443609022556,0.3458646616541353,0.556390977443609
Leukemia,2024,1476-5551,1,2013,Oncology,Hematology; Oncology,LEUKEMIA,67,115,122,122,7,55,60,180,0.5491803278688525,0.9426229508196722,0.6777777777777778,0.0573770491803278,0.4508196721311475,0.4918032786885246
Leukemia,2025,1476-5551,1,2013,Oncology,Hematology; Oncology,LEUKEMIA,76,144,157,157,13,81,63,204,0.4840764331210191,0.9171974522292994,0.7696078431372549,0.0828025477707006,0.5159235668789809,0.4012738853503185
Liver Cancer,2014,1664-5553,0,,Oncology,Gastroenterology & Hepatology; Oncology,LIVER CANCER,1,0,1,1,1,0,0,2,1.0,0.0,0.5,1.0,0.0,0.0
Liver Cancer,2015,1664-5553,0,,Oncology,Gastroenterology & Hepatology; Oncology,LIVER CANCER,1,2,3,3,1,2,0,12,0.3333333333333333,0.6666666666666666,0.25,0.3333333333333333,0.6666666666666666,0.0
Liver Cancer,2016,1664-5553,0,,Oncology,Gastroenterology & Hepatology; Oncology,LIVER CANCER,1,0,1,1,1,0,0,12,1.0,0.0,0.0833333333333333,1.0,0.0,0.0
Liver Cancer,2017,1664-5553,0,,Oncology,Gastroenterology & Hepatology; Oncology,LIVER CANCER,0,2,2,2,0,2,0,15,0.0,1.0,0.1333333333333333,0.0,1.0,0.0
Liver Cancer,2018,1664-5553,0,,Oncology,Gastroenterology & Hepatology; Oncology,LIVER CANCER,1,0,1,1,1,0,0,15,1.0,0.0,0.0666666666666666,1.0,0.0,0.0
Liver Cancer,2019,1664-5553,0,,Oncology,Gastroenterology & Hepatology; Oncology,LIVER CANCER,3,8,8,8,0,5,3,23,0.375,1.0,0.3478260869565217,0.0,0.625,0.375
Liver Cancer,2020,1664-5553,0,,Oncology,Gastroenterology & Hepatology; Oncology,LIVER CANCER,3,10,12,12,2,9,1,38,0.25,0.8333333333333334,0.3157894736842105,0.1666666666666666,0.75,0.0833333333333333
Liver Cancer,2021,1664-5553,0,,Oncology,Gastroenterology & Hepatology; Oncology,LIVER CANCER,1,5,6,6,1,5,0,36,0.1666666666666666,0.8333333333333334,0.1666666666666666,0.1666666666666666,0.8333333333333334,0.0
Liver Cancer,2022,1664-5553,0,,Oncology,Gastroenterology & Hepatology; Oncology,LIVER CANCER,2,8,8,8,0,6,2,27,0.25,1.0,0.2962962962962963,0.0,0.75,0.25
Liver Cancer,2023,1664-5553,0,,Oncology,Gastroenterology & Hepatology; Oncology,LIVER CANCER,3,11,12,12,1,9,2,31,0.25,0.9166666666666666,0.3870967741935484,0.0833333333333333,0.75,0.1666666666666666
Liver Cancer,2024,1664-5553,0,,Oncology,Gastroenterology & Hepatology; Oncology,LIVER CANCER,3,11,13,13,2,10,1,36,0.2307692307692307,0.8461538461538461,0.3611111111111111,0.1538461538461538,0.7692307692307693,0.0769230769230769
Liver Cancer,2025,1664-5553,0,,Oncology,Gastroenterology & Hepatology; Oncology,LIVER CANCER,6,16,20,20,4,14,2,65,0.3,0.8,0.3076923076923077,0.2,0.7,0.1
Lymphatic Research and Biology,2010,1557-8585,0,,Physiology,"Medicine, Research & Experimental; Physiology",LYMPHAT RES BIOL,6,1,7,7,6,1,0,15,0.8571428571428571,0.1428571428571428,0.4666666666666667,0.8571428571428571,0.1428571428571428,0.0
Lymphatic Research and Biology,2011,1557-8585,0,,Physiology,"Medicine, Research & Experimental; Physiology",LYMPHAT RES BIOL,6,3,9,9,6,3,0,15,0.6666666666666666,0.3333333333333333,0.6,0.6666666666666666,0.3333333333333333,0.0
Lymphatic Research and Biology,2012,1557-8585,0,,Physiology,"Medicine, Research & Experimental; Physiology",LYMPHAT RES BIOL,8,0,8,8,8,0,0,18,1.0,0.0,0.4444444444444444,1.0,0.0,0.0
Lymphatic Research and Biology,2013,1557-8585,0,,Physiology,"Medicine, Research & Experimental; Physiology",LYMPHAT RES BIOL,7,5,11,11,6,4,1,19,0.6363636363636364,0.4545454545454545,0.5789473684210527,0.5454545454545454,0.3636363636363636,0.0909090909090909
Lymphatic Research and Biology,2014,1557-8585,0,,Physiology,"Medicine, Research & Experimental; Physiology",LYMPHAT RES BIOL,9,2,11,11,9,2,0,29,0.8181818181818182,0.1818181818181818,0.3793103448275862,0.8181818181818182,0.1818181818181818,0.0
Lymphatic Research and Biology,2015,1557-8585,0,,Physiology,"Medicine, Research & Experimental; Physiology",LYMPHAT RES BIOL,9,6,14,14,8,5,1,30,0.6428571428571429,0.4285714285714285,0.4666666666666667,0.5714285714285714,0.3571428571428571,0.0714285714285714
Lymphatic Research and Biology,2016,1557-8585,0,,Physiology,"Medicine, Research & Experimental; Physiology",LYMPHAT RES BIOL,6,2,7,7,5,1,1,22,0.8571428571428571,0.2857142857142857,0.3181818181818182,0.7142857142857143,0.1428571428571428,0.1428571428571428
Lymphatic Research and Biology,2017,1557-8585,0,,Physiology,"Medicine, Research & Experimental; Physiology",LYMPHAT RES BIOL,13,5,16,16,11,3,2,30,0.8125,0.3125,0.5333333333333333,0.6875,0.1875,0.125
Lymphatic Research and Biology,2018,1557-8585,0,,Physiology,"Medicine, Research & Experimental; Physiology",LYMPHAT RES BIOL,9,15,20,20,5,11,4,51,0.45,0.75,0.392156862745098,0.25,0.55,0.2
Lymphatic Research and Biology,2019,1557-8585,0,,Physiology,"Medicine, Research & Experimental; Physiology",LYMPHAT RES BIOL,11,8,18,18,10,7,1,56,0.6111111111111112,0.4444444444444444,0.3214285714285714,0.5555555555555556,0.3888888888888889,0.0555555555555555
Lymphatic Research and Biology,2020,1557-8585,0,,Physiology,"Medicine, Research & Experimental; Physiology",LYMPHAT RES BIOL,12,13,23,23,10,11,2,51,0.5217391304347826,0.5652173913043478,0.4509803921568627,0.4347826086956521,0.4782608695652174,0.0869565217391304
Lymphatic Research and Biology,2021,1557-8585,0,,Physiology,"Medicine, Research & Experimental; Physiology",LYMPHAT RES BIOL,5,6,9,9,3,4,2,55,0.5555555555555556,0.6666666666666666,0.1636363636363636,0.3333333333333333,0.4444444444444444,0.2222222222222222
Lymphatic Research and Biology,2022,1557-8585,0,,Physiology,"Medicine, Research & Experimental; Physiology",LYMPHAT RES BIOL,10,10,18,18,8,8,2,54,0.5555555555555556,0.5555555555555556,0.3333333333333333,0.4444444444444444,0.4444444444444444,0.1111111111111111
Lymphatic Research and Biology,2023,1557-8585,0,,Physiology,"Medicine, Research & Experimental; Physiology",LYMPHAT RES BIOL,7,9,13,13,4,6,3,45,0.5384615384615384,0.6923076923076923,0.2888888888888888,0.3076923076923077,0.4615384615384615,0.2307692307692307
Lymphatic Research and Biology,2024,1557-8585,0,,Physiology,"Medicine, Research & Experimental; Physiology",LYMPHAT RES BIOL,4,9,12,12,3,8,1,27,0.3333333333333333,0.75,0.4444444444444444,0.25,0.6666666666666666,0.0833333333333333
Lymphatic Research and Biology,2025,1557-8585,0,,Physiology,"Medicine, Research & Experimental; Physiology",LYMPHAT RES BIOL,4,3,6,6,3,2,1,20,0.6666666666666666,0.5,0.3,0.5,0.3333333333333333,0.1666666666666666
Metabolism-Clinical and Experimental,2010,1532-8600,0,,Endocrinology & Metabolism,Endocrinology & Metabolism,METABOLISM,109,15,118,118,103,9,6,231,0.923728813559322,0.1271186440677966,0.5108225108225108,0.8728813559322034,0.0762711864406779,0.0508474576271186
Metabolism-Clinical and Experimental,2011,1532-8600,0,,Endocrinology & Metabolism,Endocrinology & Metabolism,METABOLISM,105,16,114,114,98,9,7,206,0.9210526315789472,0.1403508771929824,0.5533980582524272,0.8596491228070176,0.0789473684210526,0.0614035087719298
Metabolism-Clinical and Experimental,2012,1532-8600,0,,Endocrinology & Metabolism,Endocrinology & Metabolism,METABOLISM,98,12,103,103,91,5,7,180,0.9514563106796116,0.116504854368932,0.5722222222222222,0.883495145631068,0.0485436893203883,0.0679611650485436
Metabolism-Clinical and Experimental,2013,1532-8600,0,,Endocrinology & Metabolism,Endocrinology & Metabolism,METABOLISM,97,16,109,109,93,12,4,171,0.8899082568807339,0.146788990825688,0.6374269005847953,0.8532110091743119,0.110091743119266,0.036697247706422
Metabolism-Clinical and Experimental,2014,1532-8600,0,,Endocrinology & Metabolism,Endocrinology & Metabolism,METABOLISM,83,18,94,94,76,11,7,137,0.8829787234042553,0.1914893617021276,0.6861313868613139,0.8085106382978723,0.1170212765957446,0.0744680851063829
Metabolism-Clinical and Experimental,2015,1532-8600,0,,Endocrinology & Metabolism,Endocrinology & Metabolism,METABOLISM,74,21,88,88,67,14,7,132,0.8409090909090909,0.2386363636363636,0.6666666666666666,0.7613636363636364,0.1590909090909091,0.0795454545454545
Metabolism-Clinical and Experimental,2016,1532-8600,0,,Endocrinology & Metabolism,Endocrinology & Metabolism,METABOLISM,66,20,78,78,58,12,8,120,0.8461538461538461,0.2564102564102564,0.65,0.7435897435897436,0.1538461538461538,0.1025641025641025
Metabolism-Clinical and Experimental,2017,1532-8600,0,,Endocrinology & Metabolism,Endocrinology & Metabolism,METABOLISM,61,19,73,73,54,12,7,117,0.8356164383561644,0.2602739726027397,0.6239316239316239,0.7397260273972602,0.1643835616438356,0.0958904109589041
Metabolism-Clinical and Experimental,2018,1532-8600,0,,Endocrinology & Metabolism,Endocrinology & Metabolism,METABOLISM,79,21,84,84,63,5,16,104,0.9404761904761904,0.25,0.8076923076923077,0.75,0.0595238095238095,0.1904761904761904
Metabolism-Clinical and Experimental,2019,1532-8600,0,,Endocrinology & Metabolism,Endocrinology & Metabolism,METABOLISM,55,29,65,65,36,10,19,87,0.8461538461538461,0.4461538461538462,0.7471264367816092,0.5538461538461539,0.1538461538461538,0.2923076923076923
Metabolism-Clinical and Experimental,2020,1532-8600,0,,Endocrinology & Metabolism,Endocrinology & Metabolism,METABOLISM,72,42,91,91,49,19,23,105,0.7912087912087912,0.4615384615384615,0.8666666666666667,0.5384615384615384,0.2087912087912088,0.2527472527472527
Metabolism-Clinical and Experimental,2021,1532-8600,0,,Endocrinology & Metabolism,Endocrinology & Metabolism,METABOLISM,54,56,80,80,24,26,30,101,0.675,0.7,0.7920792079207921,0.3,0.325,0.375
Metabolism-Clinical and Experimental,2022,1532-8600,0,,Endocrinology & Metabolism,Endocrinology & Metabolism,METABOLISM,46,45,64,64,19,18,27,84,0.71875,0.703125,0.7619047619047619,0.296875,0.28125,0.421875
Metabolism-Clinical and Experimental,2023,1532-8600,0,,Endocrinology & Metabolism,Endocrinology & Metabolism,METABOLISM,36,62,74,74,12,38,24,93,0.4864864864864865,0.8378378378378378,0.7956989247311828,0.1621621621621621,0.5135135135135135,0.3243243243243243
Metabolism-Clinical and Experimental,2024,1532-8600,0,,Endocrinology & Metabolism,Endocrinology & Metabolism,METABOLISM,25,65,66,66,1,41,24,82,0.3787878787878788,0.9848484848484848,0.8048780487804879,0.0151515151515151,0.6212121212121212,0.3636363636363636
Metabolism-Clinical and Experimental,2025,1532-8600,0,,Endocrinology & Metabolism,Endocrinology & Metabolism,METABOLISM,12,27,30,30,3,18,9,37,0.4,0.9,0.8108108108108109,0.1,0.6,0.3
Microbial Genomics,2015,2057-5858,0,,Genetics & Heredity,Genetics & Heredity; Microbiology,MICROB GENOMICS,3,3,6,6,3,3,0,16,0.5,0.5,0.375,0.5,0.5,0.0
Microbial Genomics,2016,2057-5858,0,,Genetics & Heredity,Genetics & Heredity; Microbiology,MICROB GENOMICS,4,15,19,19,4,15,0,55,0.2105263157894736,0.7894736842105263,0.3454545454545454,0.2105263157894736,0.7894736842105263,0.0
Microbial Genomics,2017,2057-5858,0,,Genetics & Heredity,Genetics & Heredity; Microbiology,MICROB GENOMICS,6,13,18,18,5,12,1,37,0.3333333333333333,0.7222222222222222,0.4864864864864865,0.2777777777777778,0.6666666666666666,0.0555555555555555
Microbial Genomics,2018,2057-5858,0,,Genetics & Heredity,Genetics & Heredity; Microbiology,MICROB GENOMICS,8,27,32,32,5,24,3,82,0.25,0.84375,0.3902439024390244,0.15625,0.75,0.09375
Microbial Genomics,2019,2057-5858,0,,Genetics & Heredity,Genetics & Heredity; Microbiology,MICROB GENOMICS,7,24,28,28,4,21,3,70,0.25,0.8571428571428571,0.4,0.1428571428571428,0.75,0.1071428571428571
Microbial Genomics,2020,2057-5858,0,,Genetics & Heredity,Genetics & Heredity; Microbiology,MICROB GENOMICS,26,55,70,70,15,44,11,145,0.3714285714285714,0.7857142857142857,0.4827586206896552,0.2142857142857142,0.6285714285714286,0.1571428571428571
Microbial Genomics,2021,2057-5858,0,,Genetics & Heredity,Genetics & Heredity; Microbiology,MICROB GENOMICS,34,89,105,105,16,71,18,232,0.3238095238095238,0.8476190476190476,0.4525862068965517,0.1523809523809524,0.6761904761904762,0.1714285714285714
Microbial Genomics,2022,2057-5858,0,,Genetics & Heredity,Genetics & Heredity; Microbiology,MICROB GENOMICS,23,82,92,92,10,69,13,167,0.25,0.8913043478260869,0.5508982035928144,0.108695652173913,0.75,0.1413043478260869
Microbial Genomics,2023,2057-5858,0,,Genetics & Heredity,Genetics & Heredity; Microbiology,MICROB GENOMICS,31,80,98,98,18,67,13,234,0.3163265306122449,0.8163265306122449,0.4188034188034188,0.1836734693877551,0.6836734693877551,0.1326530612244898
Microbial Genomics,2024,2057-5858,0,,Genetics & Heredity,Genetics & Heredity; Microbiology,MICROB GENOMICS,21,79,84,84,5,63,16,156,0.25,0.9404761904761904,0.5384615384615384,0.0595238095238095,0.75,0.1904761904761904
Microbial Genomics,2025,2057-5858,0,,Genetics & Heredity,Genetics & Heredity; Microbiology,MICROB GENOMICS,27,99,112,112,13,85,14,238,0.2410714285714285,0.8839285714285714,0.4705882352941176,0.1160714285714285,0.7589285714285714,0.125
Molecular Autism,2010,2040-2392,0,,Genetics & Heredity,Genetics & Heredity; Neurosciences,MOL AUTISM,2,5,7,7,2,5,0,12,0.2857142857142857,0.7142857142857143,0.5833333333333334,0.2857142857142857,0.7142857142857143,0.0
Molecular Autism,2011,2040-2392,0,,Genetics & Heredity,Genetics & Heredity; Neurosciences,MOL AUTISM,6,5,10,10,5,4,1,19,0.6,0.5,0.5263157894736842,0.5,0.4,0.1
Molecular Autism,2012,2040-2392,0,,Genetics & Heredity,Genetics & Heredity; Neurosciences,MOL AUTISM,4,2,6,6,4,2,0,18,0.6666666666666666,0.3333333333333333,0.3333333333333333,0.6666666666666666,0.3333333333333333,0.0
Molecular Autism,2013,2040-2392,0,,Genetics & Heredity,Genetics & Heredity; Neurosciences,MOL AUTISM,14,12,22,22,10,8,4,42,0.6363636363636364,0.5454545454545454,0.5238095238095238,0.4545454545454545,0.3636363636363636,0.1818181818181818
Molecular Autism,2014,2040-2392,0,,Genetics & Heredity,Genetics & Heredity; Neurosciences,MOL AUTISM,19,17,30,30,13,11,6,53,0.6333333333333333,0.5666666666666667,0.5660377358490566,0.4333333333333333,0.3666666666666666,0.2
Molecular Autism,2015,2040-2392,0,,Genetics & Heredity,Genetics & Heredity; Neurosciences,MOL AUTISM,22,24,36,36,12,14,10,61,0.6111111111111112,0.6666666666666666,0.5901639344262295,0.3333333333333333,0.3888888888888889,0.2777777777777778
Molecular Autism,2016,2040-2392,0,,Genetics & Heredity,Genetics & Heredity; Neurosciences,MOL AUTISM,21,15,30,30,15,9,6,45,0.7,0.5,0.6666666666666666,0.5,0.3,0.2
Molecular Autism,2017,2040-2392,0,,Genetics & Heredity,Genetics & Heredity; Neurosciences,MOL AUTISM,21,18,36,36,18,15,3,59,0.5833333333333334,0.5,0.6101694915254238,0.5,0.4166666666666667,0.0833333333333333
Molecular Autism,2018,2040-2392,0,,Genetics & Heredity,Genetics & Heredity; Neurosciences,MOL AUTISM,26,20,37,37,17,11,9,59,0.7027027027027027,0.5405405405405406,0.6271186440677966,0.4594594594594595,0.2972972972972973,0.2432432432432432
Molecular Autism,2019,2040-2392,0,,Genetics & Heredity,Genetics & Heredity; Neurosciences,MOL AUTISM,15,15,26,26,11,11,4,41,0.5769230769230769,0.5769230769230769,0.6341463414634146,0.4230769230769231,0.4230769230769231,0.1538461538461538
Molecular Autism,2020,2040-2392,0,,Genetics & Heredity,Genetics & Heredity; Neurosciences,MOL AUTISM,28,44,60,60,16,32,12,81,0.4666666666666667,0.7333333333333333,0.7407407407407407,0.2666666666666666,0.5333333333333333,0.2
Molecular Autism,2021,2040-2392,0,,Genetics & Heredity,Genetics & Heredity; Neurosciences,MOL AUTISM,8,36,38,38,2,30,6,60,0.2105263157894736,0.9473684210526316,0.6333333333333333,0.0526315789473684,0.7894736842105263,0.1578947368421052
Molecular Autism,2022,2040-2392,0,,Genetics & Heredity,Genetics & Heredity; Neurosciences,MOL AUTISM,7,26,27,27,1,20,6,46,0.2592592592592592,0.9629629629629628,0.5869565217391305,0.037037037037037,0.7407407407407407,0.2222222222222222
Molecular Autism,2023,2040-2392,0,,Genetics & Heredity,Genetics & Heredity; Neurosciences,MOL AUTISM,8,26,29,29,3,21,5,41,0.2758620689655172,0.896551724137931,0.7073170731707317,0.1034482758620689,0.7241379310344828,0.1724137931034483
Molecular Autism,2024,2040-2392,0,,Genetics & Heredity,Genetics & Heredity; Neurosciences,MOL AUTISM,10,30,34,34,4,24,6,47,0.2941176470588235,0.8823529411764706,0.723404255319149,0.1176470588235294,0.7058823529411765,0.1764705882352941
Molecular Autism,2025,2040-2392,0,,Genetics & Heredity,Genetics & Heredity; Neurosciences,MOL AUTISM,6,36,39,39,3,33,3,59,0.1538461538461538,0.9230769230769232,0.6610169491525424,0.0769230769230769,0.8461538461538461,0.0769230769230769
Molecular Biology and Evolution,2010,1537-1719,0,,Genetics & Heredity,Biochemistry & Molecular Biology; Evolutionary Biology; Genetics & Heredity,MOL BIOL EVOL,51,47,86,86,39,35,12,236,0.5930232558139535,0.5465116279069767,0.3644067796610169,0.4534883720930232,0.4069767441860465,0.1395348837209302
Molecular Biology and Evolution,2011,1537-1719,0,,Genetics & Heredity,Biochemistry & Molecular Biology; Evolutionary Biology; Genetics & Heredity,MOL BIOL EVOL,54,66,107,107,41,53,13,268,0.5046728971962616,0.616822429906542,0.3992537313432835,0.3831775700934579,0.4953271028037383,0.1214953271028037
Molecular Biology and Evolution,2012,1537-1719,0,,Genetics & Heredity,Biochemistry & Molecular Biology; Evolutionary Biology; Genetics & Heredity,MOL BIOL EVOL,62,90,127,127,37,65,25,262,0.4881889763779528,0.7086614173228346,0.4847328244274809,0.2913385826771653,0.5118110236220472,0.1968503937007874
Molecular Biology and Evolution,2013,1537-1719,0,,Genetics & Heredity,Biochemistry & Molecular Biology; Evolutionary Biology; Genetics & Heredity,MOL BIOL EVOL,34,73,98,98,25,64,9,229,0.3469387755102041,0.7448979591836735,0.4279475982532751,0.2551020408163265,0.6530612244897959,0.0918367346938775
Molecular Biology and Evolution,2014,1537-1719,0,,Genetics & Heredity,Biochemistry & Molecular Biology; Evolutionary Biology; Genetics & Heredity,MOL BIOL EVOL,75,77,128,128,51,53,24,261,0.5859375,0.6015625,0.4904214559386973,0.3984375,0.4140625,0.1875
Molecular Biology and Evolution,2015,1537-1719,0,,Genetics & Heredity,Biochemistry & Molecular Biology; Evolutionary Biology; Genetics & Heredity,MOL BIOL EVOL,65,89,131,131,42,66,23,247,0.4961832061068702,0.6793893129770993,0.5303643724696356,0.3206106870229007,0.5038167938931297,0.1755725190839694
Molecular Biology and Evolution,2016,1537-1719,0,,Genetics & Heredity,Biochemistry & Molecular Biology; Evolutionary Biology; Genetics & Heredity,MOL BIOL EVOL,49,110,139,139,29,90,20,249,0.3525179856115107,0.7913669064748201,0.5582329317269076,0.2086330935251798,0.6474820143884892,0.1438848920863309
Molecular Biology and Evolution,2017,1537-1719,0,,Genetics & Heredity,Biochemistry & Molecular Biology; Evolutionary Biology; Genetics & Heredity,MOL BIOL EVOL,51,116,139,139,23,88,28,244,0.3669064748201439,0.8345323741007195,0.569672131147541,0.1654676258992805,0.6330935251798561,0.2014388489208633
Molecular Biology and Evolution,2018,1537-1719,0,,Genetics & Heredity,Biochemistry & Molecular Biology; Evolutionary Biology; Genetics & Heredity,MOL BIOL EVOL,38,117,137,137,20,99,18,233,0.2773722627737226,0.8540145985401459,0.5879828326180258,0.145985401459854,0.7226277372262774,0.1313868613138686
Molecular Biology and Evolution,2019,1537-1719,0,,Genetics & Heredity,Biochemistry & Molecular Biology; Evolutionary Biology; Genetics & Heredity,MOL BIOL EVOL,40,114,132,132,18,92,22,212,0.303030303030303,0.8636363636363636,0.6226415094339622,0.1363636363636363,0.696969696969697,0.1666666666666666
Molecular Biology and Evolution,2020,1537-1719,0,,Genetics & Heredity,Biochemistry & Molecular Biology; Evolutionary Biology; Genetics & Heredity,MOL BIOL EVOL,40,136,156,156,20,116,20,272,0.2564102564102564,0.8717948717948718,0.5735294117647058,0.1282051282051282,0.7435897435897436,0.1282051282051282
Molecular Biology and Evolution,2021,1537-1719,0,,Genetics & Heredity,Biochemistry & Molecular Biology; Evolutionary Biology; Genetics & Heredity,MOL BIOL EVOL,82,231,262,262,31,180,51,398,0.3129770992366412,0.8816793893129771,0.6582914572864321,0.1183206106870229,0.6870229007633588,0.1946564885496183
Molecular Biology and Evolution,2022,1537-1719,0,,Genetics & Heredity,Biochemistry & Molecular Biology; Evolutionary Biology; Genetics & Heredity,MOL BIOL EVOL,73,171,204,204,33,131,40,322,0.3578431372549019,0.8382352941176471,0.6335403726708074,0.1617647058823529,0.6421568627450981,0.196078431372549
Molecular Biology and Evolution,2023,1537-1719,0,,Genetics & Heredity,Biochemistry & Molecular Biology; Evolutionary Biology; Genetics & Heredity,MOL BIOL EVOL,49,157,179,179,22,130,27,269,0.2737430167597765,0.8770949720670391,0.6654275092936803,0.1229050279329608,0.7262569832402235,0.1508379888268156
Molecular Biology and Evolution,2024,1537-1719,0,,Genetics & Heredity,Biochemistry & Molecular Biology; Evolutionary Biology; Genetics & Heredity,MOL BIOL EVOL,51,155,170,170,15,119,36,252,0.3,0.9117647058823528,0.6746031746031746,0.088235294117647,0.7,0.2117647058823529
Molecular Biology and Evolution,2025,1537-1719,0,,Genetics & Heredity,Biochemistry & Molecular Biology; Evolutionary Biology; Genetics & Heredity,MOL BIOL EVOL,61,211,228,228,17,167,44,315,0.2675438596491228,0.925438596491228,0.7238095238095238,0.0745614035087719,0.7324561403508771,0.1929824561403508
Molecular Cancer,2010,1476-4598,0,,Oncology,Biochemistry & Molecular Biology; Oncology,MOL CANCER,265,114,279,279,165,14,100,302,0.949820788530466,0.4086021505376344,0.9238410596026492,0.5913978494623656,0.050179211469534,0.3584229390681003
Molecular Cancer,2011,1476-4598,0,,Oncology,Biochemistry & Molecular Biology; Oncology,MOL CANCER,124,46,133,133,87,9,37,138,0.9323308270676692,0.3458646616541353,0.9637681159420288,0.6541353383458647,0.0676691729323308,0.2781954887218045
Molecular Cancer,2012,1476-4598,0,,Oncology,Biochemistry & Molecular Biology; Oncology,MOL CANCER,76,26,80,80,54,4,22,87,0.95,0.325,0.9195402298850576,0.675,0.05,0.275
Molecular Cancer,2013,1476-4598,0,,Oncology,Biochemistry & Molecular Biology; Oncology,MOL CANCER,128,45,136,136,91,8,37,150,0.9411764705882352,0.3308823529411764,0.9066666666666666,0.6691176470588235,0.0588235294117647,0.2720588235294117
Molecular Cancer,2014,1476-4598,0,,Oncology,Biochemistry & Molecular Biology; Oncology,MOL CANCER,221,113,227,227,114,6,107,247,0.973568281938326,0.4977973568281938,0.9190283400809716,0.5022026431718062,0.026431718061674,0.4713656387665198
Molecular Cancer,2015,1476-4598,0,,Oncology,Biochemistry & Molecular Biology; Oncology,MOL CANCER,166,89,177,177,88,11,78,183,0.9378531073446328,0.5028248587570622,0.9672131147540984,0.4971751412429379,0.0621468926553672,0.4406779661016949
Molecular Cancer,2016,1476-4598,0,,Oncology,Biochemistry & Molecular Biology; Oncology,MOL CANCER,46,33,52,52,19,6,27,54,0.8846153846153846,0.6346153846153846,0.9629629629629628,0.3653846153846153,0.1153846153846153,0.5192307692307693
Molecular Cancer,2017,1476-4598,0,,Oncology,Biochemistry & Molecular Biology; Oncology,MOL CANCER,109,81,114,114,33,5,76,118,0.956140350877193,0.7105263157894737,0.9661016949152542,0.2894736842105263,0.043859649122807,0.6666666666666666
Molecular Cancer,2018,1476-4598,0,,Oncology,Biochemistry & Molecular Biology; Oncology,MOL CANCER,68,54,68,68,14,0,54,68,1.0,0.7941176470588235,1.0,0.2058823529411764,0.0,0.7941176470588235
Molecular Cancer,2019,1476-4598,0,,Oncology,Biochemistry & Molecular Biology; Oncology,MOL CANCER,83,76,83,83,7,0,76,83,1.0,0.9156626506024096,1.0,0.0843373493975903,0.0,0.9156626506024096
Molecular Cancer,2020,1476-4598,0,,Oncology,Biochemistry & Molecular Biology; Oncology,MOL CANCER,71,66,73,73,7,2,64,73,0.9726027397260274,0.9041095890410958,1.0,0.0958904109589041,0.0273972602739726,0.8767123287671232
Molecular Cancer,2021,1476-4598,0,,Oncology,Biochemistry & Molecular Biology; Oncology,MOL CANCER,53,59,63,63,4,10,49,64,0.8412698412698413,0.9365079365079364,0.984375,0.0634920634920634,0.1587301587301587,0.7777777777777778
Molecular Cancer,2022,1476-4598,0,,Oncology,Biochemistry & Molecular Biology; Oncology,MOL CANCER,82,103,107,107,4,25,78,108,0.7663551401869159,0.9626168224299064,0.9907407407407408,0.0373831775700934,0.2336448598130841,0.7289719626168224
Molecular Cancer,2023,1476-4598,0,,Oncology,Biochemistry & Molecular Biology; Oncology,MOL CANCER,52,62,66,66,4,14,48,67,0.7878787878787878,0.9393939393939394,0.9850746268656716,0.0606060606060606,0.2121212121212121,0.7272727272727273
Molecular Cancer,2024,1476-4598,0,,Oncology,Biochemistry & Molecular Biology; Oncology,MOL CANCER,80,107,114,114,7,34,73,121,0.7017543859649122,0.9385964912280702,0.9421487603305784,0.0614035087719298,0.2982456140350877,0.6403508771929824
Molecular Cancer,2025,1476-4598,0,,Oncology,Biochemistry & Molecular Biology; Oncology,MOL CANCER,93,133,137,137,4,44,89,141,0.6788321167883211,0.9708029197080292,0.9716312056737588,0.0291970802919708,0.3211678832116788,0.6496350364963503
Molecular Metabolism,2012,2212-8778,0,,Endocrinology & Metabolism,Endocrinology & Metabolism,MOL METAB,12,2,13,13,11,1,1,16,0.9230769230769232,0.1538461538461538,0.8125,0.8461538461538461,0.0769230769230769,0.0769230769230769
Molecular Metabolism,2013,2212-8778,0,,Endocrinology & Metabolism,Endocrinology & Metabolism,MOL METAB,33,6,33,33,27,0,6,34,1.0,0.1818181818181818,0.9705882352941176,0.8181818181818182,0.0,0.1818181818181818
Molecular Metabolism,2014,2212-8778,0,,Endocrinology & Metabolism,Endocrinology & Metabolism,MOL METAB,60,8,60,60,52,0,8,61,1.0,0.1333333333333333,0.9836065573770492,0.8666666666666667,0.0,0.1333333333333333
Molecular Metabolism,2015,2212-8778,0,,Endocrinology & Metabolism,Endocrinology & Metabolism,MOL METAB,82,21,82,82,61,0,21,84,1.0,0.2560975609756097,0.9761904761904762,0.7439024390243902,0.0,0.2560975609756097
Molecular Metabolism,2016,2212-8778,0,,Endocrinology & Metabolism,Endocrinology & Metabolism,MOL METAB,91,26,94,94,68,3,23,98,0.9680851063829788,0.2765957446808511,0.9591836734693876,0.723404255319149,0.0319148936170212,0.2446808510638297
Molecular Metabolism,2017,2212-8778,0,,Endocrinology & Metabolism,Endocrinology & Metabolism,MOL METAB,118,45,130,130,85,12,33,130,0.9076923076923076,0.3461538461538461,1.0,0.6538461538461539,0.0923076923076923,0.2538461538461538
Molecular Metabolism,2018,2212-8778,0,,Endocrinology & Metabolism,Endocrinology & Metabolism,MOL METAB,132,63,147,147,84,15,48,152,0.8979591836734694,0.4285714285714285,0.9671052631578948,0.5714285714285714,0.1020408163265306,0.3265306122448979
Molecular Metabolism,2019,2212-8778,0,,Endocrinology & Metabolism,Endocrinology & Metabolism,MOL METAB,107,68,125,125,57,18,50,129,0.856,0.544,0.9689922480620154,0.456,0.144,0.4
Molecular Metabolism,2020,2212-8778,0,,Endocrinology & Metabolism,Endocrinology & Metabolism,MOL METAB,105,90,145,145,55,40,50,150,0.7241379310344828,0.6206896551724138,0.9666666666666668,0.3793103448275862,0.2758620689655172,0.3448275862068966
Molecular Metabolism,2021,2212-8778,0,,Endocrinology & Metabolism,Endocrinology & Metabolism,MOL METAB,118,125,173,173,48,55,70,178,0.6820809248554913,0.7225433526011561,0.9719101123595506,0.2774566473988439,0.3179190751445087,0.4046242774566474
Molecular Metabolism,2022,2212-8778,0,,Endocrinology & Metabolism,Endocrinology & Metabolism,MOL METAB,107,150,181,181,31,74,76,184,0.5911602209944752,0.8287292817679558,0.9836956521739132,0.1712707182320442,0.4088397790055249,0.4198895027624309
Molecular Metabolism,2023,2212-8778,0,,Endocrinology & Metabolism,Endocrinology & Metabolism,MOL METAB,78,122,138,138,16,60,62,141,0.5652173913043478,0.8840579710144928,0.9787234042553192,0.1159420289855072,0.4347826086956521,0.4492753623188406
Molecular Metabolism,2024,2212-8778,0,,Endocrinology & Metabolism,Endocrinology & Metabolism,MOL METAB,94,177,191,191,14,97,80,194,0.4921465968586387,0.9267015706806284,0.9845360824742267,0.0732984293193717,0.5078534031413613,0.418848167539267
Molecular Metabolism,2025,2212-8778,0,,Endocrinology & Metabolism,Endocrinology & Metabolism,MOL METAB,79,174,182,182,8,103,71,188,0.4340659340659341,0.956043956043956,0.9680851063829788,0.0439560439560439,0.5659340659340659,0.3901098901098901
Molecular Neurodegeneration,2010,1750-1326,0,,Neurosciences,Neurosciences,MOL NEURODEGENER,48,6,49,49,43,1,5,61,0.979591836734694,0.1224489795918367,0.8032786885245902,0.8775510204081632,0.0204081632653061,0.1020408163265306
Molecular Neurodegeneration,2011,1750-1326,0,,Neurosciences,Neurosciences,MOL NEURODEGENER,68,15,73,73,58,5,10,86,0.9315068493150684,0.2054794520547945,0.8488372093023255,0.7945205479452054,0.0684931506849315,0.136986301369863
Molecular Neurodegeneration,2012,1750-1326,0,,Neurosciences,Neurosciences,MOL NEURODEGENER,48,15,52,52,37,4,11,56,0.9230769230769232,0.2884615384615384,0.9285714285714286,0.7115384615384616,0.0769230769230769,0.2115384615384615
Molecular Neurodegeneration,2013,1750-1326,0,,Neurosciences,Neurosciences,MOL NEURODEGENER,26,2,27,27,25,1,1,33,0.9629629629629628,0.074074074074074,0.8181818181818182,0.925925925925926,0.037037037037037,0.037037037037037
Molecular Neurodegeneration,2014,1750-1326,0,,Neurosciences,Neurosciences,MOL NEURODEGENER,30,13,35,35,22,5,8,43,0.8571428571428571,0.3714285714285714,0.813953488372093,0.6285714285714286,0.1428571428571428,0.2285714285714285
Molecular Neurodegeneration,2015,1750-1326,0,,Neurosciences,Neurosciences,MOL NEURODEGENER,51,20,56,56,36,5,15,58,0.9107142857142856,0.3571428571428571,0.9655172413793104,0.6428571428571429,0.0892857142857142,0.2678571428571428
Molecular Neurodegeneration,2016,1750-1326,0,,Neurosciences,Neurosciences,MOL NEURODEGENER,56,22,62,62,40,6,16,65,0.9032258064516128,0.3548387096774194,0.953846153846154,0.6451612903225806,0.0967741935483871,0.2580645161290322
Molecular Neurodegeneration,2017,1750-1326,0,,Neurosciences,Neurosciences,MOL NEURODEGENER,55,30,63,63,33,8,22,69,0.873015873015873,0.4761904761904761,0.9130434782608696,0.5238095238095238,0.1269841269841269,0.3492063492063492
Molecular Neurodegeneration,2018,1750-1326,0,,Neurosciences,Neurosciences,MOL NEURODEGENER,45,27,53,53,26,8,19,59,0.8490566037735849,0.5094339622641509,0.8983050847457628,0.490566037735849,0.1509433962264151,0.3584905660377358
Molecular Neurodegeneration,2019,1750-1326,0,,Neurosciences,Neurosciences,MOL NEURODEGENER,14,19,25,25,6,11,8,27,0.56,0.76,0.925925925925926,0.24,0.44,0.32
Molecular Neurodegeneration,2020,1750-1326,0,,Neurosciences,Neurosciences,MOL NEURODEGENER,27,35,46,46,11,19,16,48,0.5869565217391305,0.7608695652173914,0.9583333333333334,0.2391304347826087,0.4130434782608695,0.3478260869565217
Molecular Neurodegeneration,2021,1750-1326,0,,Neurosciences,Neurosciences,MOL NEURODEGENER,23,50,56,56,6,33,17,56,0.4107142857142857,0.8928571428571429,1.0,0.1071428571428571,0.5892857142857143,0.3035714285714285
Molecular Neurodegeneration,2022,1750-1326,0,,Neurosciences,Neurosciences,MOL NEURODEGENER,14,29,33,33,4,19,10,34,0.4242424242424242,0.8787878787878788,0.9705882352941176,0.1212121212121212,0.5757575757575758,0.303030303030303
Molecular Neurodegeneration,2023,1750-1326,0,,Neurosciences,Neurosciences,MOL NEURODEGENER,18,44,46,46,2,28,16,49,0.391304347826087,0.9565217391304348,0.9387755102040816,0.0434782608695652,0.6086956521739131,0.3478260869565217
Molecular Neurodegeneration,2024,1750-1326,0,,Neurosciences,Neurosciences,MOL NEURODEGENER,20,55,56,56,1,36,19,59,0.3571428571428571,0.9821428571428572,0.9491525423728814,0.0178571428571428,0.6428571428571429,0.3392857142857143
Molecular Neurodegeneration,2025,1750-1326,0,,Neurosciences,Neurosciences,MOL NEURODEGENER,29,62,64,64,2,35,27,69,0.453125,0.96875,0.927536231884058,0.03125,0.546875,0.421875
Molecular Psychiatry,2010,1476-5578,0,,Neurosciences,Biochemistry & Molecular Biology; Neurosciences; Psychiatry,MOL PSYCHIATR,40,14,46,46,32,6,8,83,0.8695652173913043,0.3043478260869565,0.5542168674698795,0.6956521739130435,0.1304347826086956,0.1739130434782608
Molecular Psychiatry,2011,1476-5578,0,,Neurosciences,Biochemistry & Molecular Biology; Neurosciences; Psychiatry,MOL PSYCHIATR,34,16,45,45,29,11,5,84,0.7555555555555555,0.3555555555555555,0.5357142857142857,0.6444444444444445,0.2444444444444444,0.1111111111111111
Molecular Psychiatry,2012,1476-5578,0,,Neurosciences,Biochemistry & Molecular Biology; Neurosciences; Psychiatry,MOL PSYCHIATR,42,14,47,47,33,5,9,83,0.8936170212765957,0.2978723404255319,0.5662650602409639,0.7021276595744681,0.1063829787234042,0.1914893617021276
Molecular Psychiatry,2013,1476-5578,0,,Neurosciences,Biochemistry & Molecular Biology; Neurosciences; Psychiatry,MOL PSYCHIATR,57,23,68,68,45,11,12,101,0.8382352941176471,0.3382352941176471,0.6732673267326733,0.6617647058823529,0.1617647058823529,0.1764705882352941
Molecular Psychiatry,2014,1476-5578,0,,Neurosciences,Biochemistry & Molecular Biology; Neurosciences; Psychiatry,MOL PSYCHIATR,67,32,87,87,55,20,12,127,0.7701149425287356,0.367816091954023,0.6850393700787402,0.632183908045977,0.2298850574712643,0.1379310344827586
Molecular Psychiatry,2015,1476-5578,0,,Neurosciences,Biochemistry & Molecular Biology; Neurosciences; Psychiatry,MOL PSYCHIATR,84,37,98,98,61,14,23,141,0.8571428571428571,0.3775510204081632,0.6950354609929078,0.6224489795918368,0.1428571428571428,0.2346938775510204
Molecular Psychiatry,2016,1476-5578,0,,Neurosciences,Biochemistry & Molecular Biology; Neurosciences; Psychiatry,MOL PSYCHIATR,90,45,106,106,61,16,29,160,0.8490566037735849,0.4245283018867924,0.6625,0.5754716981132075,0.1509433962264151,0.2735849056603773
Molecular Psychiatry,2017,1476-5578,0,,Neurosciences,Biochemistry & Molecular Biology; Neurosciences; Psychiatry,MOL PSYCHIATR,96,41,114,114,73,18,23,150,0.8421052631578947,0.3596491228070175,0.76,0.6403508771929824,0.1578947368421052,0.2017543859649122
Molecular Psychiatry,2018,1476-5578,0,,Neurosciences,Biochemistry & Molecular Biology; Neurosciences; Psychiatry,MOL PSYCHIATR,130,66,149,149,83,19,47,198,0.87248322147651,0.4429530201342282,0.7525252525252525,0.5570469798657718,0.1275167785234899,0.3154362416107382
Molecular Psychiatry,2019,1476-5578,0,,Neurosciences,Biochemistry & Molecular Biology; Neurosciences; Psychiatry,MOL PSYCHIATR,49,38,59,59,21,10,28,71,0.8305084745762712,0.6440677966101694,0.8309859154929577,0.3559322033898305,0.1694915254237288,0.4745762711864407
Molecular Psychiatry,2020,1476-5578,0,,Neurosciences,Biochemistry & Molecular Biology; Neurosciences; Psychiatry,MOL PSYCHIATR,87,86,130,130,44,43,43,180,0.6692307692307692,0.6615384615384615,0.7222222222222222,0.3384615384615385,0.3307692307692307,0.3307692307692307
Molecular Psychiatry,2021,1476-5578,0,,Neurosciences,Biochemistry & Molecular Biology; Neurosciences; Psychiatry,MOL PSYCHIATR,226,297,384,384,87,158,139,501,0.5885416666666666,0.7734375,0.7664670658682635,0.2265625,0.4114583333333333,0.3619791666666667
Molecular Psychiatry,2022,1476-5578,0,,Neurosciences,Biochemistry & Molecular Biology; Neurosciences; Psychiatry,MOL PSYCHIATR,119,216,245,245,29,126,90,316,0.4857142857142857,0.8816326530612245,0.7753164556962026,0.1183673469387755,0.5142857142857142,0.3673469387755102
Molecular Psychiatry,2023,1476-5578,0,,Neurosciences,Biochemistry & Molecular Biology; Neurosciences; Psychiatry,MOL PSYCHIATR,89,195,215,215,20,126,69,296,0.413953488372093,0.9069767441860463,0.7263513513513513,0.0930232558139534,0.586046511627907,0.3209302325581395
Molecular Psychiatry,2024,1476-5578,0,,Neurosciences,Biochemistry & Molecular Biology; Neurosciences; Psychiatry,MOL PSYCHIATR,69,164,189,189,25,120,44,249,0.365079365079365,0.8677248677248677,0.7590361445783133,0.1322751322751322,0.6349206349206349,0.2328042328042328
Molecular Psychiatry,2025,1476-5578,0,,Neurosciences,Biochemistry & Molecular Biology; Neurosciences; Psychiatry,MOL PSYCHIATR,127,348,387,387,39,260,88,518,0.3281653746770026,0.8992248062015504,0.747104247104247,0.1007751937984496,0.6718346253229974,0.2273901808785529
Molecular Therapy,2010,1525-0024,0,,Genetics & Heredity,"Biotechnology & Applied Microbiology; Genetics & Heredity; Medicine, Research & Experimental",MOL THER,196,59,203,203,144,7,52,220,0.9655172413793104,0.2906403940886699,0.9227272727272728,0.7093596059113301,0.0344827586206896,0.2561576354679803
Molecular Therapy,2011,1525-0024,0,,Genetics & Heredity,"Biotechnology & Applied Microbiology; Genetics & Heredity; Medicine, Research & Experimental",MOL THER,194,64,202,202,138,8,56,213,0.9603960396039604,0.3168316831683168,0.9483568075117372,0.6831683168316832,0.0396039603960396,0.2772277227722772
Molecular Therapy,2012,1525-0024,0,,Genetics & Heredity,"Biotechnology & Applied Microbiology; Genetics & Heredity; Medicine, Research & Experimental",MOL THER,185,72,194,194,122,9,63,206,0.9536082474226804,0.3711340206185567,0.941747572815534,0.6288659793814433,0.0463917525773195,0.3247422680412371
Molecular Therapy,2013,1525-0024,0,,Genetics & Heredity,"Biotechnology & Applied Microbiology; Genetics & Heredity; Medicine, Research & Experimental",MOL THER,184,85,195,195,110,11,74,203,0.9435897435897436,0.4358974358974359,0.9605911330049262,0.5641025641025641,0.0564102564102564,0.3794871794871794
Molecular Therapy,2014,1525-0024,0,,Genetics & Heredity,"Biotechnology & Applied Microbiology; Genetics & Heredity; Medicine, Research & Experimental",MOL THER,162,85,172,172,87,10,75,180,0.9418604651162792,0.4941860465116279,0.9555555555555556,0.5058139534883721,0.0581395348837209,0.436046511627907
Molecular Therapy,2015,1525-0024,0,,Genetics & Heredity,"Biotechnology & Applied Microbiology; Genetics & Heredity; Medicine, Research & Experimental",MOL THER,148,65,150,150,85,2,63,158,0.9866666666666668,0.4333333333333333,0.9493670886075948,0.5666666666666667,0.0133333333333333,0.42
Molecular Therapy,2016,1525-0024,0,,Genetics & Heredity,"Biotechnology & Applied Microbiology; Genetics & Heredity; Medicine, Research & Experimental",MOL THER,143,76,157,157,81,14,62,166,0.910828025477707,0.4840764331210191,0.9457831325301204,0.5159235668789809,0.0891719745222929,0.3949044585987261
Molecular Therapy,2017,1525-0024,0,,Genetics & Heredity,"Biotechnology & Applied Microbiology; Genetics & Heredity; Medicine, Research & Experimental",MOL THER,168,96,180,180,84,12,84,188,0.9333333333333332,0.5333333333333333,0.9574468085106383,0.4666666666666667,0.0666666666666666,0.4666666666666667
Molecular Therapy,2018,1525-0024,0,,Genetics & Heredity,"Biotechnology & Applied Microbiology; Genetics & Heredity; Medicine, Research & Experimental",MOL THER,172,113,193,193,80,21,92,202,0.8911917098445595,0.5854922279792746,0.9554455445544554,0.4145077720207253,0.1088082901554404,0.4766839378238341
Molecular Therapy,2019,1525-0024,0,,Genetics & Heredity,"Biotechnology & Applied Microbiology; Genetics & Heredity; Medicine, Research & Experimental",MOL THER,126,95,138,138,43,12,83,142,0.9130434782608696,0.6884057971014492,0.971830985915493,0.3115942028985507,0.0869565217391304,0.6014492753623188
Molecular Therapy,2020,1525-0024,0,,Genetics & Heredity,"Biotechnology & Applied Microbiology; Genetics & Heredity; Medicine, Research & Experimental",MOL THER,141,115,160,160,45,19,96,166,0.88125,0.71875,0.963855421686747,0.28125,0.11875,0.6
Molecular Therapy,2021,1525-0024,0,,Genetics & Heredity,"Biotechnology & Applied Microbiology; Genetics & Heredity; Medicine, Research & Experimental",MOL THER,141,150,178,178,28,37,113,186,0.7921348314606742,0.8426966292134831,0.956989247311828,0.1573033707865168,0.2078651685393258,0.6348314606741573
Molecular Therapy,2022,1525-0024,0,,Genetics & Heredity,"Biotechnology & Applied Microbiology; Genetics & Heredity; Medicine, Research & Experimental",MOL THER,140,167,199,199,32,59,108,206,0.7035175879396985,0.8391959798994975,0.9660194174757282,0.1608040201005025,0.2964824120603015,0.542713567839196
Molecular Therapy,2023,1525-0024,0,,Genetics & Heredity,"Biotechnology & Applied Microbiology; Genetics & Heredity; Medicine, Research & Experimental",MOL THER,115,154,178,178,24,63,91,181,0.6460674157303371,0.8651685393258427,0.9834254143646408,0.1348314606741573,0.3539325842696629,0.5112359550561798
Molecular Therapy,2024,1525-0024,0,,Genetics & Heredity,"Biotechnology & Applied Microbiology; Genetics & Heredity; Medicine, Research & Experimental",MOL THER,136,200,219,219,19,83,117,224,0.6210045662100456,0.91324200913242,0.9776785714285714,0.0867579908675799,0.3789954337899543,0.5342465753424658
Molecular Therapy,2025,1525-0024,0,,Genetics & Heredity,"Biotechnology & Applied Microbiology; Genetics & Heredity; Medicine, Research & Experimental",MOL THER,152,257,273,273,16,121,136,282,0.5567765567765568,0.9413919413919414,0.9680851063829788,0.0586080586080586,0.4432234432234432,0.4981684981684982
Molecular Therapy-Oncolytics,2014,2372-7705,0,,Oncology,"Oncology; Medicine, Research & Experimental",MOL THER ONCOLYTICS,4,0,4,4,4,0,0,4,1.0,0.0,1.0,1.0,0.0,0.0
Molecular Therapy-Oncolytics,2015,2372-7705,0,,Oncology,"Oncology; Medicine, Research & Experimental",MOL THER ONCOLYTICS,15,6,15,15,9,0,6,20,1.0,0.4,0.75,0.6,0.0,0.4
Molecular Therapy-Oncolytics,2016,2372-7705,0,,Oncology,"Oncology; Medicine, Research & Experimental",MOL THER ONCOLYTICS,30,16,31,31,15,1,15,31,0.967741935483871,0.5161290322580645,1.0,0.4838709677419355,0.032258064516129,0.4838709677419355
Molecular Therapy-Oncolytics,2017,2372-7705,0,,Oncology,"Oncology; Medicine, Research & Experimental",MOL THER ONCOLYTICS,26,14,29,29,15,3,11,32,0.896551724137931,0.4827586206896552,0.90625,0.5172413793103449,0.1034482758620689,0.3793103448275862
Molecular Therapy-Oncolytics,2018,2372-7705,0,,Oncology,"Oncology; Medicine, Research & Experimental",MOL THER ONCOLYTICS,23,16,25,25,9,2,14,27,0.92,0.64,0.925925925925926,0.36,0.08,0.56
Molecular Therapy-Oncolytics,2019,2372-7705,0,,Oncology,"Oncology; Medicine, Research & Experimental",MOL THER ONCOLYTICS,65,46,67,67,21,2,44,72,0.9701492537313432,0.6865671641791045,0.9305555555555556,0.3134328358208955,0.0298507462686567,0.6567164179104478
Molecular Therapy-Oncolytics,2020,2372-7705,0,,Oncology,"Oncology; Medicine, Research & Experimental",MOL THER ONCOLYTICS,127,103,148,148,45,21,82,149,0.8581081081081081,0.6959459459459459,0.9932885906040269,0.304054054054054,0.1418918918918918,0.5540540540540541
Molecular Therapy-Oncolytics,2021,2372-7705,0,,Oncology,"Oncology; Medicine, Research & Experimental",MOL THER ONCOLYTICS,120,113,147,147,34,27,86,152,0.8163265306122449,0.7687074829931972,0.9671052631578948,0.2312925170068027,0.1836734693877551,0.5850340136054422
Molecular Therapy-Oncolytics,2022,2372-7705,0,,Oncology,"Oncology; Medicine, Research & Experimental",MOL THER ONCOLYTICS,99,88,119,119,31,20,68,121,0.8319327731092437,0.7394957983193278,0.9834710743801652,0.2605042016806723,0.1680672268907563,0.5714285714285714
Molecular Therapy-Oncolytics,2023,2372-7705,0,,Oncology,"Oncology; Medicine, Research & Experimental",MOL THER ONCOLYTICS,50,47,59,59,12,9,38,63,0.847457627118644,0.7966101694915254,0.9365079365079364,0.2033898305084746,0.1525423728813559,0.6440677966101694
Movement Disorders,2010,1531-8257,0,,Clinical Neurology,Clinical Neurology,MOVEMENT DISORD,86,74,137,137,63,51,23,340,0.6277372262773723,0.5401459854014599,0.4029411764705882,0.4598540145985401,0.3722627737226277,0.1678832116788321
Movement Disorders,2011,1531-8257,0,,Clinical Neurology,Clinical Neurology,MOVEMENT DISORD,72,89,137,137,48,65,24,246,0.5255474452554745,0.6496350364963503,0.556910569105691,0.3503649635036496,0.4744525547445255,0.1751824817518248
Movement Disorders,2012,1531-8257,0,,Clinical Neurology,Clinical Neurology,MOVEMENT DISORD,34,28,59,59,31,25,3,147,0.576271186440678,0.4745762711864407,0.4013605442176871,0.5254237288135594,0.423728813559322,0.0508474576271186
Movement Disorders,2013,1531-8257,0,,Clinical Neurology,Clinical Neurology,MOVEMENT DISORD,35,15,42,42,27,7,8,128,0.8333333333333334,0.3571428571428571,0.328125,0.6428571428571429,0.1666666666666666,0.1904761904761904
Movement Disorders,2014,1531-8257,0,,Clinical Neurology,Clinical Neurology,MOVEMENT DISORD,34,25,51,51,26,17,8,153,0.6666666666666666,0.4901960784313725,0.3333333333333333,0.5098039215686274,0.3333333333333333,0.1568627450980392
Movement Disorders,2015,1531-8257,0,,Clinical Neurology,Clinical Neurology,MOVEMENT DISORD,27,24,46,46,22,19,5,154,0.5869565217391305,0.5217391304347826,0.2987012987012987,0.4782608695652174,0.4130434782608695,0.108695652173913
Movement Disorders,2016,1531-8257,0,,Clinical Neurology,Clinical Neurology,MOVEMENT DISORD,29,17,43,43,26,14,3,124,0.6744186046511628,0.3953488372093023,0.3467741935483871,0.6046511627906976,0.3255813953488372,0.0697674418604651
Movement Disorders,2017,1531-8257,0,,Clinical Neurology,Clinical Neurology,MOVEMENT DISORD,26,31,53,53,22,27,4,115,0.490566037735849,0.5849056603773585,0.4608695652173913,0.4150943396226415,0.5094339622641509,0.0754716981132075
Movement Disorders,2018,1531-8257,0,,Clinical Neurology,Clinical Neurology,MOVEMENT DISORD,38,35,64,64,29,26,9,121,0.59375,0.546875,0.5289256198347108,0.453125,0.40625,0.140625
Movement Disorders,2019,1531-8257,0,,Clinical Neurology,Clinical Neurology,MOVEMENT DISORD,41,36,62,62,26,21,15,132,0.6612903225806451,0.5806451612903226,0.4696969696969697,0.4193548387096774,0.3387096774193548,0.2419354838709677
Movement Disorders,2020,1531-8257,0,,Clinical Neurology,Clinical Neurology,MOVEMENT DISORD,43,64,94,94,30,51,13,210,0.4574468085106383,0.6808510638297872,0.4476190476190476,0.3191489361702128,0.5425531914893617,0.1382978723404255
Movement Disorders,2021,1531-8257,0,,Clinical Neurology,Clinical Neurology,MOVEMENT DISORD,45,93,122,122,29,77,16,235,0.3688524590163934,0.7622950819672131,0.5191489361702127,0.2377049180327868,0.6311475409836066,0.1311475409836065
Movement Disorders,2022,1531-8257,0,,Clinical Neurology,Clinical Neurology,MOVEMENT DISORD,37,85,103,103,18,66,19,198,0.3592233009708738,0.8252427184466019,0.5202020202020202,0.174757281553398,0.6407766990291263,0.1844660194174757
Movement Disorders,2023,1531-8257,0,,Clinical Neurology,Clinical Neurology,MOVEMENT DISORD,26,84,100,100,16,74,10,189,0.26,0.84,0.5291005291005291,0.16,0.74,0.1
Movement Disorders,2024,1531-8257,0,,Clinical Neurology,Clinical Neurology,MOVEMENT DISORD,17,71,83,83,12,66,5,172,0.2048192771084337,0.8554216867469879,0.4825581395348837,0.144578313253012,0.7951807228915663,0.0602409638554216
Movement Disorders,2025,1531-8257,0,,Clinical Neurology,Clinical Neurology,MOVEMENT DISORD,30,105,124,124,19,94,11,254,0.2419354838709677,0.8467741935483871,0.4881889763779528,0.1532258064516129,0.7580645161290323,0.0887096774193548
Mucosal Immunology,2010,1935-3456,1,2013,Immunology,Immunology,MUCOSAL IMMUNOL,30,16,33,33,17,3,13,35,0.9090909090909092,0.4848484848484848,0.9428571428571428,0.5151515151515151,0.0909090909090909,0.3939393939393939
Mucosal Immunology,2011,1935-3456,1,2013,Immunology,Immunology,MUCOSAL IMMUNOL,39,23,42,42,19,3,20,43,0.9285714285714286,0.5476190476190477,0.9767441860465116,0.4523809523809524,0.0714285714285714,0.4761904761904761
Mucosal Immunology,2012,1935-3456,1,2013,Immunology,Immunology,MUCOSAL IMMUNOL,46,33,53,53,20,7,26,54,0.8679245283018868,0.6226415094339622,0.9814814814814816,0.3773584905660377,0.1320754716981132,0.490566037735849
Mucosal Immunology,2013,1935-3456,1,2013,Immunology,Immunology,MUCOSAL IMMUNOL,82,54,89,89,35,7,47,91,0.9213483146067416,0.6067415730337079,0.978021978021978,0.3932584269662921,0.0786516853932584,0.5280898876404494
Mucosal Immunology,2014,1935-3456,1,2013,Immunology,Immunology,MUCOSAL IMMUNOL,111,69,117,117,48,6,63,119,0.9487179487179488,0.5897435897435898,0.9831932773109244,0.4102564102564102,0.0512820512820512,0.5384615384615384
Mucosal Immunology,2015,1935-3456,1,2013,Immunology,Immunology,MUCOSAL IMMUNOL,92,62,101,101,39,9,53,103,0.9108910891089108,0.6138613861386139,0.9805825242718448,0.3861386138613861,0.0891089108910891,0.5247524752475248
Mucosal Immunology,2016,1935-3456,1,2013,Immunology,Immunology,MUCOSAL IMMUNOL,102,85,122,122,37,20,65,123,0.8360655737704918,0.6967213114754098,0.991869918699187,0.3032786885245901,0.1639344262295081,0.5327868852459017
Mucosal Immunology,2017,1935-3456,1,2013,Immunology,Immunology,MUCOSAL IMMUNOL,99,80,114,114,34,15,65,115,0.868421052631579,0.7017543859649122,0.991304347826087,0.2982456140350877,0.131578947368421,0.5701754385964912
Mucosal Immunology,2018,1935-3456,1,2013,Immunology,Immunology,MUCOSAL IMMUNOL,112,100,131,131,31,19,81,133,0.8549618320610687,0.7633587786259542,0.9849624060150376,0.2366412213740458,0.1450381679389313,0.6183206106870229
Mucosal Immunology,2019,1935-3456,1,2013,Immunology,Immunology,MUCOSAL IMMUNOL,89,89,106,106,17,17,72,108,0.839622641509434,0.839622641509434,0.9814814814814816,0.160377358490566,0.160377358490566,0.6792452830188679
Mucosal Immunology,2020,1935-3456,1,2013,Immunology,Immunology,MUCOSAL IMMUNOL,46,54,63,63,9,17,37,64,0.7301587301587301,0.8571428571428571,0.984375,0.1428571428571428,0.2698412698412698,0.5873015873015873
Mucosal Immunology,2021,1935-3456,1,2013,Immunology,Immunology,MUCOSAL IMMUNOL,58,82,93,93,11,35,47,94,0.6236559139784946,0.8817204301075269,0.9893617021276596,0.1182795698924731,0.3763440860215054,0.5053763440860215
Mucosal Immunology,2022,1935-3456,1,2013,Immunology,Immunology,MUCOSAL IMMUNOL,37,70,72,72,2,35,35,72,0.5138888888888888,0.9722222222222222,1.0,0.0277777777777777,0.4861111111111111,0.4861111111111111
Mucosal Immunology,2023,1935-3456,1,2013,Immunology,Immunology,MUCOSAL IMMUNOL,16,55,55,55,0,39,16,55,0.2909090909090909,1.0,1.0,0.0,0.7090909090909091,0.2909090909090909
Mucosal Immunology,2024,1935-3456,1,2013,Immunology,Immunology,MUCOSAL IMMUNOL,37,83,84,84,1,47,36,84,0.4404761904761904,0.988095238095238,1.0,0.0119047619047619,0.5595238095238095,0.4285714285714285
Mucosal Immunology,2025,1935-3456,1,2013,Immunology,Immunology,MUCOSAL IMMUNOL,43,116,118,118,2,75,41,119,0.3644067796610169,0.9830508474576272,0.9915966386554622,0.0169491525423728,0.635593220338983,0.3474576271186441
Nature Genetics,2010,1546-1718,1,2013,Genetics & Heredity,Genetics & Heredity,NAT GENET,55,30,68,68,38,13,17,145,0.8088235294117647,0.4411764705882353,0.4689655172413793,0.5588235294117647,0.1911764705882352,0.25
Nature Genetics,2011,1546-1718,1,2013,Genetics & Heredity,Genetics & Heredity,NAT GENET,72,50,100,100,50,28,22,180,0.72,0.5,0.5555555555555556,0.5,0.28,0.22
Nature Genetics,2012,1546-1718,1,2013,Genetics & Heredity,Genetics & Heredity,NAT GENET,70,48,102,102,54,32,16,159,0.6862745098039216,0.4705882352941176,0.6415094339622641,0.5294117647058824,0.3137254901960784,0.1568627450980392
Nature Genetics,2013,1546-1718,1,2013,Genetics & Heredity,Genetics & Heredity,NAT GENET,76,57,111,111,54,35,22,192,0.6846846846846847,0.5135135135135135,0.578125,0.4864864864864865,0.3153153153153153,0.1981981981981982
Nature Genetics,2014,1546-1718,1,2013,Genetics & Heredity,Genetics & Heredity,NAT GENET,84,56,108,108,52,24,32,167,0.7777777777777778,0.5185185185185185,0.6467065868263473,0.4814814814814814,0.2222222222222222,0.2962962962962963
Nature Genetics,2015,1546-1718,1,2013,Genetics & Heredity,Genetics & Heredity,NAT GENET,96,85,134,134,49,38,47,183,0.7164179104477612,0.6343283582089553,0.73224043715847,0.3656716417910448,0.2835820895522388,0.3507462686567164
Nature Genetics,2016,1546-1718,1,2013,Genetics & Heredity,Genetics & Heredity,NAT GENET,81,103,137,137,34,56,47,175,0.5912408759124088,0.7518248175182481,0.7828571428571428,0.2481751824817518,0.4087591240875912,0.3430656934306569
Nature Genetics,2017,1546-1718,1,2013,Genetics & Heredity,Genetics & Heredity,NAT GENET,52,136,156,156,20,104,32,194,0.3333333333333333,0.8717948717948718,0.8041237113402062,0.1282051282051282,0.6666666666666666,0.2051282051282051
Nature Genetics,2018,1546-1718,1,2013,Genetics & Heredity,Genetics & Heredity,NAT GENET,44,111,118,118,7,74,37,149,0.3728813559322034,0.940677966101695,0.7919463087248322,0.059322033898305,0.6271186440677966,0.3135593220338983
Nature Genetics,2019,1546-1718,1,2013,Genetics & Heredity,Genetics & Heredity,NAT GENET,45,117,124,124,7,79,38,150,0.3629032258064516,0.9435483870967742,0.8266666666666667,0.0564516129032258,0.6370967741935484,0.3064516129032258
Nature Genetics,2020,1546-1718,1,2013,Genetics & Heredity,Genetics & Heredity,NAT GENET,53,108,110,110,2,57,51,121,0.4818181818181818,0.9818181818181818,0.9090909090909092,0.0181818181818181,0.5181818181818182,0.4636363636363636
Nature Genetics,2021,1546-1718,1,2013,Genetics & Heredity,Genetics & Heredity,NAT GENET,51,126,127,127,1,76,50,146,0.4015748031496063,0.9921259842519684,0.8698630136986302,0.0078740157480314,0.5984251968503937,0.3937007874015748
Nature Genetics,2022,1546-1718,1,2013,Genetics & Heredity,Genetics & Heredity,NAT GENET,62,127,137,137,10,75,52,147,0.4525547445255474,0.927007299270073,0.9319727891156464,0.072992700729927,0.5474452554744526,0.3795620437956204
Nature Genetics,2023,1546-1718,1,2013,Genetics & Heredity,Genetics & Heredity,NAT GENET,52,146,147,147,1,95,51,161,0.3537414965986394,0.9931972789115646,0.9130434782608696,0.0068027210884353,0.6462585034013606,0.3469387755102041
Nature Genetics,2024,1546-1718,1,2013,Genetics & Heredity,Genetics & Heredity,NAT GENET,85,192,197,197,5,112,80,216,0.4314720812182741,0.9746192893401016,0.9120370370370372,0.0253807106598984,0.5685279187817259,0.4060913705583756
Nature Genetics,2025,1546-1718,1,2013,Genetics & Heredity,Genetics & Heredity,NAT GENET,90,195,208,208,13,118,77,220,0.4326923076923077,0.9375,0.9454545454545454,0.0625,0.5673076923076923,0.3701923076923077
Nature Human Behaviour,2017,2397-3374,1,2013,Neurosciences,"Multidisciplinary Sciences; Neurosciences; Psychology, Experimental",NAT HUM BEHAV,14,10,18,18,8,4,6,31,0.7777777777777778,0.5555555555555556,0.5806451612903226,0.4444444444444444,0.2222222222222222,0.3333333333333333
Nature Human Behaviour,2018,2397-3374,1,2013,Neurosciences,"Multidisciplinary Sciences; Neurosciences; Psychology, Experimental",NAT HUM BEHAV,19,16,32,32,16,13,3,56,0.59375,0.5,0.5714285714285714,0.5,0.40625,0.09375
Nature Human Behaviour,2019,2397-3374,1,2013,Neurosciences,"Multidisciplinary Sciences; Neurosciences; Psychology, Experimental",NAT HUM BEHAV,20,36,46,46,10,26,10,84,0.4347826086956521,0.782608695652174,0.5476190476190477,0.217391304347826,0.5652173913043478,0.217391304347826
Nature Human Behaviour,2020,2397-3374,1,2013,Neurosciences,"Multidisciplinary Sciences; Neurosciences; Psychology, Experimental",NAT HUM BEHAV,19,52,62,62,10,43,9,95,0.3064516129032258,0.8387096774193549,0.6526315789473685,0.1612903225806451,0.6935483870967742,0.1451612903225806
Nature Human Behaviour,2021,2397-3374,1,2013,Neurosciences,"Multidisciplinary Sciences; Neurosciences; Psychology, Experimental",NAT HUM BEHAV,34,67,82,82,15,48,19,127,0.4146341463414634,0.8170731707317073,0.6456692913385826,0.1829268292682926,0.5853658536585366,0.2317073170731707
Nature Human Behaviour,2022,2397-3374,1,2013,Neurosciences,"Multidisciplinary Sciences; Neurosciences; Psychology, Experimental",NAT HUM BEHAV,30,55,69,69,14,39,16,111,0.4347826086956521,0.7971014492753623,0.6216216216216216,0.2028985507246377,0.5652173913043478,0.2318840579710145
Nature Human Behaviour,2023,2397-3374,1,2013,Neurosciences,"Multidisciplinary Sciences; Neurosciences; Psychology, Experimental",NAT HUM BEHAV,23,61,75,75,14,52,9,123,0.3066666666666666,0.8133333333333334,0.6097560975609756,0.1866666666666666,0.6933333333333334,0.12
Nature Human Behaviour,2024,2397-3374,1,2013,Neurosciences,"Multidisciplinary Sciences; Neurosciences; Psychology, Experimental",NAT HUM BEHAV,28,67,77,77,10,49,18,120,0.3636363636363636,0.8701298701298701,0.6416666666666667,0.1298701298701298,0.6363636363636364,0.2337662337662337
Nature Human Behaviour,2025,2397-3374,1,2013,Neurosciences,"Multidisciplinary Sciences; Neurosciences; Psychology, Experimental",NAT HUM BEHAV,34,80,91,91,11,57,23,139,0.3736263736263736,0.8791208791208791,0.6546762589928058,0.1208791208791208,0.6263736263736264,0.2527472527472527
Nature Immunology,2010,1529-2916,1,2013,Immunology,Immunology,NAT IMMUNOL,86,48,90,90,42,4,44,99,0.9555555555555556,0.5333333333333333,0.9090909090909092,0.4666666666666667,0.0444444444444444,0.4888888888888889
Nature Immunology,2011,1529-2916,1,2013,Immunology,Immunology,NAT IMMUNOL,107,58,114,114,56,7,51,120,0.9385964912280702,0.5087719298245614,0.95,0.4912280701754385,0.0614035087719298,0.4473684210526316
Nature Immunology,2012,1529-2916,1,2013,Immunology,Immunology,NAT IMMUNOL,77,48,83,83,35,6,42,92,0.927710843373494,0.5783132530120482,0.9021739130434784,0.4216867469879518,0.072289156626506,0.5060240963855421
Nature Immunology,2013,1529-2916,1,2013,Immunology,Immunology,NAT IMMUNOL,99,71,104,104,33,5,66,109,0.9519230769230768,0.6826923076923077,0.9541284403669724,0.3173076923076923,0.048076923076923,0.6346153846153846
Nature Immunology,2014,1529-2916,1,2013,Immunology,Immunology,NAT IMMUNOL,87,69,92,92,23,5,64,94,0.9456521739130436,0.75,0.9787234042553192,0.25,0.0543478260869565,0.6956521739130435
Nature Immunology,2015,1529-2916,1,2013,Immunology,Immunology,NAT IMMUNOL,89,83,96,96,13,7,76,100,0.9270833333333334,0.8645833333333334,0.96,0.1354166666666666,0.0729166666666666,0.7916666666666666
Nature Immunology,2016,1529-2916,1,2013,Immunology,Immunology,NAT IMMUNOL,98,102,121,121,19,23,79,127,0.8099173553719008,0.8429752066115702,0.952755905511811,0.1570247933884297,0.1900826446280991,0.6528925619834711
Nature Immunology,2017,1529-2916,1,2013,Immunology,Immunology,NAT IMMUNOL,66,88,98,98,10,32,56,103,0.673469387755102,0.8979591836734694,0.9514563106796116,0.1020408163265306,0.3265306122448979,0.5714285714285714
Nature Immunology,2018,1529-2916,1,2013,Immunology,Immunology,NAT IMMUNOL,51,88,92,92,4,41,47,93,0.5543478260869565,0.9565217391304348,0.989247311827957,0.0434782608695652,0.4456521739130434,0.5108695652173914
Nature Immunology,2019,1529-2916,1,2013,Immunology,Immunology,NAT IMMUNOL,36,113,113,113,0,77,36,116,0.3185840707964602,1.0,0.9741379310344828,0.0,0.6814159292035398,0.3185840707964602
Nature Immunology,2020,1529-2916,1,2013,Immunology,Immunology,NAT IMMUNOL,48,109,109,109,0,61,48,110,0.4403669724770642,1.0,0.990909090909091,0.0,0.5596330275229358,0.4403669724770642
Nature Immunology,2021,1529-2916,1,2013,Immunology,Immunology,NAT IMMUNOL,37,99,99,99,0,62,37,100,0.3737373737373737,1.0,0.99,0.0,0.6262626262626263,0.3737373737373737
Nature Immunology,2022,1529-2916,1,2013,Immunology,Immunology,NAT IMMUNOL,46,111,112,112,1,66,45,112,0.4107142857142857,0.9910714285714286,1.0,0.0089285714285714,0.5892857142857143,0.4017857142857143
Nature Immunology,2023,1529-2916,1,2013,Immunology,Immunology,NAT IMMUNOL,50,129,129,129,0,79,50,131,0.3875968992248062,1.0,0.9847328244274808,0.0,0.6124031007751938,0.3875968992248062
Nature Immunology,2024,1529-2916,1,2013,Immunology,Immunology,NAT IMMUNOL,47,140,140,140,0,93,47,140,0.3357142857142857,1.0,1.0,0.0,0.6642857142857143,0.3357142857142857
Nature Immunology,2025,1529-2916,1,2013,Immunology,Immunology,NAT IMMUNOL,58,134,134,134,0,76,58,137,0.4328358208955223,1.0,0.978102189781022,0.0,0.5671641791044776,0.4328358208955223
Nature Metabolism,2019,2522-5812,1,2013,Endocrinology & Metabolism,Endocrinology & Metabolism,NAT METAB,28,69,70,70,1,42,27,71,0.4,0.9857142857142858,0.9859154929577464,0.0142857142857142,0.6,0.3857142857142857
Nature Metabolism,2020,2522-5812,1,2013,Endocrinology & Metabolism,Endocrinology & Metabolism,NAT METAB,48,85,85,85,0,37,48,87,0.5647058823529412,1.0,0.9770114942528736,0.0,0.4352941176470588,0.5647058823529412
Nature Metabolism,2021,2522-5812,1,2013,Endocrinology & Metabolism,Endocrinology & Metabolism,NAT METAB,46,91,91,91,0,45,46,92,0.5054945054945055,1.0,0.9891304347826086,0.0,0.4945054945054945,0.5054945054945055
Nature Metabolism,2022,2522-5812,1,2013,Endocrinology & Metabolism,Endocrinology & Metabolism,NAT METAB,40,95,95,95,0,55,40,95,0.4210526315789473,1.0,1.0,0.0,0.5789473684210527,0.4210526315789473
Nature Metabolism,2023,2522-5812,1,2013,Endocrinology & Metabolism,Endocrinology & Metabolism,NAT METAB,47,110,110,110,0,63,47,112,0.4272727272727272,1.0,0.9821428571428572,0.0,0.5727272727272728,0.4272727272727272
Nature Metabolism,2024,2522-5812,1,2013,Endocrinology & Metabolism,Endocrinology & Metabolism,NAT METAB,52,110,111,111,1,59,51,116,0.4684684684684684,0.990990990990991,0.956896551724138,0.009009009009009,0.5315315315315315,0.4594594594594595
Nature Metabolism,2025,2522-5812,1,2013,Endocrinology & Metabolism,Endocrinology & Metabolism,NAT METAB,61,122,123,123,1,62,60,127,0.4959349593495935,0.991869918699187,0.968503937007874,0.008130081300813,0.5040650406504065,0.4878048780487805
Nature Neuroscience,2010,1546-1726,1,2013,Neurosciences,Neurosciences,NAT NEUROSCI,130,64,143,143,79,13,51,164,0.9090909090909092,0.4475524475524475,0.8719512195121951,0.5524475524475524,0.0909090909090909,0.3566433566433566
Nature Neuroscience,2011,1546-1726,1,2013,Neurosciences,Neurosciences,NAT NEUROSCI,146,79,170,170,91,24,55,197,0.8588235294117647,0.4647058823529412,0.8629441624365483,0.5352941176470588,0.1411764705882353,0.3235294117647059
Nature Neuroscience,2012,1546-1726,1,2013,Neurosciences,Neurosciences,NAT NEUROSCI,111,60,130,130,70,19,41,150,0.8538461538461538,0.4615384615384615,0.8666666666666667,0.5384615384615384,0.1461538461538461,0.3153846153846154
Nature Neuroscience,2013,1546-1726,1,2013,Neurosciences,Neurosciences,NAT NEUROSCI,145,111,186,186,75,41,70,202,0.7795698924731183,0.5967741935483871,0.9207920792079208,0.4032258064516129,0.2204301075268817,0.3763440860215054
Nature Neuroscience,2014,1546-1726,1,2013,Neurosciences,Neurosciences,NAT NEUROSCI,128,113,166,166,53,38,75,182,0.7710843373493976,0.6807228915662651,0.912087912087912,0.3192771084337349,0.2289156626506024,0.4518072289156626
Nature Neuroscience,2015,1546-1726,1,2013,Neurosciences,Neurosciences,NAT NEUROSCI,112,129,161,161,32,49,80,181,0.6956521739130435,0.8012422360248447,0.8895027624309392,0.1987577639751552,0.3043478260869565,0.4968944099378882
Nature Neuroscience,2016,1546-1726,1,2013,Neurosciences,Neurosciences,NAT NEUROSCI,55,125,136,136,11,81,44,161,0.4044117647058823,0.9191176470588236,0.84472049689441,0.0808823529411764,0.5955882352941176,0.3235294117647059
Nature Neuroscience,2017,1546-1726,1,2013,Neurosciences,Neurosciences,NAT NEUROSCI,38,143,146,146,3,108,35,159,0.2602739726027397,0.9794520547945206,0.9182389937106918,0.0205479452054794,0.7397260273972602,0.2397260273972602
Nature Neuroscience,2018,1546-1726,1,2013,Neurosciences,Neurosciences,NAT NEUROSCI,35,130,131,131,1,96,34,146,0.2671755725190839,0.9923664122137404,0.8972602739726028,0.0076335877862595,0.732824427480916,0.2595419847328244
Nature Neuroscience,2019,1546-1726,1,2013,Neurosciences,Neurosciences,NAT NEUROSCI,39,157,161,161,4,122,35,175,0.2422360248447205,0.9751552795031057,0.92,0.0248447204968944,0.7577639751552795,0.217391304347826
Nature Neuroscience,2020,1546-1726,1,2013,Neurosciences,Neurosciences,NAT NEUROSCI,46,120,122,122,2,76,44,130,0.3770491803278688,0.9836065573770492,0.9384615384615383,0.0163934426229508,0.6229508196721312,0.360655737704918
Nature Neuroscience,2021,1546-1726,1,2013,Neurosciences,Neurosciences,NAT NEUROSCI,48,130,132,132,2,84,46,137,0.3636363636363636,0.9848484848484848,0.9635036496350364,0.0151515151515151,0.6363636363636364,0.3484848484848485
Nature Neuroscience,2022,1546-1726,1,2013,Neurosciences,Neurosciences,NAT NEUROSCI,39,123,123,123,0,84,39,128,0.3170731707317073,1.0,0.9609375,0.0,0.6829268292682927,0.3170731707317073
Nature Neuroscience,2023,1546-1726,1,2013,Neurosciences,Neurosciences,NAT NEUROSCI,53,155,155,155,0,102,53,161,0.3419354838709677,1.0,0.9627329192546584,0.0,0.6580645161290323,0.3419354838709677
Nature Neuroscience,2024,1546-1726,1,2013,Neurosciences,Neurosciences,NAT NEUROSCI,82,176,178,178,2,96,80,182,0.4606741573033708,0.9887640449438202,0.978021978021978,0.0112359550561797,0.5393258426966292,0.449438202247191
Nature Neuroscience,2025,1546-1726,1,2013,Neurosciences,Neurosciences,NAT NEUROSCI,78,205,206,206,1,128,77,216,0.3786407766990291,0.9951456310679612,0.9537037037037036,0.0048543689320388,0.6213592233009708,0.3737864077669903
Neuro-Oncology,2010,1523-5866,0,,Clinical Neurology,Clinical Neurology; Oncology,NEURO-ONCOLOGY,53,26,65,65,39,12,14,124,0.8153846153846154,0.4,0.5241935483870968,0.6,0.1846153846153846,0.2153846153846154
Neuro-Oncology,2011,1523-5866,0,,Clinical Neurology,Clinical Neurology; Oncology,NEURO-ONCOLOGY,50,24,62,62,38,12,12,120,0.8064516129032258,0.3870967741935484,0.5166666666666667,0.6129032258064516,0.1935483870967742,0.1935483870967742
Neuro-Oncology,2012,1523-5866,0,,Clinical Neurology,Clinical Neurology; Oncology,NEURO-ONCOLOGY,58,45,75,75,30,17,28,132,0.7733333333333333,0.6,0.5681818181818182,0.4,0.2266666666666666,0.3733333333333333
Neuro-Oncology,2013,1523-5866,0,,Clinical Neurology,Clinical Neurology; Oncology,NEURO-ONCOLOGY,70,49,91,91,42,21,28,154,0.7692307692307693,0.5384615384615384,0.5909090909090909,0.4615384615384615,0.2307692307692307,0.3076923076923077
Neuro-Oncology,2014,1523-5866,0,,Clinical Neurology,Clinical Neurology; Oncology,NEURO-ONCOLOGY,47,43,64,64,21,17,26,137,0.734375,0.671875,0.4671532846715328,0.328125,0.265625,0.40625
Neuro-Oncology,2015,1523-5866,0,,Clinical Neurology,Clinical Neurology; Oncology,NEURO-ONCOLOGY,53,41,73,73,32,20,21,132,0.726027397260274,0.5616438356164384,0.553030303030303,0.4383561643835616,0.273972602739726,0.2876712328767123
Neuro-Oncology,2016,1523-5866,0,,Clinical Neurology,Clinical Neurology; Oncology,NEURO-ONCOLOGY,61,45,75,75,30,14,31,130,0.8133333333333334,0.6,0.5769230769230769,0.4,0.1866666666666666,0.4133333333333333
Neuro-Oncology,2017,1523-5866,0,,Clinical Neurology,Clinical Neurology; Oncology,NEURO-ONCOLOGY,42,43,66,66,23,24,19,125,0.6363636363636364,0.6515151515151515,0.528,0.3484848484848485,0.3636363636363636,0.2878787878787879
Neuro-Oncology,2018,1523-5866,0,,Clinical Neurology,Clinical Neurology; Oncology,NEURO-ONCOLOGY,47,44,62,62,18,15,29,118,0.7580645161290323,0.7096774193548387,0.5254237288135594,0.2903225806451613,0.2419354838709677,0.4677419354838709
Neuro-Oncology,2019,1523-5866,0,,Clinical Neurology,Clinical Neurology; Oncology,NEURO-ONCOLOGY,41,44,62,62,18,21,23,103,0.6612903225806451,0.7096774193548387,0.6019417475728155,0.2903225806451613,0.3387096774193548,0.3709677419354839
Neuro-Oncology,2020,1523-5866,0,,Clinical Neurology,Clinical Neurology; Oncology,NEURO-ONCOLOGY,45,57,69,69,12,24,33,127,0.6521739130434783,0.8260869565217391,0.5433070866141733,0.1739130434782608,0.3478260869565217,0.4782608695652174
Neuro-Oncology,2021,1523-5866,0,,Clinical Neurology,Clinical Neurology; Oncology,NEURO-ONCOLOGY,34,64,70,70,6,36,28,131,0.4857142857142857,0.9142857142857144,0.5343511450381679,0.0857142857142857,0.5142857142857142,0.4
Neuro-Oncology,2022,1523-5866,0,,Clinical Neurology,Clinical Neurology; Oncology,NEURO-ONCOLOGY,46,68,81,81,13,35,33,142,0.5679012345679012,0.8395061728395061,0.5704225352112676,0.1604938271604938,0.4320987654320987,0.4074074074074074
Neuro-Oncology,2023,1523-5866,0,,Clinical Neurology,Clinical Neurology; Oncology,NEURO-ONCOLOGY,50,84,95,95,11,45,39,152,0.5263157894736842,0.8842105263157894,0.625,0.1157894736842105,0.4736842105263157,0.4105263157894737
Neuro-Oncology,2024,1523-5866,0,,Clinical Neurology,Clinical Neurology; Oncology,NEURO-ONCOLOGY,45,88,94,94,6,49,39,142,0.4787234042553192,0.9361702127659576,0.6619718309859155,0.0638297872340425,0.5212765957446809,0.4148936170212766
Neuro-Oncology,2025,1523-5866,0,,Clinical Neurology,Clinical Neurology; Oncology,NEURO-ONCOLOGY,88,152,170,170,18,82,70,258,0.5176470588235295,0.8941176470588236,0.6589147286821705,0.1058823529411764,0.4823529411764706,0.4117647058823529
Neuron,2010,1097-4199,0,,Neurosciences,Neurosciences,NEURON,193,121,223,223,102,30,91,258,0.8654708520179372,0.5426008968609866,0.8643410852713178,0.4573991031390134,0.1345291479820627,0.4080717488789238
Neuron,2011,1097-4199,0,,Neurosciences,Neurosciences,NEURON,200,112,225,225,113,25,87,259,0.8888888888888888,0.4977777777777777,0.8687258687258688,0.5022222222222222,0.1111111111111111,0.3866666666666666
Neuron,2012,1097-4199,0,,Neurosciences,Neurosciences,NEURON,216,125,249,249,124,33,92,283,0.8674698795180723,0.5020080321285141,0.8798586572438163,0.4979919678714859,0.1325301204819277,0.3694779116465863
Neuron,2013,1097-4199,0,,Neurosciences,Neurosciences,NEURON,229,148,264,264,116,35,113,301,0.8674242424242424,0.5606060606060606,0.8770764119601329,0.4393939393939394,0.1325757575757575,0.428030303030303
Neuron,2014,1097-4199,0,,Neurosciences,Neurosciences,NEURON,248,165,289,289,124,41,124,326,0.8581314878892734,0.5709342560553633,0.8865030674846626,0.4290657439446367,0.1418685121107266,0.4290657439446367
Neuron,2015,1097-4199,0,,Neurosciences,Neurosciences,NEURON,215,175,265,265,90,50,125,283,0.8113207547169812,0.660377358490566,0.9363957597173144,0.3396226415094339,0.1886792452830188,0.4716981132075472
Neuron,2016,1097-4199,0,,Neurosciences,Neurosciences,NEURON,229,206,283,283,77,54,152,329,0.8091872791519434,0.7279151943462897,0.8601823708206687,0.2720848056537102,0.1908127208480565,0.5371024734982333
Neuron,2017,1097-4199,0,,Neurosciences,Neurosciences,NEURON,210,181,260,260,79,50,131,290,0.8076923076923077,0.6961538461538461,0.896551724137931,0.3038461538461538,0.1923076923076923,0.5038461538461538
Neuron,2018,1097-4199,0,,Neurosciences,Neurosciences,NEURON,194,220,282,282,62,88,132,301,0.6879432624113475,0.7801418439716312,0.9368770764119602,0.2198581560283688,0.3120567375886525,0.4680851063829787
Neuron,2019,1097-4199,0,,Neurosciences,Neurosciences,NEURON,127,163,197,197,34,70,93,220,0.6446700507614214,0.8274111675126904,0.8954545454545455,0.1725888324873096,0.3553299492385787,0.4720812182741117
Neuron,2020,1097-4199,0,,Neurosciences,Neurosciences,NEURON,112,197,219,219,22,107,90,237,0.5114155251141552,0.8995433789954338,0.9240506329113924,0.1004566210045662,0.4885844748858447,0.410958904109589
Neuron,2021,1097-4199,0,,Neurosciences,Neurosciences,NEURON,97,177,192,192,15,95,82,209,0.5052083333333334,0.921875,0.9186602870813396,0.078125,0.4947916666666667,0.4270833333333333
Neuron,2022,1097-4199,0,,Neurosciences,Neurosciences,NEURON,87,178,181,181,3,94,84,195,0.4806629834254143,0.9834254143646408,0.9282051282051282,0.0165745856353591,0.5193370165745856,0.4640883977900552
Neuron,2023,1097-4199,0,,Neurosciences,Neurosciences,NEURON,75,192,199,199,7,124,68,216,0.3768844221105528,0.964824120603015,0.9212962962962964,0.0351758793969849,0.6231155778894473,0.3417085427135678
Neuron,2024,1097-4199,0,,Neurosciences,Neurosciences,NEURON,72,181,193,193,12,121,60,204,0.3730569948186528,0.9378238341968912,0.946078431372549,0.0621761658031088,0.6269430051813472,0.310880829015544
Neuron,2025,1097-4199,0,,Neurosciences,Neurosciences,NEURON,65,174,177,177,3,112,62,183,0.3672316384180791,0.9830508474576272,0.9672131147540984,0.0169491525423728,0.632768361581921,0.3502824858757062
Neuropathology and Applied Neurobiology,2010,1365-2990,0,,Clinical Neurology,Clinical Neurology; Neurosciences; Pathology,NEUROPATH APPL NEURO,22,10,26,26,16,4,6,37,0.8461538461538461,0.3846153846153846,0.7027027027027027,0.6153846153846154,0.1538461538461538,0.2307692307692307
Neuropathology and Applied Neurobiology,2011,1365-2990,0,,Clinical Neurology,Clinical Neurology; Neurosciences; Pathology,NEUROPATH APPL NEURO,22,11,27,27,16,5,6,38,0.8148148148148148,0.4074074074074074,0.7105263157894737,0.5925925925925926,0.1851851851851851,0.2222222222222222
Neuropathology and Applied Neurobiology,2012,1365-2990,0,,Clinical Neurology,Clinical Neurology; Neurosciences; Pathology,NEUROPATH APPL NEURO,23,10,28,28,18,5,5,39,0.8214285714285714,0.3571428571428571,0.717948717948718,0.6428571428571429,0.1785714285714285,0.1785714285714285
Neuropathology and Applied Neurobiology,2013,1365-2990,0,,Clinical Neurology,Clinical Neurology; Neurosciences; Pathology,NEUROPATH APPL NEURO,21,14,30,30,16,9,5,46,0.7,0.4666666666666667,0.6521739130434783,0.5333333333333333,0.3,0.1666666666666666
Neuropathology and Applied Neurobiology,2014,1365-2990,0,,Clinical Neurology,Clinical Neurology; Neurosciences; Pathology,NEUROPATH APPL NEURO,27,9,33,33,24,6,3,48,0.8181818181818182,0.2727272727272727,0.6875,0.7272727272727273,0.1818181818181818,0.0909090909090909
Neuropathology and Applied Neurobiology,2015,1365-2990,0,,Clinical Neurology,Clinical Neurology; Neurosciences; Pathology,NEUROPATH APPL NEURO,27,17,35,35,18,8,9,48,0.7714285714285715,0.4857142857142857,0.7291666666666666,0.5142857142857142,0.2285714285714285,0.2571428571428571
Neuropathology and Applied Neurobiology,2016,1365-2990,0,,Clinical Neurology,Clinical Neurology; Neurosciences; Pathology,NEUROPATH APPL NEURO,15,6,17,17,11,2,4,26,0.8823529411764706,0.3529411764705882,0.6538461538461539,0.6470588235294118,0.1176470588235294,0.2352941176470588
Neuropathology and Applied Neurobiology,2017,1365-2990,0,,Clinical Neurology,Clinical Neurology; Neurosciences; Pathology,NEUROPATH APPL NEURO,11,8,16,16,8,5,3,24,0.6875,0.5,0.6666666666666666,0.5,0.3125,0.1875
Neuropathology and Applied Neurobiology,2018,1365-2990,0,,Clinical Neurology,Clinical Neurology; Neurosciences; Pathology,NEUROPATH APPL NEURO,11,15,20,20,5,9,6,29,0.55,0.75,0.6896551724137931,0.25,0.45,0.3
Neuropathology and Applied Neurobiology,2019,1365-2990,0,,Clinical Neurology,Clinical Neurology; Neurosciences; Pathology,NEUROPATH APPL NEURO,11,17,24,24,7,13,4,28,0.4583333333333333,0.7083333333333334,0.8571428571428571,0.2916666666666667,0.5416666666666666,0.1666666666666666
Neuropathology and Applied Neurobiology,2020,1365-2990,0,,Clinical Neurology,Clinical Neurology; Neurosciences; Pathology,NEUROPATH APPL NEURO,17,17,24,24,7,7,10,28,0.7083333333333334,0.7083333333333334,0.8571428571428571,0.2916666666666667,0.2916666666666667,0.4166666666666667
Neuropathology and Applied Neurobiology,2021,1365-2990,0,,Clinical Neurology,Clinical Neurology; Neurosciences; Pathology,NEUROPATH APPL NEURO,29,40,53,53,13,24,16,66,0.5471698113207547,0.7547169811320755,0.803030303030303,0.2452830188679245,0.4528301886792453,0.3018867924528302
Neuropathology and Applied Neurobiology,2022,1365-2990,0,,Clinical Neurology,Clinical Neurology; Neurosciences; Pathology,NEUROPATH APPL NEURO,30,33,45,45,12,15,18,63,0.6666666666666666,0.7333333333333333,0.7142857142857143,0.2666666666666666,0.3333333333333333,0.4
Neuropathology and Applied Neurobiology,2023,1365-2990,0,,Clinical Neurology,Clinical Neurology; Neurosciences; Pathology,NEUROPATH APPL NEURO,27,34,47,47,13,20,14,58,0.574468085106383,0.723404255319149,0.8103448275862069,0.2765957446808511,0.425531914893617,0.2978723404255319
Neuropathology and Applied Neurobiology,2024,1365-2990,0,,Clinical Neurology,Clinical Neurology; Neurosciences; Pathology,NEUROPATH APPL NEURO,7,22,23,23,1,16,6,30,0.3043478260869565,0.9565217391304348,0.7666666666666667,0.0434782608695652,0.6956521739130435,0.2608695652173913
Neuropathology and Applied Neurobiology,2025,1365-2990,0,,Clinical Neurology,Clinical Neurology; Neurosciences; Pathology,NEUROPATH APPL NEURO,5,21,23,23,2,18,3,32,0.217391304347826,0.9130434782608696,0.71875,0.0869565217391304,0.782608695652174,0.1304347826086956
Neurophysiologie Clinique-Clinical Neurophysiology,2010,1769-7131,0,,Physiology,Clinical Neurology; Neurosciences; Physiology,NEUROPHYSIOL CLIN,1,2,3,3,1,2,0,10,0.3333333333333333,0.6666666666666666,0.3,0.3333333333333333,0.6666666666666666,0.0
Neurophysiologie Clinique-Clinical Neurophysiology,2011,1769-7131,0,,Physiology,Clinical Neurology; Neurosciences; Physiology,NEUROPHYSIOL CLIN,1,0,1,1,1,0,0,9,1.0,0.0,0.1111111111111111,1.0,0.0,0.0
Neurophysiologie Clinique-Clinical Neurophysiology,2012,1769-7131,0,,Physiology,Clinical Neurology; Neurosciences; Physiology,NEUROPHYSIOL CLIN,1,1,2,2,1,1,0,16,0.5,0.5,0.125,0.5,0.5,0.0
Neurophysiologie Clinique-Clinical Neurophysiology,2013,1769-7131,0,,Physiology,Clinical Neurology; Neurosciences; Physiology,NEUROPHYSIOL CLIN,4,1,5,5,4,1,0,15,0.8,0.2,0.3333333333333333,0.8,0.2,0.0
Neurophysiologie Clinique-Clinical Neurophysiology,2014,1769-7131,0,,Physiology,Clinical Neurology; Neurosciences; Physiology,NEUROPHYSIOL CLIN,8,1,9,9,8,1,0,27,0.8888888888888888,0.1111111111111111,0.3333333333333333,0.8888888888888888,0.1111111111111111,0.0
Neurophysiologie Clinique-Clinical Neurophysiology,2015,1769-7131,0,,Physiology,Clinical Neurology; Neurosciences; Physiology,NEUROPHYSIOL CLIN,4,1,5,5,4,1,0,18,0.8,0.2,0.2777777777777778,0.8,0.2,0.0
Neurophysiologie Clinique-Clinical Neurophysiology,2016,1769-7131,0,,Physiology,Clinical Neurology; Neurosciences; Physiology,NEUROPHYSIOL CLIN,2,0,2,2,2,0,0,13,1.0,0.0,0.1538461538461538,1.0,0.0,0.0
Neurophysiologie Clinique-Clinical Neurophysiology,2017,1769-7131,0,,Physiology,Clinical Neurology; Neurosciences; Physiology,NEUROPHYSIOL CLIN,5,4,9,9,5,4,0,27,0.5555555555555556,0.4444444444444444,0.3333333333333333,0.5555555555555556,0.4444444444444444,0.0
Neurophysiologie Clinique-Clinical Neurophysiology,2018,1769-7131,0,,Physiology,Clinical Neurology; Neurosciences; Physiology,NEUROPHYSIOL CLIN,5,0,5,5,5,0,0,17,1.0,0.0,0.2941176470588235,1.0,0.0,0.0
Neurophysiologie Clinique-Clinical Neurophysiology,2019,1769-7131,0,,Physiology,Clinical Neurology; Neurosciences; Physiology,NEUROPHYSIOL CLIN,8,3,11,11,8,3,0,28,0.7272727272727273,0.2727272727272727,0.3928571428571428,0.7272727272727273,0.2727272727272727,0.0
Neurophysiologie Clinique-Clinical Neurophysiology,2020,1769-7131,0,,Physiology,Clinical Neurology; Neurosciences; Physiology,NEUROPHYSIOL CLIN,7,5,12,12,7,5,0,29,0.5833333333333334,0.4166666666666667,0.4137931034482758,0.5833333333333334,0.4166666666666667,0.0
Neurophysiologie Clinique-Clinical Neurophysiology,2021,1769-7131,0,,Physiology,Clinical Neurology; Neurosciences; Physiology,NEUROPHYSIOL CLIN,10,9,18,18,9,8,1,37,0.5555555555555556,0.5,0.4864864864864865,0.5,0.4444444444444444,0.0555555555555555
Neurophysiologie Clinique-Clinical Neurophysiology,2022,1769-7131,0,,Physiology,Clinical Neurology; Neurosciences; Physiology,NEUROPHYSIOL CLIN,8,7,14,14,7,6,1,36,0.5714285714285714,0.5,0.3888888888888889,0.5,0.4285714285714285,0.0714285714285714
Neurophysiologie Clinique-Clinical Neurophysiology,2023,1769-7131,0,,Physiology,Clinical Neurology; Neurosciences; Physiology,NEUROPHYSIOL CLIN,5,11,16,16,5,11,0,31,0.3125,0.6875,0.5161290322580645,0.3125,0.6875,0.0
Neurophysiologie Clinique-Clinical Neurophysiology,2024,1769-7131,0,,Physiology,Clinical Neurology; Neurosciences; Physiology,NEUROPHYSIOL CLIN,3,12,14,14,2,11,1,29,0.2142857142857142,0.8571428571428571,0.4827586206896552,0.1428571428571428,0.7857142857142857,0.0714285714285714
Neurophysiologie Clinique-Clinical Neurophysiology,2025,1769-7131,0,,Physiology,Clinical Neurology; Neurosciences; Physiology,NEUROPHYSIOL CLIN,0,5,5,5,0,5,0,11,0.0,1.0,0.4545454545454545,0.0,1.0,0.0
Neurotherapeutics,2011,1878-7479,0,,Clinical Neurology,Clinical Neurology; Neurosciences; Pharmacology & Pharmacy,NEUROTHERAPEUTICS,5,1,5,5,4,0,1,9,1.0,0.2,0.5555555555555556,0.8,0.0,0.2
Neurotherapeutics,2012,1878-7479,0,,Clinical Neurology,Clinical Neurology; Neurosciences; Pharmacology & Pharmacy,NEUROTHERAPEUTICS,13,2,13,13,11,0,2,15,1.0,0.1538461538461538,0.8666666666666667,0.8461538461538461,0.0,0.1538461538461538
Neurotherapeutics,2013,1878-7479,0,,Clinical Neurology,Clinical Neurology; Neurosciences; Pharmacology & Pharmacy,NEUROTHERAPEUTICS,8,2,8,8,6,0,2,11,1.0,0.25,0.7272727272727273,0.75,0.0,0.25
Neurotherapeutics,2014,1878-7479,0,,Clinical Neurology,Clinical Neurology; Neurosciences; Pharmacology & Pharmacy,NEUROTHERAPEUTICS,11,1,11,11,10,0,1,16,1.0,0.0909090909090909,0.6875,0.9090909090909092,0.0,0.0909090909090909
Neurotherapeutics,2015,1878-7479,0,,Clinical Neurology,Clinical Neurology; Neurosciences; Pharmacology & Pharmacy,NEUROTHERAPEUTICS,14,1,14,14,13,0,1,17,1.0,0.0714285714285714,0.8235294117647058,0.9285714285714286,0.0,0.0714285714285714
Neurotherapeutics,2016,1878-7479,0,,Clinical Neurology,Clinical Neurology; Neurosciences; Pharmacology & Pharmacy,NEUROTHERAPEUTICS,15,6,17,17,11,2,4,21,0.8823529411764706,0.3529411764705882,0.8095238095238095,0.6470588235294118,0.1176470588235294,0.2352941176470588
Neurotherapeutics,2017,1878-7479,0,,Clinical Neurology,Clinical Neurology; Neurosciences; Pharmacology & Pharmacy,NEUROTHERAPEUTICS,17,7,18,18,11,1,6,23,0.9444444444444444,0.3888888888888889,0.782608695652174,0.6111111111111112,0.0555555555555555,0.3333333333333333
Neurotherapeutics,2018,1878-7479,0,,Clinical Neurology,Clinical Neurology; Neurosciences; Pharmacology & Pharmacy,NEUROTHERAPEUTICS,19,8,22,22,14,3,5,29,0.8636363636363636,0.3636363636363636,0.7586206896551724,0.6363636363636364,0.1363636363636363,0.2272727272727272
Neurotherapeutics,2019,1878-7479,0,,Clinical Neurology,Clinical Neurology; Neurosciences; Pharmacology & Pharmacy,NEUROTHERAPEUTICS,27,20,39,39,19,12,8,47,0.6923076923076923,0.5128205128205128,0.8297872340425532,0.4871794871794871,0.3076923076923077,0.2051282051282051
Neurotherapeutics,2020,1878-7479,0,,Clinical Neurology,Clinical Neurology; Neurosciences; Pharmacology & Pharmacy,NEUROTHERAPEUTICS,55,31,67,67,36,12,19,75,0.8208955223880597,0.4626865671641791,0.8933333333333333,0.5373134328358209,0.1791044776119403,0.2835820895522388
Neurotherapeutics,2021,1878-7479,0,,Clinical Neurology,Clinical Neurology; Neurosciences; Pharmacology & Pharmacy,NEUROTHERAPEUTICS,68,63,100,100,37,32,31,115,0.68,0.63,0.8695652173913043,0.37,0.32,0.31
Neurotherapeutics,2022,1878-7479,0,,Clinical Neurology,Clinical Neurology; Neurosciences; Pharmacology & Pharmacy,NEUROTHERAPEUTICS,38,36,52,52,16,14,22,65,0.7307692307692307,0.6923076923076923,0.8,0.3076923076923077,0.2692307692307692,0.4230769230769231
Neurotherapeutics,2023,1878-7479,0,,Clinical Neurology,Clinical Neurology; Neurosciences; Pharmacology & Pharmacy,NEUROTHERAPEUTICS,30,45,55,55,10,25,20,71,0.5454545454545454,0.8181818181818182,0.7746478873239436,0.1818181818181818,0.4545454545454545,0.3636363636363636
Neurotherapeutics,2024,1878-7479,0,,Clinical Neurology,Clinical Neurology; Neurosciences; Pharmacology & Pharmacy,NEUROTHERAPEUTICS,31,50,63,63,13,32,18,82,0.492063492063492,0.7936507936507936,0.7682926829268293,0.2063492063492063,0.5079365079365079,0.2857142857142857
Neurotherapeutics,2025,1878-7479,0,,Clinical Neurology,Clinical Neurology; Neurosciences; Pharmacology & Pharmacy,NEUROTHERAPEUTICS,62,106,130,130,24,68,38,162,0.4769230769230769,0.8153846153846154,0.8024691358024691,0.1846153846153846,0.5230769230769231,0.2923076923076923
Npj Breast Cancer,2015,2374-4677,1,2013,Oncology,Oncology,NPJ BREAST CANCER,2,3,3,3,0,1,2,7,0.6666666666666666,1.0,0.4285714285714285,0.0,0.3333333333333333,0.6666666666666666
Npj Breast Cancer,2016,2374-4677,1,2013,Oncology,Oncology,NPJ BREAST CANCER,5,5,7,7,2,2,3,20,0.7142857142857143,0.7142857142857143,0.35,0.2857142857142857,0.2857142857142857,0.4285714285714285
Npj Breast Cancer,2017,2374-4677,1,2013,Oncology,Oncology,NPJ BREAST CANCER,14,14,20,20,6,6,8,37,0.7,0.7,0.5405405405405406,0.3,0.3,0.4
Npj Breast Cancer,2018,2374-4677,1,2013,Oncology,Oncology,NPJ BREAST CANCER,5,11,13,13,2,8,3,27,0.3846153846153846,0.8461538461538461,0.4814814814814814,0.1538461538461538,0.6153846153846154,0.2307692307692307
Npj Breast Cancer,2019,2374-4677,1,2013,Oncology,Oncology,NPJ BREAST CANCER,8,15,18,18,3,10,5,32,0.4444444444444444,0.8333333333333334,0.5625,0.1666666666666666,0.5555555555555556,0.2777777777777778
Npj Breast Cancer,2020,2374-4677,1,2013,Oncology,Oncology,NPJ BREAST CANCER,10,26,28,28,2,18,8,50,0.3571428571428571,0.9285714285714286,0.56,0.0714285714285714,0.6428571428571429,0.2857142857142857
Npj Breast Cancer,2021,2374-4677,1,2013,Oncology,Oncology,NPJ BREAST CANCER,35,75,84,84,9,49,26,138,0.4166666666666667,0.8928571428571429,0.6086956521739131,0.1071428571428571,0.5833333333333334,0.3095238095238095
Npj Breast Cancer,2022,2374-4677,1,2013,Oncology,Oncology,NPJ BREAST CANCER,31,60,70,70,10,39,21,117,0.4428571428571428,0.8571428571428571,0.5982905982905983,0.1428571428571428,0.5571428571428572,0.3
Npj Breast Cancer,2023,2374-4677,1,2013,Oncology,Oncology,NPJ BREAST CANCER,21,30,40,40,10,19,11,74,0.525,0.75,0.5405405405405406,0.25,0.475,0.275
Npj Breast Cancer,2024,2374-4677,1,2013,Oncology,Oncology,NPJ BREAST CANCER,15,40,45,45,5,30,10,92,0.3333333333333333,0.8888888888888888,0.4891304347826087,0.1111111111111111,0.6666666666666666,0.2222222222222222
Npj Breast Cancer,2025,2374-4677,1,2013,Oncology,Oncology,NPJ BREAST CANCER,29,70,78,78,8,49,21,140,0.3717948717948718,0.8974358974358975,0.5571428571428572,0.1025641025641025,0.6282051282051282,0.2692307692307692
Npj Genomic Medicine,2016,2056-7944,1,2013,Genetics & Heredity,Genetics & Heredity,NPJ GENOM MED,7,6,11,11,5,4,2,25,0.6363636363636364,0.5454545454545454,0.44,0.4545454545454545,0.3636363636363636,0.1818181818181818
Npj Genomic Medicine,2017,2056-7944,1,2013,Genetics & Heredity,Genetics & Heredity,NPJ GENOM MED,10,15,19,19,4,9,6,25,0.5263157894736842,0.7894736842105263,0.76,0.2105263157894736,0.4736842105263157,0.3157894736842105
Npj Genomic Medicine,2018,2056-7944,1,2013,Genetics & Heredity,Genetics & Heredity,NPJ GENOM MED,7,10,13,13,3,6,4,23,0.5384615384615384,0.7692307692307693,0.5652173913043478,0.2307692307692307,0.4615384615384615,0.3076923076923077
Npj Genomic Medicine,2019,2056-7944,1,2013,Genetics & Heredity,Genetics & Heredity,NPJ GENOM MED,7,7,10,10,3,3,4,20,0.7,0.7,0.5,0.3,0.3,0.4
Npj Genomic Medicine,2020,2056-7944,1,2013,Genetics & Heredity,Genetics & Heredity,NPJ GENOM MED,11,15,20,20,5,9,6,39,0.55,0.75,0.5128205128205128,0.25,0.45,0.3
Npj Genomic Medicine,2021,2056-7944,1,2013,Genetics & Heredity,Genetics & Heredity,NPJ GENOM MED,15,38,46,46,8,31,7,92,0.3260869565217391,0.8260869565217391,0.5,0.1739130434782608,0.6739130434782609,0.1521739130434782
Npj Genomic Medicine,2022,2056-7944,1,2013,Genetics & Heredity,Genetics & Heredity,NPJ GENOM MED,17,30,37,37,7,20,10,65,0.4594594594594595,0.8108108108108109,0.5692307692307692,0.1891891891891892,0.5405405405405406,0.2702702702702703
Npj Genomic Medicine,2023,2056-7944,1,2013,Genetics & Heredity,Genetics & Heredity,NPJ GENOM MED,6,17,20,20,3,14,3,35,0.3,0.85,0.5714285714285714,0.15,0.7,0.15
Npj Genomic Medicine,2024,2056-7944,1,2013,Genetics & Heredity,Genetics & Heredity,NPJ GENOM MED,6,25,28,28,3,22,3,56,0.2142857142857142,0.8928571428571429,0.5,0.1071428571428571,0.7857142857142857,0.1071428571428571
Npj Genomic Medicine,2025,2056-7944,1,2013,Genetics & Heredity,Genetics & Heredity,NPJ GENOM MED,13,26,31,31,5,18,8,79,0.4193548387096774,0.8387096774193549,0.3924050632911392,0.1612903225806451,0.5806451612903226,0.2580645161290322
Npj Parkinsons Disease,2015,2373-8057,1,2013,Neurosciences,Neurosciences,NPJ PARKINSONS DIS,5,2,6,6,4,1,1,9,0.8333333333333334,0.3333333333333333,0.6666666666666666,0.6666666666666666,0.1666666666666666,0.1666666666666666
Npj Parkinsons Disease,2016,2373-8057,1,2013,Neurosciences,Neurosciences,NPJ PARKINSONS DIS,4,2,5,5,3,1,1,9,0.8,0.4,0.5555555555555556,0.6,0.2,0.2
Npj Parkinsons Disease,2017,2373-8057,1,2013,Neurosciences,Neurosciences,NPJ PARKINSONS DIS,5,5,7,7,2,2,3,21,0.7142857142857143,0.7142857142857143,0.3333333333333333,0.2857142857142857,0.2857142857142857,0.4285714285714285
Npj Parkinsons Disease,2018,2373-8057,1,2013,Neurosciences,Neurosciences,NPJ PARKINSONS DIS,6,12,16,16,4,10,2,26,0.375,0.75,0.6153846153846154,0.25,0.625,0.125
Npj Parkinsons Disease,2019,2373-8057,1,2013,Neurosciences,Neurosciences,NPJ PARKINSONS DIS,8,8,13,13,5,5,3,24,0.6153846153846154,0.6153846153846154,0.5416666666666666,0.3846153846153846,0.3846153846153846,0.2307692307692307
Npj Parkinsons Disease,2020,2373-8057,1,2013,Neurosciences,Neurosciences,NPJ PARKINSONS DIS,8,8,15,15,7,7,1,30,0.5333333333333333,0.5333333333333333,0.5,0.4666666666666667,0.4666666666666667,0.0666666666666666
Npj Parkinsons Disease,2021,2373-8057,1,2013,Neurosciences,Neurosciences,NPJ PARKINSONS DIS,21,54,63,63,9,42,12,98,0.3333333333333333,0.8571428571428571,0.6428571428571429,0.1428571428571428,0.6666666666666666,0.1904761904761904
Npj Parkinsons Disease,2022,2373-8057,1,2013,Neurosciences,Neurosciences,NPJ PARKINSONS DIS,35,77,88,88,11,53,24,141,0.3977272727272727,0.875,0.624113475177305,0.125,0.6022727272727273,0.2727272727272727
Npj Parkinsons Disease,2023,2373-8057,1,2013,Neurosciences,Neurosciences,NPJ PARKINSONS DIS,26,87,95,95,8,69,18,138,0.2736842105263158,0.9157894736842104,0.6884057971014492,0.0842105263157894,0.7263157894736842,0.1894736842105263
Npj Parkinsons Disease,2024,2373-8057,1,2013,Neurosciences,Neurosciences,NPJ PARKINSONS DIS,38,132,144,144,12,106,26,211,0.2638888888888889,0.9166666666666666,0.6824644549763034,0.0833333333333333,0.7361111111111112,0.1805555555555555
Npj Parkinsons Disease,2025,2373-8057,1,2013,Neurosciences,Neurosciences,NPJ PARKINSONS DIS,75,219,239,239,20,164,55,341,0.3138075313807531,0.9163179916317992,0.7008797653958945,0.0836820083682008,0.6861924686192469,0.2301255230125523
Npj Precision Oncology,2017,2397-768X,1,2013,Oncology,Oncology,NPJ PRECIS ONCOL,7,7,10,10,3,3,4,22,0.7,0.7,0.4545454545454545,0.3,0.3,0.4
Npj Precision Oncology,2018,2397-768X,1,2013,Oncology,Oncology,NPJ PRECIS ONCOL,6,7,9,9,2,3,4,9,0.6666666666666666,0.7777777777777778,1.0,0.2222222222222222,0.3333333333333333,0.4444444444444444
Npj Precision Oncology,2019,2397-768X,1,2013,Oncology,Oncology,NPJ PRECIS ONCOL,8,13,15,15,2,7,6,20,0.5333333333333333,0.8666666666666667,0.75,0.1333333333333333,0.4666666666666667,0.4
Npj Precision Oncology,2020,2397-768X,1,2013,Oncology,Oncology,NPJ PRECIS ONCOL,7,12,14,14,2,7,5,25,0.5,0.8571428571428571,0.56,0.1428571428571428,0.5,0.3571428571428571
Npj Precision Oncology,2021,2397-768X,1,2013,Oncology,Oncology,NPJ PRECIS ONCOL,32,62,66,66,4,34,28,88,0.4848484848484848,0.9393939393939394,0.75,0.0606060606060606,0.5151515151515151,0.4242424242424242
Npj Precision Oncology,2022,2397-768X,1,2013,Oncology,Oncology,NPJ PRECIS ONCOL,28,55,65,65,10,37,18,79,0.4307692307692308,0.8461538461538461,0.8227848101265823,0.1538461538461538,0.5692307692307692,0.2769230769230769
Npj Precision Oncology,2023,2397-768X,1,2013,Oncology,Oncology,NPJ PRECIS ONCOL,32,72,82,82,10,50,22,115,0.3902439024390244,0.8780487804878049,0.7130434782608696,0.1219512195121951,0.6097560975609756,0.2682926829268293
Npj Precision Oncology,2024,2397-768X,1,2013,Oncology,Oncology,NPJ PRECIS ONCOL,76,161,182,182,21,106,55,253,0.4175824175824176,0.8846153846153846,0.7193675889328063,0.1153846153846153,0.5824175824175825,0.3021978021978022
Npj Precision Oncology,2025,2397-768X,1,2013,Oncology,Oncology,NPJ PRECIS ONCOL,126,284,305,305,21,179,105,401,0.4131147540983607,0.9311475409836064,0.7605985037406484,0.0688524590163934,0.5868852459016394,0.3442622950819672
Npj Vaccines,2016,2059-0105,1,2013,Immunology,"Immunology; Medicine, Research & Experimental",NPJ VACCINES,6,8,10,10,2,4,4,11,0.6,0.8,0.9090909090909092,0.2,0.4,0.4
Npj Vaccines,2017,2059-0105,1,2013,Immunology,"Immunology; Medicine, Research & Experimental",NPJ VACCINES,18,22,28,28,6,10,12,33,0.6428571428571429,0.7857142857142857,0.8484848484848485,0.2142857142857142,0.3571428571428571,0.4285714285714285
Npj Vaccines,2018,2059-0105,1,2013,Immunology,"Immunology; Medicine, Research & Experimental",NPJ VACCINES,24,28,34,34,6,10,18,39,0.7058823529411765,0.8235294117647058,0.8717948717948718,0.1764705882352941,0.2941176470588235,0.5294117647058824
Npj Vaccines,2019,2059-0105,1,2013,Immunology,"Immunology; Medicine, Research & Experimental",NPJ VACCINES,12,34,37,37,3,25,9,41,0.3243243243243243,0.918918918918919,0.902439024390244,0.081081081081081,0.6756756756756757,0.2432432432432432
Npj Vaccines,2020,2059-0105,1,2013,Immunology,"Immunology; Medicine, Research & Experimental",NPJ VACCINES,35,76,80,80,4,45,31,84,0.4375,0.95,0.9523809523809524,0.05,0.5625,0.3875
Npj Vaccines,2021,2059-0105,1,2013,Immunology,"Immunology; Medicine, Research & Experimental",NPJ VACCINES,54,101,110,110,9,56,45,124,0.4909090909090909,0.9181818181818182,0.8870967741935484,0.0818181818181818,0.509090909090909,0.4090909090909091
Npj Vaccines,2022,2059-0105,1,2013,Immunology,"Immunology; Medicine, Research & Experimental",NPJ VACCINES,52,111,125,125,14,73,38,143,0.416,0.888,0.8741258741258742,0.112,0.584,0.304
Npj Vaccines,2023,2059-0105,1,2013,Immunology,"Immunology; Medicine, Research & Experimental",NPJ VACCINES,56,127,134,134,7,78,49,152,0.417910447761194,0.9477611940298508,0.881578947368421,0.0522388059701492,0.582089552238806,0.3656716417910448
Npj Vaccines,2024,2059-0105,1,2013,Immunology,"Immunology; Medicine, Research & Experimental",NPJ VACCINES,68,172,179,179,7,111,61,216,0.3798882681564245,0.9608938547486032,0.8287037037037037,0.0391061452513966,0.6201117318435754,0.3407821229050279
Npj Vaccines,2025,2059-0105,1,2013,Immunology,"Immunology; Medicine, Research & Experimental",NPJ VACCINES,96,203,219,219,16,123,80,261,0.4383561643835616,0.9269406392694064,0.8390804597701149,0.0730593607305936,0.5616438356164384,0.365296803652968
Nutrition & Diabetes,2011,2044-4052,1,2013,Endocrinology & Metabolism,Endocrinology & Metabolism; Nutrition & Dietetics,NUTR DIABETES,15,3,16,16,13,1,2,22,0.9375,0.1875,0.7272727272727273,0.8125,0.0625,0.125
Nutrition & Diabetes,2012,2044-4052,1,2013,Endocrinology & Metabolism,Endocrinology & Metabolism; Nutrition & Dietetics,NUTR DIABETES,16,2,17,17,15,1,1,33,0.9411764705882352,0.1176470588235294,0.5151515151515151,0.8823529411764706,0.0588235294117647,0.0588235294117647
Nutrition & Diabetes,2013,2044-4052,1,2013,Endocrinology & Metabolism,Endocrinology & Metabolism; Nutrition & Dietetics,NUTR DIABETES,13,7,18,18,11,5,2,33,0.7222222222222222,0.3888888888888889,0.5454545454545454,0.6111111111111112,0.2777777777777778,0.1111111111111111
Nutrition & Diabetes,2014,2044-4052,1,2013,Endocrinology & Metabolism,Endocrinology & Metabolism; Nutrition & Dietetics,NUTR DIABETES,20,7,22,22,15,2,5,42,0.9090909090909092,0.3181818181818182,0.5238095238095238,0.6818181818181818,0.0909090909090909,0.2272727272727272
Nutrition & Diabetes,2015,2044-4052,1,2013,Endocrinology & Metabolism,Endocrinology & Metabolism; Nutrition & Dietetics,NUTR DIABETES,14,4,18,18,14,4,0,32,0.7777777777777778,0.2222222222222222,0.5625,0.7777777777777778,0.2222222222222222,0.0
Nutrition & Diabetes,2016,2044-4052,1,2013,Endocrinology & Metabolism,Endocrinology & Metabolism; Nutrition & Dietetics,NUTR DIABETES,17,2,19,19,17,2,0,35,0.8947368421052632,0.1052631578947368,0.5428571428571428,0.8947368421052632,0.1052631578947368,0.0
Nutrition & Diabetes,2017,2044-4052,1,2013,Endocrinology & Metabolism,Endocrinology & Metabolism; Nutrition & Dietetics,NUTR DIABETES,11,3,14,14,11,3,0,39,0.7857142857142857,0.2142857142857142,0.358974358974359,0.7857142857142857,0.2142857142857142,0.0
Nutrition & Diabetes,2018,2044-4052,1,2013,Endocrinology & Metabolism,Endocrinology & Metabolism; Nutrition & Dietetics,NUTR DIABETES,22,4,24,24,20,2,2,54,0.9166666666666666,0.1666666666666666,0.4444444444444444,0.8333333333333334,0.0833333333333333,0.0833333333333333
Nutrition & Diabetes,2019,2044-4052,1,2013,Endocrinology & Metabolism,Endocrinology & Metabolism; Nutrition & Dietetics,NUTR DIABETES,14,7,16,16,9,2,5,26,0.875,0.4375,0.6153846153846154,0.5625,0.125,0.3125
Nutrition & Diabetes,2020,2044-4052,1,2013,Endocrinology & Metabolism,Endocrinology & Metabolism; Nutrition & Dietetics,NUTR DIABETES,10,5,14,14,9,4,1,28,0.7142857142857143,0.3571428571428571,0.5,0.6428571428571429,0.2857142857142857,0.0714285714285714
Nutrition & Diabetes,2021,2044-4052,1,2013,Endocrinology & Metabolism,Endocrinology & Metabolism; Nutrition & Dietetics,NUTR DIABETES,9,9,15,15,6,6,3,27,0.6,0.6,0.5555555555555556,0.4,0.4,0.2
Nutrition & Diabetes,2022,2044-4052,1,2013,Endocrinology & Metabolism,Endocrinology & Metabolism; Nutrition & Dietetics,NUTR DIABETES,16,10,20,20,10,4,6,42,0.8,0.5,0.4761904761904761,0.5,0.2,0.3
Nutrition & Diabetes,2023,2044-4052,1,2013,Endocrinology & Metabolism,Endocrinology & Metabolism; Nutrition & Dietetics,NUTR DIABETES,7,6,10,10,4,3,3,23,0.7,0.6,0.4347826086956521,0.4,0.3,0.3
Nutrition & Diabetes,2024,2044-4052,1,2013,Endocrinology & Metabolism,Endocrinology & Metabolism; Nutrition & Dietetics,NUTR DIABETES,17,32,39,39,7,22,10,74,0.4358974358974359,0.8205128205128205,0.527027027027027,0.1794871794871795,0.5641025641025641,0.2564102564102564
Nutrition & Diabetes,2025,2044-4052,1,2013,Endocrinology & Metabolism,Endocrinology & Metabolism; Nutrition & Dietetics,NUTR DIABETES,14,11,20,20,9,6,5,39,0.7,0.55,0.5128205128205128,0.45,0.3,0.25
Nutrition Metabolism and Cardiovascular Diseases,2010,1590-3729,0,,Cardiac & Cardiovascular Systems,Cardiac & Cardiovascular Systems; Endocrinology & Metabolism; Nutrition & Dietetics,NUTR METAB CARDIOVAS,23,5,27,27,22,4,1,68,0.8518518518518519,0.1851851851851851,0.3970588235294117,0.8148148148148148,0.1481481481481481,0.037037037037037
Nutrition Metabolism and Cardiovascular Diseases,2011,1590-3729,0,,Cardiac & Cardiovascular Systems,Cardiac & Cardiovascular Systems; Endocrinology & Metabolism; Nutrition & Dietetics,NUTR METAB CARDIOVAS,36,3,37,37,34,1,2,112,0.972972972972973,0.081081081081081,0.3303571428571428,0.918918918918919,0.027027027027027,0.054054054054054
Nutrition Metabolism and Cardiovascular Diseases,2012,1590-3729,0,,Cardiac & Cardiovascular Systems,Cardiac & Cardiovascular Systems; Endocrinology & Metabolism; Nutrition & Dietetics,NUTR METAB CARDIOVAS,27,10,37,37,27,10,0,118,0.7297297297297297,0.2702702702702703,0.3135593220338983,0.7297297297297297,0.2702702702702703,0.0
Nutrition Metabolism and Cardiovascular Diseases,2013,1590-3729,0,,Cardiac & Cardiovascular Systems,Cardiac & Cardiovascular Systems; Endocrinology & Metabolism; Nutrition & Dietetics,NUTR METAB CARDIOVAS,39,11,48,48,37,9,2,152,0.8125,0.2291666666666666,0.3157894736842105,0.7708333333333334,0.1875,0.0416666666666666
Nutrition Metabolism and Cardiovascular Diseases,2014,1590-3729,0,,Cardiac & Cardiovascular Systems,Cardiac & Cardiovascular Systems; Endocrinology & Metabolism; Nutrition & Dietetics,NUTR METAB CARDIOVAS,44,22,61,61,39,17,5,150,0.7213114754098361,0.360655737704918,0.4066666666666667,0.639344262295082,0.2786885245901639,0.081967213114754
Nutrition Metabolism and Cardiovascular Diseases,2015,1590-3729,0,,Cardiac & Cardiovascular Systems,Cardiac & Cardiovascular Systems; Endocrinology & Metabolism; Nutrition & Dietetics,NUTR METAB CARDIOVAS,27,13,37,37,24,10,3,120,0.7297297297297297,0.3513513513513513,0.3083333333333333,0.6486486486486487,0.2702702702702703,0.081081081081081
Nutrition Metabolism and Cardiovascular Diseases,2016,1590-3729,0,,Cardiac & Cardiovascular Systems,Cardiac & Cardiovascular Systems; Endocrinology & Metabolism; Nutrition & Dietetics,NUTR METAB CARDIOVAS,36,13,45,45,32,9,4,110,0.8,0.2888888888888888,0.4090909090909091,0.7111111111111111,0.2,0.0888888888888888
Nutrition Metabolism and Cardiovascular Diseases,2017,1590-3729,0,,Cardiac & Cardiovascular Systems,Cardiac & Cardiovascular Systems; Endocrinology & Metabolism; Nutrition & Dietetics,NUTR METAB CARDIOVAS,25,15,35,35,20,10,5,104,0.7142857142857143,0.4285714285714285,0.3365384615384615,0.5714285714285714,0.2857142857142857,0.1428571428571428
Nutrition Metabolism and Cardiovascular Diseases,2018,1590-3729,0,,Cardiac & Cardiovascular Systems,Cardiac & Cardiovascular Systems; Endocrinology & Metabolism; Nutrition & Dietetics,NUTR METAB CARDIOVAS,30,24,50,50,26,20,4,128,0.6,0.48,0.390625,0.52,0.4,0.08
Nutrition Metabolism and Cardiovascular Diseases,2019,1590-3729,0,,Cardiac & Cardiovascular Systems,Cardiac & Cardiovascular Systems; Endocrinology & Metabolism; Nutrition & Dietetics,NUTR METAB CARDIOVAS,34,20,47,47,27,13,7,130,0.723404255319149,0.425531914893617,0.3615384615384615,0.574468085106383,0.2765957446808511,0.1489361702127659
Nutrition Metabolism and Cardiovascular Diseases,2020,1590-3729,0,,Cardiac & Cardiovascular Systems,Cardiac & Cardiovascular Systems; Endocrinology & Metabolism; Nutrition & Dietetics,NUTR METAB CARDIOVAS,34,30,61,61,31,27,3,216,0.5573770491803278,0.4918032786885246,0.2824074074074074,0.5081967213114754,0.4426229508196721,0.0491803278688524
Nutrition Metabolism and Cardiovascular Diseases,2021,1590-3729,0,,Cardiac & Cardiovascular Systems,Cardiac & Cardiovascular Systems; Endocrinology & Metabolism; Nutrition & Dietetics,NUTR METAB CARDIOVAS,54,60,102,102,42,48,12,306,0.5294117647058824,0.5882352941176471,0.3333333333333333,0.4117647058823529,0.4705882352941176,0.1176470588235294
Nutrition Metabolism and Cardiovascular Diseases,2022,1590-3729,0,,Cardiac & Cardiovascular Systems,Cardiac & Cardiovascular Systems; Endocrinology & Metabolism; Nutrition & Dietetics,NUTR METAB CARDIOVAS,39,38,70,70,32,31,7,245,0.5571428571428572,0.5428571428571428,0.2857142857142857,0.4571428571428571,0.4428571428571428,0.1
Nutrition Metabolism and Cardiovascular Diseases,2023,1590-3729,0,,Cardiac & Cardiovascular Systems,Cardiac & Cardiovascular Systems; Endocrinology & Metabolism; Nutrition & Dietetics,NUTR METAB CARDIOVAS,27,26,47,47,21,20,6,221,0.574468085106383,0.5531914893617021,0.2126696832579185,0.4468085106382978,0.425531914893617,0.1276595744680851
Nutrition Metabolism and Cardiovascular Diseases,2024,1590-3729,0,,Cardiac & Cardiovascular Systems,Cardiac & Cardiovascular Systems; Endocrinology & Metabolism; Nutrition & Dietetics,NUTR METAB CARDIOVAS,22,36,55,55,19,33,3,259,0.4,0.6545454545454545,0.2123552123552123,0.3454545454545454,0.6,0.0545454545454545
Nutrition Metabolism and Cardiovascular Diseases,2025,1590-3729,0,,Cardiac & Cardiovascular Systems,Cardiac & Cardiovascular Systems; Endocrinology & Metabolism; Nutrition & Dietetics,NUTR METAB CARDIOVAS,18,36,50,50,14,32,4,229,0.36,0.72,0.2183406113537118,0.28,0.64,0.08
Obesity,2010,1930-739X,0,,Endocrinology & Metabolism,Endocrinology & Metabolism; Nutrition & Dietetics,OBESITY,132,17,145,145,128,13,4,318,0.9103448275862068,0.1172413793103448,0.4559748427672956,0.8827586206896552,0.0896551724137931,0.0275862068965517
Obesity,2011,1930-739X,0,,Endocrinology & Metabolism,Endocrinology & Metabolism; Nutrition & Dietetics,OBESITY,116,19,131,131,112,15,4,300,0.8854961832061069,0.1450381679389313,0.4366666666666666,0.8549618320610687,0.1145038167938931,0.0305343511450381
Obesity,2012,1930-739X,0,,Endocrinology & Metabolism,Endocrinology & Metabolism; Nutrition & Dietetics,OBESITY,117,24,132,132,108,15,9,290,0.8863636363636364,0.1818181818181818,0.4551724137931034,0.8181818181818182,0.1136363636363636,0.0681818181818181
Obesity,2013,1930-739X,0,,Endocrinology & Metabolism,Endocrinology & Metabolism; Nutrition & Dietetics,OBESITY,148,33,169,169,136,21,12,402,0.8757396449704142,0.1952662721893491,0.4203980099502487,0.8047337278106509,0.1242603550295858,0.0710059171597633
Obesity,2014,1930-739X,0,,Endocrinology & Metabolism,Endocrinology & Metabolism; Nutrition & Dietetics,OBESITY,143,36,160,160,124,17,19,335,0.89375,0.225,0.4776119402985074,0.775,0.10625,0.11875
Obesity,2015,1930-739X,0,,Endocrinology & Metabolism,Endocrinology & Metabolism; Nutrition & Dietetics,OBESITY,135,39,156,156,117,21,18,286,0.8653846153846154,0.25,0.5454545454545454,0.75,0.1346153846153846,0.1153846153846153
Obesity,2016,1930-739X,0,,Endocrinology & Metabolism,Endocrinology & Metabolism; Nutrition & Dietetics,OBESITY,108,26,126,126,100,18,8,264,0.8571428571428571,0.2063492063492063,0.4772727272727273,0.7936507936507936,0.1428571428571428,0.0634920634920634
Obesity,2017,1930-739X,0,,Endocrinology & Metabolism,Endocrinology & Metabolism; Nutrition & Dietetics,OBESITY,90,31,106,106,75,16,15,233,0.8490566037735849,0.2924528301886792,0.4549356223175965,0.7075471698113207,0.1509433962264151,0.1415094339622641
Obesity,2018,1930-739X,0,,Endocrinology & Metabolism,Endocrinology & Metabolism; Nutrition & Dietetics,OBESITY,75,24,93,93,69,18,6,210,0.8064516129032258,0.2580645161290322,0.4428571428571428,0.7419354838709677,0.1935483870967742,0.064516129032258
Obesity,2019,1930-739X,0,,Endocrinology & Metabolism,Endocrinology & Metabolism; Nutrition & Dietetics,OBESITY,69,28,87,87,59,18,10,194,0.7931034482758621,0.3218390804597701,0.4484536082474227,0.6781609195402298,0.2068965517241379,0.1149425287356321
Obesity,2020,1930-739X,0,,Endocrinology & Metabolism,Endocrinology & Metabolism; Nutrition & Dietetics,OBESITY,73,48,108,108,60,35,13,247,0.6759259259259259,0.4444444444444444,0.437246963562753,0.5555555555555556,0.324074074074074,0.1203703703703703
Obesity,2021,1930-739X,0,,Endocrinology & Metabolism,Endocrinology & Metabolism; Nutrition & Dietetics,OBESITY,48,40,74,74,34,26,14,180,0.6486486486486487,0.5405405405405406,0.4111111111111111,0.4594594594594595,0.3513513513513513,0.1891891891891892
Obesity,2022,1930-739X,0,,Endocrinology & Metabolism,Endocrinology & Metabolism; Nutrition & Dietetics,OBESITY,41,50,77,77,27,36,14,189,0.5324675324675324,0.6493506493506493,0.4074074074074074,0.3506493506493506,0.4675324675324675,0.1818181818181818
Obesity,2023,1930-739X,0,,Endocrinology & Metabolism,Endocrinology & Metabolism; Nutrition & Dietetics,OBESITY,61,72,116,116,44,55,17,250,0.5258620689655172,0.6206896551724138,0.464,0.3793103448275862,0.4741379310344827,0.146551724137931
Obesity,2024,1930-739X,0,,Endocrinology & Metabolism,Endocrinology & Metabolism; Nutrition & Dietetics,OBESITY,48,60,89,89,29,41,19,189,0.5393258426966292,0.6741573033707865,0.4708994708994709,0.3258426966292135,0.4606741573033708,0.2134831460674157
Obesity,2025,1930-739X,0,,Endocrinology & Metabolism,Endocrinology & Metabolism; Nutrition & Dietetics,OBESITY,42,47,75,75,28,33,14,194,0.56,0.6266666666666667,0.3865979381443299,0.3733333333333333,0.44,0.1866666666666666
Oncogene,2010,1476-5594,1,2013,Genetics & Heredity,Biochemistry & Molecular Biology; Cell Biology; Genetics & Heredity; Oncology,ONCOGENE,478,137,501,501,364,23,114,535,0.9540918163672656,0.2734530938123752,0.9364485981308412,0.7265469061876247,0.0459081836327345,0.2275449101796407
Oncogene,2011,1476-5594,1,2013,Genetics & Heredity,Biochemistry & Molecular Biology; Cell Biology; Genetics & Heredity; Oncology,ONCOGENE,390,96,393,393,297,3,93,407,0.9923664122137404,0.2442748091603053,0.9656019656019657,0.7557251908396947,0.0076335877862595,0.2366412213740458
Oncogene,2012,1476-5594,1,2013,Genetics & Heredity,Biochemistry & Molecular Biology; Cell Biology; Genetics & Heredity; Oncology,ONCOGENE,409,153,419,419,266,10,143,430,0.9761336515513126,0.3651551312649164,0.9744186046511628,0.6348448687350835,0.0238663484486873,0.3412887828162291
Oncogene,2013,1476-5594,1,2013,Genetics & Heredity,Biochemistry & Molecular Biology; Cell Biology; Genetics & Heredity; Oncology,ONCOGENE,496,163,500,500,337,4,159,515,0.992,0.326,0.970873786407767,0.674,0.008,0.318
Oncogene,2014,1476-5594,1,2013,Genetics & Heredity,Biochemistry & Molecular Biology; Cell Biology; Genetics & Heredity; Oncology,ONCOGENE,487,185,493,493,308,6,179,507,0.9878296146044624,0.3752535496957404,0.9723865877712032,0.6247464503042597,0.0121703853955375,0.3630831643002028
Oncogene,2015,1476-5594,1,2013,Genetics & Heredity,Biochemistry & Molecular Biology; Cell Biology; Genetics & Heredity; Oncology,ONCOGENE,501,254,514,514,260,13,241,519,0.9747081712062255,0.4941634241245136,0.9903660886319846,0.5058365758754864,0.0252918287937743,0.4688715953307393
Oncogene,2016,1476-5594,1,2013,Genetics & Heredity,Biochemistry & Molecular Biology; Cell Biology; Genetics & Heredity; Oncology,ONCOGENE,510,275,524,524,249,14,261,533,0.9732824427480916,0.5248091603053435,0.9831144465290806,0.4751908396946565,0.0267175572519083,0.4980916030534351
Oncogene,2017,1476-5594,1,2013,Genetics & Heredity,Biochemistry & Molecular Biology; Cell Biology; Genetics & Heredity; Oncology,ONCOGENE,542,355,561,561,206,19,336,569,0.966131907308378,0.6327985739750446,0.9859402460456942,0.3672014260249554,0.0338680926916221,0.5989304812834224
Oncogene,2018,1476-5594,1,2013,Genetics & Heredity,Biochemistry & Molecular Biology; Cell Biology; Genetics & Heredity; Oncology,ONCOGENE,414,293,426,426,133,12,281,433,0.971830985915493,0.687793427230047,0.9838337182448036,0.312206572769953,0.028169014084507,0.6596244131455399
Oncogene,2019,1476-5594,1,2013,Genetics & Heredity,Biochemistry & Molecular Biology; Cell Biology; Genetics & Heredity; Oncology,ONCOGENE,448,334,469,469,135,21,313,471,0.9552238805970148,0.7121535181236673,0.9957537154989384,0.2878464818763326,0.044776119402985,0.6673773987206824
Oncogene,2020,1476-5594,1,2013,Genetics & Heredity,Biochemistry & Molecular Biology; Cell Biology; Genetics & Heredity; Oncology,ONCOGENE,409,340,443,443,103,34,306,449,0.9232505643340858,0.7674943566591422,0.9866369710467706,0.2325056433408578,0.0767494356659142,0.690744920993228
Oncogene,2021,1476-5594,1,2013,Genetics & Heredity,Biochemistry & Molecular Biology; Cell Biology; Genetics & Heredity; Oncology,ONCOGENE,377,363,420,420,57,43,320,429,0.8976190476190476,0.8642857142857143,0.9790209790209792,0.1357142857142857,0.1023809523809523,0.7619047619047619
Oncogene,2022,1476-5594,1,2013,Genetics & Heredity,Biochemistry & Molecular Biology; Cell Biology; Genetics & Heredity; Oncology,ONCOGENE,333,336,378,378,42,45,291,382,0.8809523809523809,0.8888888888888888,0.9895287958115184,0.1111111111111111,0.119047619047619,0.7698412698412699
Oncogene,2023,1476-5594,1,2013,Genetics & Heredity,Biochemistry & Molecular Biology; Cell Biology; Genetics & Heredity; Oncology,ONCOGENE,180,210,229,229,19,49,161,235,0.7860262008733624,0.9170305676855895,0.9744680851063828,0.0829694323144104,0.2139737991266375,0.7030567685589519
Oncogene,2024,1476-5594,1,2013,Genetics & Heredity,Biochemistry & Molecular Biology; Cell Biology; Genetics & Heredity; Oncology,ONCOGENE,181,219,233,233,14,52,167,236,0.776824034334764,0.9399141630901288,0.9872881355932204,0.0600858369098712,0.223175965665236,0.7167381974248928
Oncogene,2025,1476-5594,1,2013,Genetics & Heredity,Biochemistry & Molecular Biology; Cell Biology; Genetics & Heredity; Oncology,ONCOGENE,218,284,299,299,15,81,203,301,0.7290969899665551,0.9498327759197324,0.9933554817275748,0.0501672240802675,0.2709030100334448,0.6789297658862876
Oncogenesis,2012,2157-9024,1,2013,Oncology,Oncology,ONCOGENESIS,29,8,29,29,21,0,8,35,1.0,0.2758620689655172,0.8285714285714286,0.7241379310344828,0.0,0.2758620689655172
Oncogenesis,2013,2157-9024,1,2013,Oncology,Oncology,ONCOGENESIS,41,11,41,41,30,0,11,46,1.0,0.2682926829268293,0.8913043478260869,0.7317073170731707,0.0,0.2682926829268293
Oncogenesis,2014,2157-9024,1,2013,Oncology,Oncology,ONCOGENESIS,42,17,44,44,27,2,15,47,0.9545454545454546,0.3863636363636363,0.9361702127659576,0.6136363636363636,0.0454545454545454,0.3409090909090909
Oncogenesis,2015,2157-9024,1,2013,Oncology,Oncology,ONCOGENESIS,31,19,34,34,15,3,16,40,0.9117647058823528,0.5588235294117647,0.85,0.4411764705882353,0.088235294117647,0.4705882352941176
Oncogenesis,2016,2157-9024,1,2013,Oncology,Oncology,ONCOGENESIS,76,37,79,79,42,3,34,82,0.9620253164556962,0.4683544303797468,0.9634146341463414,0.5316455696202531,0.0379746835443038,0.430379746835443
Oncogenesis,2017,2157-9024,1,2013,Oncology,Oncology,ONCOGENESIS,91,52,94,94,42,3,49,100,0.9680851063829788,0.5531914893617021,0.94,0.4468085106382978,0.0319148936170212,0.5212765957446809
Oncogenesis,2018,2157-9024,1,2013,Oncology,Oncology,ONCOGENESIS,86,55,88,88,33,2,53,90,0.9772727272727272,0.625,0.9777777777777776,0.375,0.0227272727272727,0.6022727272727273
Oncogenesis,2019,2157-9024,1,2013,Oncology,Oncology,ONCOGENESIS,65,43,68,68,25,3,40,70,0.9558823529411764,0.6323529411764706,0.9714285714285714,0.3676470588235294,0.0441176470588235,0.5882352941176471
Oncogenesis,2020,2157-9024,1,2013,Oncology,Oncology,ONCOGENESIS,93,74,97,97,23,4,70,98,0.9587628865979382,0.7628865979381443,0.9897959183673468,0.2371134020618556,0.0412371134020618,0.7216494845360825
Oncogenesis,2021,2157-9024,1,2013,Oncology,Oncology,ONCOGENESIS,64,53,70,70,17,6,47,71,0.9142857142857144,0.7571428571428571,0.9859154929577464,0.2428571428571428,0.0857142857142857,0.6714285714285714
Oncogenesis,2022,2157-9024,1,2013,Oncology,Oncology,ONCOGENESIS,43,48,55,55,7,12,36,56,0.7818181818181819,0.8727272727272727,0.9821428571428572,0.1272727272727272,0.2181818181818181,0.6545454545454545
Oncogenesis,2023,2157-9024,1,2013,Oncology,Oncology,ONCOGENESIS,32,34,44,44,10,12,22,44,0.7272727272727273,0.7727272727272727,1.0,0.2272727272727272,0.2727272727272727,0.5
Oncogenesis,2024,2157-9024,1,2013,Oncology,Oncology,ONCOGENESIS,21,33,35,35,2,14,19,35,0.6,0.9428571428571428,1.0,0.0571428571428571,0.4,0.5428571428571428
Oncogenesis,2025,2157-9024,1,2013,Oncology,Oncology,ONCOGENESIS,38,41,46,46,5,8,33,46,0.8260869565217391,0.8913043478260869,1.0,0.108695652173913,0.1739130434782608,0.717391304347826
Oncoimmunology,2012,2162-402X,0,,Oncology,Immunology; Oncology,ONCOIMMUNOLOGY,56,38,68,68,30,12,26,119,0.8235294117647058,0.5588235294117647,0.5714285714285714,0.4411764705882353,0.1764705882352941,0.3823529411764705
Oncoimmunology,2013,2162-402X,0,,Oncology,Immunology; Oncology,ONCOIMMUNOLOGY,39,41,58,58,17,19,22,90,0.6724137931034483,0.7068965517241379,0.6444444444444445,0.293103448275862,0.3275862068965517,0.3793103448275862
Oncoimmunology,2014,2162-402X,0,,Oncology,Immunology; Oncology,ONCOIMMUNOLOGY,33,26,38,38,12,5,21,56,0.868421052631579,0.6842105263157895,0.6785714285714286,0.3157894736842105,0.131578947368421,0.5526315789473685
Oncoimmunology,2015,2162-402X,0,,Oncology,Immunology; Oncology,ONCOIMMUNOLOGY,112,96,134,134,38,22,74,162,0.835820895522388,0.7164179104477612,0.8271604938271605,0.2835820895522388,0.1641791044776119,0.5522388059701493
Oncoimmunology,2016,2162-402X,0,,Oncology,Immunology; Oncology,ONCOIMMUNOLOGY,238,228,302,302,74,64,164,395,0.7880794701986755,0.7549668874172185,0.7645569620253164,0.2450331125827814,0.2119205298013245,0.543046357615894
Oncoimmunology,2017,2162-402X,0,,Oncology,Immunology; Oncology,ONCOIMMUNOLOGY,194,182,251,251,69,57,125,300,0.7729083665338645,0.7250996015936255,0.8366666666666667,0.2749003984063745,0.2270916334661354,0.49800796812749
Oncoimmunology,2018,2162-402X,0,,Oncology,Immunology; Oncology,ONCOIMMUNOLOGY,201,212,269,269,57,68,144,325,0.7472118959107806,0.7881040892193308,0.8276923076923077,0.2118959107806691,0.2527881040892193,0.5353159851301115
Oncoimmunology,2019,2162-402X,0,,Oncology,Immunology; Oncology,ONCOIMMUNOLOGY,138,174,210,210,36,72,102,241,0.6571428571428571,0.8285714285714286,0.8713692946058091,0.1714285714285714,0.3428571428571428,0.4857142857142857
Oncoimmunology,2020,2162-402X,0,,Oncology,Immunology; Oncology,ONCOIMMUNOLOGY,112,153,172,172,19,60,93,210,0.6511627906976745,0.8895348837209303,0.819047619047619,0.1104651162790697,0.3488372093023256,0.5406976744186046
Oncoimmunology,2021,2162-402X,0,,Oncology,Immunology; Oncology,ONCOIMMUNOLOGY,92,148,165,165,17,73,75,192,0.5575757575757576,0.896969696969697,0.859375,0.103030303030303,0.4424242424242424,0.4545454545454545
Oncoimmunology,2022,2162-402X,0,,Oncology,Immunology; Oncology,ONCOIMMUNOLOGY,87,134,152,152,18,65,69,161,0.5723684210526315,0.881578947368421,0.9440993788819876,0.1184210526315789,0.4276315789473684,0.4539473684210526
Oncoimmunology,2023,2162-402X,0,,Oncology,Immunology; Oncology,ONCOIMMUNOLOGY,52,81,91,91,10,39,42,100,0.5714285714285714,0.8901098901098901,0.91,0.1098901098901098,0.4285714285714285,0.4615384615384615
Oncoimmunology,2024,2162-402X,0,,Oncology,Immunology; Oncology,ONCOIMMUNOLOGY,47,86,88,88,2,41,45,94,0.5340909090909091,0.9772727272727272,0.9361702127659576,0.0227272727272727,0.4659090909090909,0.5113636363636364
Oncoimmunology,2025,2162-402X,0,,Oncology,Immunology; Oncology,ONCOIMMUNOLOGY,47,94,99,99,5,52,42,113,0.4747474747474747,0.9494949494949496,0.8761061946902655,0.0505050505050505,0.5252525252525253,0.4242424242424242
Pesticide Biochemistry and Physiology,2010,1095-9939,0,,Physiology,Biochemistry & Molecular Biology; Entomology; Physiology,PESTIC BIOCHEM PHYS,1,0,1,1,1,0,0,3,1.0,0.0,0.3333333333333333,1.0,0.0,0.0
Pesticide Biochemistry and Physiology,2011,1095-9939,0,,Physiology,Biochemistry & Molecular Biology; Entomology; Physiology,PESTIC BIOCHEM PHYS,4,0,4,4,4,0,0,4,1.0,0.0,1.0,1.0,0.0,0.0
Pesticide Biochemistry and Physiology,2013,1095-9939,0,,Physiology,Biochemistry & Molecular Biology; Entomology; Physiology,PESTIC BIOCHEM PHYS,26,2,28,28,26,2,0,48,0.9285714285714286,0.0714285714285714,0.5833333333333334,0.9285714285714286,0.0714285714285714,0.0
Pesticide Biochemistry and Physiology,2014,1095-9939,0,,Physiology,Biochemistry & Molecular Biology; Entomology; Physiology,PESTIC BIOCHEM PHYS,62,4,64,64,60,2,2,96,0.96875,0.0625,0.6666666666666666,0.9375,0.03125,0.03125
Pesticide Biochemistry and Physiology,2015,1095-9939,0,,Physiology,Biochemistry & Molecular Biology; Entomology; Physiology,PESTIC BIOCHEM PHYS,66,4,68,68,64,2,2,102,0.9705882352941176,0.0588235294117647,0.6666666666666666,0.9411764705882352,0.0294117647058823,0.0294117647058823
Pesticide Biochemistry and Physiology,2016,1095-9939,0,,Physiology,Biochemistry & Molecular Biology; Entomology; Physiology,PESTIC BIOCHEM PHYS,81,10,82,82,72,1,9,111,0.9878048780487804,0.1219512195121951,0.7387387387387387,0.8780487804878049,0.0121951219512195,0.1097560975609756
Pesticide Biochemistry and Physiology,2017,1095-9939,0,,Physiology,Biochemistry & Molecular Biology; Entomology; Physiology,PESTIC BIOCHEM PHYS,98,14,100,100,86,2,12,153,0.98,0.14,0.6535947712418301,0.86,0.02,0.12
Pesticide Biochemistry and Physiology,2018,1095-9939,0,,Physiology,Biochemistry & Molecular Biology; Entomology; Physiology,PESTIC BIOCHEM PHYS,106,15,107,107,92,1,14,140,0.9906542056074766,0.1401869158878504,0.7642857142857142,0.8598130841121495,0.0093457943925233,0.1308411214953271
Pesticide Biochemistry and Physiology,2019,1095-9939,0,,Physiology,Biochemistry & Molecular Biology; Entomology; Physiology,PESTIC BIOCHEM PHYS,122,11,124,124,113,2,9,162,0.9838709677419356,0.0887096774193548,0.7654320987654321,0.9112903225806452,0.0161290322580645,0.0725806451612903
Pesticide Biochemistry and Physiology,2020,1095-9939,0,,Physiology,Biochemistry & Molecular Biology; Entomology; Physiology,PESTIC BIOCHEM PHYS,151,31,159,159,128,8,23,206,0.949685534591195,0.1949685534591195,0.7718446601941747,0.8050314465408805,0.050314465408805,0.1446540880503144
Pesticide Biochemistry and Physiology,2021,1095-9939,0,,Physiology,Biochemistry & Molecular Biology; Entomology; Physiology,PESTIC BIOCHEM PHYS,167,36,179,179,143,12,24,202,0.9329608938547486,0.2011173184357542,0.8861386138613861,0.7988826815642458,0.0670391061452514,0.1340782122905028
Pesticide Biochemistry and Physiology,2022,1095-9939,0,,Physiology,Biochemistry & Molecular Biology; Entomology; Physiology,PESTIC BIOCHEM PHYS,177,44,188,188,144,11,33,230,0.9414893617021276,0.2340425531914893,0.8173913043478261,0.7659574468085106,0.0585106382978723,0.175531914893617
Pesticide Biochemistry and Physiology,2023,1095-9939,0,,Physiology,Biochemistry & Molecular Biology; Entomology; Physiology,PESTIC BIOCHEM PHYS,271,79,287,287,208,16,63,325,0.9442508710801394,0.2752613240418118,0.8830769230769231,0.7247386759581882,0.0557491289198606,0.2195121951219512
Pesticide Biochemistry and Physiology,2024,1095-9939,0,,Physiology,Biochemistry & Molecular Biology; Entomology; Physiology,PESTIC BIOCHEM PHYS,329,135,357,357,222,28,107,409,0.9215686274509804,0.3781512605042016,0.8728606356968215,0.6218487394957983,0.0784313725490196,0.299719887955182
Pesticide Biochemistry and Physiology,2025,1095-9939,0,,Physiology,Biochemistry & Molecular Biology; Entomology; Physiology,PESTIC BIOCHEM PHYS,332,140,352,352,212,20,120,398,0.9431818181818182,0.3977272727272727,0.8844221105527639,0.6022727272727273,0.0568181818181818,0.3409090909090909
Pflugers Archiv-European Journal of Physiology,2010,1432-2013,0,,Physiology,Physiology,PFLUG ARCH EUR J PHY,64,7,66,66,59,2,5,80,0.9696969696969696,0.106060606060606,0.825,0.8939393939393939,0.0303030303030303,0.0757575757575757
Pflugers Archiv-European Journal of Physiology,2011,1432-2013,0,,Physiology,Physiology,PFLUG ARCH EUR J PHY,78,19,83,83,64,5,14,97,0.9397590361445785,0.2289156626506024,0.8556701030927835,0.7710843373493976,0.0602409638554216,0.1686746987951807
Pflugers Archiv-European Journal of Physiology,2012,1432-2013,0,,Physiology,Physiology,PFLUG ARCH EUR J PHY,79,13,81,81,68,2,11,93,0.9753086419753086,0.1604938271604938,0.8709677419354839,0.8395061728395061,0.0246913580246913,0.1358024691358024
Pflugers Archiv-European Journal of Physiology,2013,1432-2013,0,,Physiology,Physiology,PFLUG ARCH EUR J PHY,75,22,83,83,61,8,14,91,0.9036144578313252,0.2650602409638554,0.912087912087912,0.7349397590361446,0.0963855421686747,0.1686746987951807
Pflugers Archiv-European Journal of Physiology,2014,1432-2013,0,,Physiology,Physiology,PFLUG ARCH EUR J PHY,105,27,107,107,80,2,25,112,0.9813084112149532,0.2523364485981308,0.9553571428571428,0.7476635514018691,0.0186915887850467,0.2336448598130841
Pflugers Archiv-European Journal of Physiology,2015,1432-2013,0,,Physiology,Physiology,PFLUG ARCH EUR J PHY,119,32,127,127,95,8,24,138,0.937007874015748,0.2519685039370078,0.9202898550724636,0.7480314960629921,0.0629921259842519,0.1889763779527559
Pflugers Archiv-European Journal of Physiology,2016,1432-2013,0,,Physiology,Physiology,PFLUG ARCH EUR J PHY,105,27,107,107,80,2,25,118,0.9813084112149532,0.2523364485981308,0.9067796610169492,0.7476635514018691,0.0186915887850467,0.2336448598130841
Pflugers Archiv-European Journal of Physiology,2017,1432-2013,0,,Physiology,Physiology,PFLUG ARCH EUR J PHY,68,20,68,68,48,0,20,75,1.0,0.2941176470588235,0.9066666666666666,0.7058823529411765,0.0,0.2941176470588235
Pflugers Archiv-European Journal of Physiology,2018,1432-2013,0,,Physiology,Physiology,PFLUG ARCH EUR J PHY,72,22,80,80,58,8,14,91,0.9,0.275,0.8791208791208791,0.725,0.1,0.175
Pflugers Archiv-European Journal of Physiology,2019,1432-2013,0,,Physiology,Physiology,PFLUG ARCH EUR J PHY,53,24,63,63,39,10,14,71,0.8412698412698413,0.3809523809523809,0.8873239436619719,0.6190476190476191,0.1587301587301587,0.2222222222222222
Pflugers Archiv-European Journal of Physiology,2020,1432-2013,0,,Physiology,Physiology,PFLUG ARCH EUR J PHY,59,26,69,69,43,10,16,75,0.855072463768116,0.3768115942028985,0.92,0.6231884057971014,0.144927536231884,0.2318840579710145
Pflugers Archiv-European Journal of Physiology,2021,1432-2013,0,,Physiology,Physiology,PFLUG ARCH EUR J PHY,42,36,63,63,27,21,15,73,0.6666666666666666,0.5714285714285714,0.863013698630137,0.4285714285714285,0.3333333333333333,0.238095238095238
Pflugers Archiv-European Journal of Physiology,2022,1432-2013,0,,Physiology,Physiology,PFLUG ARCH EUR J PHY,19,36,44,44,8,25,11,48,0.4318181818181818,0.8181818181818182,0.9166666666666666,0.1818181818181818,0.5681818181818182,0.25
Pflugers Archiv-European Journal of Physiology,2023,1432-2013,0,,Physiology,Physiology,PFLUG ARCH EUR J PHY,38,42,66,66,24,28,14,76,0.5757575757575758,0.6363636363636364,0.868421052631579,0.3636363636363636,0.4242424242424242,0.2121212121212121
Pflugers Archiv-European Journal of Physiology,2024,1432-2013,0,,Physiology,Physiology,PFLUG ARCH EUR J PHY,31,53,71,71,18,40,13,82,0.4366197183098591,0.7464788732394366,0.8658536585365854,0.2535211267605634,0.5633802816901409,0.1830985915492957
Pflugers Archiv-European Journal of Physiology,2025,1432-2013,0,,Physiology,Physiology,PFLUG ARCH EUR J PHY,30,47,65,65,18,35,12,75,0.4615384615384615,0.7230769230769231,0.8666666666666667,0.2769230769230769,0.5384615384615384,0.1846153846153846
Pharmaceutics,2010,1999-4923,0,,Pharmacology & Pharmacy,Pharmacology & Pharmacy,PHARMACEUTICS,10,3,12,12,9,2,1,26,0.8333333333333334,0.25,0.4615384615384615,0.75,0.1666666666666666,0.0833333333333333
Pharmaceutics,2011,1999-4923,0,,Pharmacology & Pharmacy,Pharmacology & Pharmacy,PHARMACEUTICS,18,4,19,19,15,1,3,48,0.9473684210526316,0.2105263157894736,0.3958333333333333,0.7894736842105263,0.0526315789473684,0.1578947368421052
Pharmaceutics,2012,1999-4923,0,,Pharmacology & Pharmacy,Pharmacology & Pharmacy,PHARMACEUTICS,17,2,17,17,15,0,2,43,1.0,0.1176470588235294,0.3953488372093023,0.8823529411764706,0.0,0.1176470588235294
Pharmaceutics,2013,1999-4923,0,,Pharmacology & Pharmacy,Pharmacology & Pharmacy,PHARMACEUTICS,9,7,14,14,7,5,2,35,0.6428571428571429,0.5,0.4,0.5,0.3571428571428571,0.1428571428571428
Pharmaceutics,2014,1999-4923,0,,Pharmacology & Pharmacy,Pharmacology & Pharmacy,PHARMACEUTICS,13,4,15,15,11,2,2,33,0.8666666666666667,0.2666666666666666,0.4545454545454545,0.7333333333333333,0.1333333333333333,0.1333333333333333
Pharmaceutics,2015,1999-4923,0,,Pharmacology & Pharmacy,Pharmacology & Pharmacy,PHARMACEUTICS,13,2,14,14,12,1,1,24,0.9285714285714286,0.1428571428571428,0.5833333333333334,0.8571428571428571,0.0714285714285714,0.0714285714285714
Pharmaceutics,2016,1999-4923,0,,Pharmacology & Pharmacy,Pharmacology & Pharmacy,PHARMACEUTICS,12,2,14,14,12,2,0,22,0.8571428571428571,0.1428571428571428,0.6363636363636364,0.8571428571428571,0.1428571428571428,0.0
Pharmaceutics,2017,1999-4923,0,,Pharmacology & Pharmacy,Pharmacology & Pharmacy,PHARMACEUTICS,13,5,16,16,11,3,2,41,0.8125,0.3125,0.3902439024390244,0.6875,0.1875,0.125
Pharmaceutics,2018,1999-4923,0,,Pharmacology & Pharmacy,Pharmacology & Pharmacy,PHARMACEUTICS,126,34,140,140,106,14,20,216,0.9,0.2428571428571428,0.6481481481481481,0.7571428571428571,0.1,0.1428571428571428
Pharmaceutics,2019,1999-4923,0,,Pharmacology & Pharmacy,Pharmacology & Pharmacy,PHARMACEUTICS,379,107,410,410,303,31,76,557,0.9243902439024392,0.2609756097560975,0.7360861759425493,0.7390243902439024,0.0756097560975609,0.1853658536585365
Pharmaceutics,2020,1999-4923,0,,Pharmacology & Pharmacy,Pharmacology & Pharmacy,PHARMACEUTICS,614,212,687,687,475,73,139,952,0.893740902474527,0.3085880640465793,0.7216386554621849,0.6914119359534207,0.106259097525473,0.2023289665211062
Pharmaceutics,2021,1999-4923,0,,Pharmacology & Pharmacy,Pharmacology & Pharmacy,PHARMACEUTICS,1044,469,1211,1211,742,167,302,1660,0.8620974401321222,0.3872832369942196,0.7295180722891567,0.6127167630057804,0.1379025598678777,0.2493806771263418
Pharmaceutics,2022,1999-4923,0,,Pharmacology & Pharmacy,Pharmacology & Pharmacy,PHARMACEUTICS,1421,673,1644,1644,971,223,450,2133,0.8643552311435523,0.409367396593674,0.770745428973277,0.5906326034063261,0.1356447688564477,0.2737226277372263
Pharmaceutics,2023,1999-4923,0,,Pharmacology & Pharmacy,Pharmacology & Pharmacy,PHARMACEUTICS,1194,606,1401,1401,795,207,399,1855,0.8522483940042827,0.4325481798715203,0.7552560646900269,0.5674518201284796,0.1477516059957173,0.284796573875803
Pharmaceutics,2024,1999-4923,0,,Pharmacology & Pharmacy,Pharmacology & Pharmacy,PHARMACEUTICS,704,358,832,832,474,128,230,1136,0.8461538461538461,0.4302884615384615,0.7323943661971831,0.5697115384615384,0.1538461538461538,0.2764423076923077
Pharmaceutics,2025,1999-4923,0,,Pharmacology & Pharmacy,Pharmacology & Pharmacy,PHARMACEUTICS,714,390,831,831,441,117,273,1105,0.8592057761732852,0.4693140794223827,0.7520361990950226,0.5306859205776173,0.1407942238267148,0.3285198555956679
Physiological Genomics,2010,1531-2267,1,2017,Physiology,Cell Biology; Genetics & Heredity; Physiology,PHYSIOL GENOMICS,75,25,89,89,64,14,11,117,0.8426966292134831,0.2808988764044944,0.7606837606837606,0.7191011235955056,0.1573033707865168,0.1235955056179775
Physiological Genomics,2011,1531-2267,1,2017,Physiology,Cell Biology; Genetics & Heredity; Physiology,PHYSIOL GENOMICS,78,19,85,85,66,7,12,118,0.9176470588235294,0.2235294117647059,0.7203389830508474,0.7764705882352941,0.0823529411764705,0.1411764705882353
Physiological Genomics,2012,1531-2267,1,2017,Physiology,Cell Biology; Genetics & Heredity; Physiology,PHYSIOL GENOMICS,70,24,81,81,57,11,13,105,0.8641975308641975,0.2962962962962963,0.7714285714285715,0.7037037037037037,0.1358024691358024,0.1604938271604938
Physiological Genomics,2013,1531-2267,1,2017,Physiology,Cell Biology; Genetics & Heredity; Physiology,PHYSIOL GENOMICS,70,39,85,85,46,15,24,104,0.8235294117647058,0.4588235294117647,0.8173076923076923,0.5411764705882353,0.1764705882352941,0.2823529411764706
Physiological Genomics,2014,1531-2267,1,2017,Physiology,Cell Biology; Genetics & Heredity; Physiology,PHYSIOL GENOMICS,43,21,51,51,30,8,13,66,0.8431372549019608,0.4117647058823529,0.7727272727272727,0.5882352941176471,0.1568627450980392,0.2549019607843137
Physiological Genomics,2015,1531-2267,1,2017,Physiology,Cell Biology; Genetics & Heredity; Physiology,PHYSIOL GENOMICS,32,15,39,39,24,7,8,55,0.8205128205128205,0.3846153846153846,0.7090909090909091,0.6153846153846154,0.1794871794871795,0.2051282051282051
Physiological Genomics,2016,1531-2267,1,2017,Physiology,Cell Biology; Genetics & Heredity; Physiology,PHYSIOL GENOMICS,45,23,56,56,33,11,12,80,0.8035714285714286,0.4107142857142857,0.7,0.5892857142857143,0.1964285714285714,0.2142857142857142
Physiological Genomics,2017,1531-2267,1,2017,Physiology,Cell Biology; Genetics & Heredity; Physiology,PHYSIOL GENOMICS,30,14,37,37,23,7,7,48,0.8108108108108109,0.3783783783783784,0.7708333333333334,0.6216216216216216,0.1891891891891892,0.1891891891891892
Physiological Genomics,2018,1531-2267,1,2017,Physiology,Cell Biology; Genetics & Heredity; Physiology,PHYSIOL GENOMICS,48,27,62,62,35,14,13,77,0.7741935483870968,0.4354838709677419,0.8051948051948052,0.5645161290322581,0.2258064516129032,0.2096774193548387
Physiological Genomics,2019,1531-2267,1,2017,Physiology,Cell Biology; Genetics & Heredity; Physiology,PHYSIOL GENOMICS,25,32,45,45,13,20,12,56,0.5555555555555556,0.7111111111111111,0.8035714285714286,0.2888888888888888,0.4444444444444444,0.2666666666666666
Physiological Genomics,2020,1531-2267,1,2017,Physiology,Cell Biology; Genetics & Heredity; Physiology,PHYSIOL GENOMICS,21,22,35,35,13,14,8,49,0.6,0.6285714285714286,0.7142857142857143,0.3714285714285714,0.4,0.2285714285714285
Physiological Genomics,2021,1531-2267,1,2017,Physiology,Cell Biology; Genetics & Heredity; Physiology,PHYSIOL GENOMICS,10,24,27,27,3,17,7,36,0.3703703703703703,0.8888888888888888,0.75,0.1111111111111111,0.6296296296296297,0.2592592592592592
Physiological Genomics,2022,1531-2267,1,2017,Physiology,Cell Biology; Genetics & Heredity; Physiology,PHYSIOL GENOMICS,11,30,34,34,4,23,7,38,0.3235294117647059,0.8823529411764706,0.8947368421052632,0.1176470588235294,0.6764705882352942,0.2058823529411764
Physiological Genomics,2023,1531-2267,1,2017,Physiology,Cell Biology; Genetics & Heredity; Physiology,PHYSIOL GENOMICS,11,37,39,39,2,28,9,45,0.282051282051282,0.9487179487179488,0.8666666666666667,0.0512820512820512,0.717948717948718,0.2307692307692307
Physiological Genomics,2024,1531-2267,1,2017,Physiology,Cell Biology; Genetics & Heredity; Physiology,PHYSIOL GENOMICS,16,42,46,46,4,30,12,63,0.3478260869565217,0.9130434782608696,0.7301587301587301,0.0869565217391304,0.6521739130434783,0.2608695652173913
Physiological Genomics,2025,1531-2267,1,2017,Physiology,Cell Biology; Genetics & Heredity; Physiology,PHYSIOL GENOMICS,12,29,34,34,5,22,7,50,0.3529411764705882,0.8529411764705882,0.68,0.1470588235294117,0.6470588235294118,0.2058823529411764
Physiological Measurement,2010,1361-6579,0,,Physiology,"Biophysics; Engineering, Biomedical; Physiology",PHYSIOL MEAS,22,23,43,43,20,21,2,135,0.5116279069767442,0.5348837209302325,0.3185185185185185,0.4651162790697674,0.4883720930232558,0.0465116279069767
Physiological Measurement,2011,1361-6579,0,,Physiology,"Biophysics; Engineering, Biomedical; Physiology",PHYSIOL MEAS,22,32,51,51,19,29,3,143,0.4313725490196078,0.6274509803921569,0.3566433566433566,0.3725490196078431,0.5686274509803921,0.0588235294117647
Physiological Measurement,2012,1361-6579,0,,Physiology,"Biophysics; Engineering, Biomedical; Physiology",PHYSIOL MEAS,22,29,49,49,20,27,2,149,0.4489795918367347,0.5918367346938775,0.3288590604026846,0.4081632653061224,0.5510204081632653,0.0408163265306122
Physiological Measurement,2013,1361-6579,0,,Physiology,"Biophysics; Engineering, Biomedical; Physiology",PHYSIOL MEAS,18,26,41,41,15,23,3,128,0.4390243902439024,0.6341463414634146,0.3203125,0.3658536585365853,0.5609756097560976,0.073170731707317
Physiological Measurement,2014,1361-6579,0,,Physiology,"Biophysics; Engineering, Biomedical; Physiology",PHYSIOL MEAS,32,54,77,77,23,45,9,181,0.4155844155844156,0.7012987012987013,0.425414364640884,0.2987012987012987,0.5844155844155844,0.1168831168831168
Physiological Measurement,2015,1361-6579,0,,Physiology,"Biophysics; Engineering, Biomedical; Physiology",PHYSIOL MEAS,20,42,57,57,15,37,5,173,0.3508771929824561,0.7368421052631579,0.3294797687861271,0.2631578947368421,0.6491228070175439,0.087719298245614
Physiological Measurement,2016,1361-6579,0,,Physiology,"Biophysics; Engineering, Biomedical; Physiology",PHYSIOL MEAS,19,46,62,62,16,43,3,163,0.3064516129032258,0.7419354838709677,0.3803680981595092,0.2580645161290322,0.6935483870967742,0.0483870967741935
Physiological Measurement,2017,1361-6579,0,,Physiology,"Biophysics; Engineering, Biomedical; Physiology",PHYSIOL MEAS,27,54,76,76,22,49,5,168,0.3552631578947368,0.7105263157894737,0.4523809523809524,0.2894736842105263,0.6447368421052632,0.0657894736842105
Physiological Measurement,2018,1361-6579,0,,Physiology,"Biophysics; Engineering, Biomedical; Physiology",PHYSIOL MEAS,27,64,81,81,17,54,10,205,0.3333333333333333,0.7901234567901234,0.3951219512195122,0.2098765432098765,0.6666666666666666,0.1234567901234567
Physiological Measurement,2019,1361-6579,0,,Physiology,"Biophysics; Engineering, Biomedical; Physiology",PHYSIOL MEAS,20,46,63,63,17,43,3,155,0.3174603174603174,0.7301587301587301,0.4064516129032258,0.2698412698412698,0.6825396825396826,0.0476190476190476
Physiological Measurement,2020,1361-6579,0,,Physiology,"Biophysics; Engineering, Biomedical; Physiology",PHYSIOL MEAS,17,49,62,62,13,45,4,142,0.2741935483870967,0.7903225806451613,0.4366197183098591,0.2096774193548387,0.7258064516129032,0.064516129032258
Physiological Measurement,2021,1361-6579,0,,Physiology,"Biophysics; Engineering, Biomedical; Physiology",PHYSIOL MEAS,16,58,70,70,12,54,4,159,0.2285714285714285,0.8285714285714286,0.440251572327044,0.1714285714285714,0.7714285714285715,0.0571428571428571
Physiological Measurement,2022,1361-6579,0,,Physiology,"Biophysics; Engineering, Biomedical; Physiology",PHYSIOL MEAS,11,37,46,46,9,35,2,114,0.2391304347826087,0.8043478260869565,0.4035087719298245,0.1956521739130435,0.7608695652173914,0.0434782608695652
Physiological Measurement,2023,1361-6579,0,,Physiology,"Biophysics; Engineering, Biomedical; Physiology",PHYSIOL MEAS,16,48,61,61,13,45,3,113,0.2622950819672131,0.7868852459016393,0.5398230088495575,0.2131147540983606,0.7377049180327869,0.0491803278688524
Physiological Measurement,2024,1361-6579,0,,Physiology,"Biophysics; Engineering, Biomedical; Physiology",PHYSIOL MEAS,15,64,75,75,11,60,4,133,0.2,0.8533333333333334,0.5639097744360902,0.1466666666666666,0.8,0.0533333333333333
Physiological Measurement,2025,1361-6579,0,,Physiology,"Biophysics; Engineering, Biomedical; Physiology",PHYSIOL MEAS,8,48,53,53,5,45,3,99,0.1509433962264151,0.9056603773584906,0.5353535353535354,0.0943396226415094,0.8490566037735849,0.0566037735849056
Physiological Research,2010,1802-9973,0,,Physiology,Physiology,PHYSIOL RES,59,8,64,64,56,5,3,102,0.921875,0.125,0.6274509803921569,0.875,0.078125,0.046875
Physiological Research,2011,1802-9973,0,,Physiology,Physiology,PHYSIOL RES,43,14,53,53,39,10,4,92,0.8113207547169812,0.2641509433962264,0.5760869565217391,0.7358490566037735,0.1886792452830188,0.0754716981132075
Physiological Research,2012,1802-9973,0,,Physiology,Physiology,PHYSIOL RES,54,6,59,59,53,5,1,88,0.9152542372881356,0.1016949152542373,0.6704545454545454,0.8983050847457628,0.0847457627118644,0.0169491525423728
Physiological Research,2013,1802-9973,0,,Physiology,Physiology,PHYSIOL RES,56,7,61,61,54,5,2,90,0.918032786885246,0.1147540983606557,0.6777777777777778,0.8852459016393442,0.081967213114754,0.0327868852459016
Physiological Research,2014,1802-9973,0,,Physiology,Physiology,PHYSIOL RES,51,13,59,59,46,8,5,103,0.864406779661017,0.2203389830508474,0.5728155339805825,0.7796610169491526,0.135593220338983,0.0847457627118644
Physiological Research,2015,1802-9973,0,,Physiology,Physiology,PHYSIOL RES,77,16,89,89,73,12,4,150,0.8651685393258427,0.1797752808988764,0.5933333333333334,0.8202247191011236,0.1348314606741573,0.0449438202247191
Physiological Research,2016,1802-9973,0,,Physiology,Physiology,PHYSIOL RES,83,15,92,92,77,9,6,133,0.9021739130434784,0.1630434782608695,0.6917293233082706,0.8369565217391305,0.0978260869565217,0.0652173913043478
Physiological Research,2017,1802-9973,0,,Physiology,Physiology,PHYSIOL RES,63,16,75,75,59,12,4,114,0.84,0.2133333333333333,0.6578947368421053,0.7866666666666666,0.16,0.0533333333333333
Physiological Research,2018,1802-9973,0,,Physiology,Physiology,PHYSIOL RES,69,18,82,82,64,13,5,125,0.8414634146341463,0.2195121951219512,0.656,0.7804878048780488,0.1585365853658536,0.0609756097560975
Physiological Research,2019,1802-9973,0,,Physiology,Physiology,PHYSIOL RES,67,18,80,80,62,13,5,132,0.8375,0.225,0.6060606060606061,0.775,0.1625,0.0625
Physiological Research,2020,1802-9973,0,,Physiology,Physiology,PHYSIOL RES,60,23,76,76,53,16,7,108,0.7894736842105263,0.3026315789473684,0.7037037037037037,0.6973684210526315,0.2105263157894736,0.0921052631578947
Physiological Research,2021,1802-9973,0,,Physiology,Physiology,PHYSIOL RES,50,17,62,62,45,12,5,92,0.8064516129032258,0.2741935483870967,0.6739130434782609,0.7258064516129032,0.1935483870967742,0.0806451612903225
Physiological Research,2022,1802-9973,0,,Physiology,Physiology,PHYSIOL RES,42,15,54,54,39,12,3,88,0.7777777777777778,0.2777777777777778,0.6136363636363636,0.7222222222222222,0.2222222222222222,0.0555555555555555
Physiological Research,2023,1802-9973,0,,Physiology,Physiology,PHYSIOL RES,48,28,69,69,41,21,7,88,0.6956521739130435,0.4057971014492754,0.7840909090909091,0.5942028985507246,0.3043478260869565,0.1014492753623188
Physiological Research,2024,1802-9973,0,,Physiology,Physiology,PHYSIOL RES,46,38,72,72,34,26,12,82,0.6388888888888888,0.5277777777777778,0.8780487804878049,0.4722222222222222,0.3611111111111111,0.1666666666666666
Physiological Research,2025,1802-9973,0,,Physiology,Physiology,PHYSIOL RES,47,21,62,62,41,15,6,85,0.7580645161290323,0.3387096774193548,0.7294117647058823,0.6612903225806451,0.2419354838709677,0.0967741935483871
Plos Genetics,2010,1553-7404,1,2017,Genetics & Heredity,Genetics & Heredity,PLOS GENET,264,145,325,325,180,61,84,443,0.8123076923076923,0.4461538461538462,0.7336343115124153,0.5538461538461539,0.1876923076923076,0.2584615384615384
Plos Genetics,2011,1553-7404,1,2017,Genetics & Heredity,Genetics & Heredity,PLOS GENET,311,189,394,394,205,83,106,513,0.7893401015228426,0.4796954314720812,0.7680311890838206,0.5203045685279187,0.2106598984771573,0.2690355329949238
Plos Genetics,2012,1553-7404,1,2017,Genetics & Heredity,Genetics & Heredity,PLOS GENET,446,246,542,542,296,96,150,657,0.8228782287822878,0.4538745387453874,0.8249619482496194,0.5461254612546126,0.1771217712177121,0.2767527675276753
Plos Genetics,2013,1553-7404,1,2017,Genetics & Heredity,Genetics & Heredity,PLOS GENET,561,288,658,658,370,97,191,816,0.8525835866261399,0.4376899696048632,0.8063725490196079,0.5623100303951368,0.1474164133738602,0.290273556231003
Plos Genetics,2014,1553-7404,1,2017,Genetics & Heredity,Genetics & Heredity,PLOS GENET,506,288,619,619,331,113,175,757,0.8174474959612278,0.4652665589660743,0.8177014531043593,0.5347334410339257,0.1825525040387722,0.2827140549273021
Plos Genetics,2015,1553-7404,1,2017,Genetics & Heredity,Genetics & Heredity,PLOS GENET,499,311,605,605,294,106,205,735,0.824793388429752,0.5140495867768595,0.8231292517006803,0.4859504132231405,0.1752066115702479,0.3388429752066115
Plos Genetics,2016,1553-7404,1,2017,Genetics & Heredity,Genetics & Heredity,PLOS GENET,453,294,552,552,258,99,195,634,0.8206521739130435,0.532608695652174,0.8706624605678234,0.4673913043478261,0.1793478260869565,0.3532608695652174
Plos Genetics,2017,1553-7404,1,2017,Genetics & Heredity,Genetics & Heredity,PLOS GENET,376,293,477,477,184,101,192,546,0.7882599580712788,0.6142557651991615,0.8736263736263736,0.3857442348008386,0.2117400419287211,0.4025157232704403
Plos Genetics,2018,1553-7404,1,2017,Genetics & Heredity,Genetics & Heredity,PLOS GENET,348,304,462,462,158,114,190,531,0.7532467532467533,0.658008658008658,0.8700564971751412,0.341991341991342,0.2467532467532467,0.4112554112554112
Plos Genetics,2019,1553-7404,1,2017,Genetics & Heredity,Genetics & Heredity,PLOS GENET,296,298,419,419,121,123,175,500,0.7064439140811456,0.711217183770883,0.838,0.2887828162291169,0.2935560859188544,0.4176610978520286
Plos Genetics,2020,1553-7404,1,2017,Genetics & Heredity,Genetics & Heredity,PLOS GENET,293,330,443,443,113,150,180,502,0.6613995485327314,0.744920993227991,0.8824701195219123,0.255079006772009,0.3386004514672686,0.4063205417607223
Plos Genetics,2021,1553-7404,1,2017,Genetics & Heredity,Genetics & Heredity,PLOS GENET,290,361,458,458,97,168,193,541,0.6331877729257642,0.7882096069868996,0.8465804066543438,0.2117903930131004,0.3668122270742358,0.4213973799126637
Plos Genetics,2022,1553-7404,1,2017,Genetics & Heredity,Genetics & Heredity,PLOS GENET,238,320,396,396,76,158,162,459,0.601010101010101,0.8080808080808081,0.8627450980392157,0.1919191919191919,0.398989898989899,0.4090909090909091
Plos Genetics,2023,1553-7404,1,2017,Genetics & Heredity,Genetics & Heredity,PLOS GENET,169,270,324,324,54,155,115,385,0.5216049382716049,0.8333333333333334,0.8415584415584415,0.1666666666666666,0.4783950617283951,0.3549382716049383
Plos Genetics,2024,1553-7404,1,2017,Genetics & Heredity,Genetics & Heredity,PLOS GENET,134,229,259,259,30,125,104,302,0.5173745173745173,0.8841698841698842,0.8576158940397351,0.1158301158301158,0.4826254826254826,0.4015444015444015
Plos Genetics,2025,1553-7404,1,2017,Genetics & Heredity,Genetics & Heredity,PLOS GENET,162,305,339,339,34,177,128,384,0.4778761061946903,0.8997050147492626,0.8828125,0.1002949852507374,0.5221238938053098,0.3775811209439528
Prostate Cancer and Prostatic Diseases,2010,1476-5608,1,2013,Urology & Nephrology,Oncology; Urology & Nephrology,PROSTATE CANCER P D,7,3,10,10,7,3,0,37,0.7,0.3,0.2702702702702703,0.7,0.3,0.0
Prostate Cancer and Prostatic Diseases,2011,1476-5608,1,2013,Urology & Nephrology,Oncology; Urology & Nephrology,PROSTATE CANCER P D,10,6,16,16,10,6,0,43,0.625,0.375,0.3720930232558139,0.625,0.375,0.0
Prostate Cancer and Prostatic Diseases,2012,1476-5608,1,2013,Urology & Nephrology,Oncology; Urology & Nephrology,PROSTATE CANCER P D,10,5,14,14,9,4,1,42,0.7142857142857143,0.3571428571428571,0.3333333333333333,0.6428571428571429,0.2857142857142857,0.0714285714285714
Prostate Cancer and Prostatic Diseases,2013,1476-5608,1,2013,Urology & Nephrology,Oncology; Urology & Nephrology,PROSTATE CANCER P D,12,8,16,16,8,4,4,50,0.75,0.5,0.32,0.5,0.25,0.25
Prostate Cancer and Prostatic Diseases,2014,1476-5608,1,2013,Urology & Nephrology,Oncology; Urology & Nephrology,PROSTATE CANCER P D,9,9,15,15,6,6,3,44,0.6,0.6,0.3409090909090909,0.4,0.4,0.2
Prostate Cancer and Prostatic Diseases,2015,1476-5608,1,2013,Urology & Nephrology,Oncology; Urology & Nephrology,PROSTATE CANCER P D,4,8,11,11,3,7,1,44,0.3636363636363636,0.7272727272727273,0.25,0.2727272727272727,0.6363636363636364,0.0909090909090909
Prostate Cancer and Prostatic Diseases,2016,1476-5608,1,2013,Urology & Nephrology,Oncology; Urology & Nephrology,PROSTATE CANCER P D,6,4,8,8,4,2,2,47,0.75,0.5,0.1702127659574468,0.5,0.25,0.25
Prostate Cancer and Prostatic Diseases,2017,1476-5608,1,2013,Urology & Nephrology,Oncology; Urology & Nephrology,PROSTATE CANCER P D,9,10,15,15,5,6,4,50,0.6,0.6666666666666666,0.3,0.3333333333333333,0.4,0.2666666666666666
Prostate Cancer and Prostatic Diseases,2018,1476-5608,1,2013,Urology & Nephrology,Oncology; Urology & Nephrology,PROSTATE CANCER P D,3,5,7,7,2,4,1,48,0.4285714285714285,0.7142857142857143,0.1458333333333333,0.2857142857142857,0.5714285714285714,0.1428571428571428
Prostate Cancer and Prostatic Diseases,2019,1476-5608,1,2013,Urology & Nephrology,Oncology; Urology & Nephrology,PROSTATE CANCER P D,4,6,9,9,3,5,1,56,0.4444444444444444,0.6666666666666666,0.1607142857142857,0.3333333333333333,0.5555555555555556,0.1111111111111111
Prostate Cancer and Prostatic Diseases,2020,1476-5608,1,2013,Urology & Nephrology,Oncology; Urology & Nephrology,PROSTATE CANCER P D,10,11,17,17,6,7,4,65,0.5882352941176471,0.6470588235294118,0.2615384615384615,0.3529411764705882,0.4117647058823529,0.2352941176470588
Prostate Cancer and Prostatic Diseases,2021,1476-5608,1,2013,Urology & Nephrology,Oncology; Urology & Nephrology,PROSTATE CANCER P D,10,16,20,20,4,10,6,87,0.5,0.8,0.2298850574712643,0.2,0.5,0.3
Prostate Cancer and Prostatic Diseases,2022,1476-5608,1,2013,Urology & Nephrology,Oncology; Urology & Nephrology,PROSTATE CANCER P D,11,11,22,22,11,11,0,59,0.5,0.5,0.3728813559322034,0.5,0.5,0.0
Prostate Cancer and Prostatic Diseases,2023,1476-5608,1,2013,Urology & Nephrology,Oncology; Urology & Nephrology,PROSTATE CANCER P D,6,8,12,12,4,6,2,67,0.5,0.6666666666666666,0.1791044776119403,0.3333333333333333,0.5,0.1666666666666666
Prostate Cancer and Prostatic Diseases,2024,1476-5608,1,2013,Urology & Nephrology,Oncology; Urology & Nephrology,PROSTATE CANCER P D,4,10,12,12,2,8,2,60,0.3333333333333333,0.8333333333333334,0.2,0.1666666666666666,0.6666666666666666,0.1666666666666666
Prostate Cancer and Prostatic Diseases,2025,1476-5608,1,2013,Urology & Nephrology,Oncology; Urology & Nephrology,PROSTATE CANCER P D,12,18,26,26,8,14,4,98,0.4615384615384615,0.6923076923076923,0.2653061224489796,0.3076923076923077,0.5384615384615384,0.1538461538461538
Psychophysiology,2010,1469-8986,0,,Physiology,"Neurosciences; Physiology; Psychology; Psychology, Biological; Psychology, Experimental",PSYCHOPHYSIOLOGY,48,5,50,50,45,2,3,109,0.96,0.1,0.4587155963302752,0.9,0.04,0.06
Psychophysiology,2011,1469-8986,0,,Physiology,"Neurosciences; Physiology; Psychology; Psychology, Biological; Psychology, Experimental",PSYCHOPHYSIOLOGY,64,10,71,71,61,7,3,171,0.9014084507042254,0.1408450704225352,0.4152046783625731,0.8591549295774648,0.0985915492957746,0.0422535211267605
Psychophysiology,2012,1469-8986,0,,Physiology,"Neurosciences; Physiology; Psychology; Psychology, Biological; Psychology, Experimental",PSYCHOPHYSIOLOGY,65,12,70,70,58,5,7,154,0.9285714285714286,0.1714285714285714,0.4545454545454545,0.8285714285714286,0.0714285714285714,0.1
Psychophysiology,2013,1469-8986,0,,Physiology,"Neurosciences; Physiology; Psychology; Psychology, Biological; Psychology, Experimental",PSYCHOPHYSIOLOGY,47,12,58,58,46,11,1,119,0.8103448275862069,0.2068965517241379,0.4873949579831932,0.7931034482758621,0.1896551724137931,0.0172413793103448
Psychophysiology,2014,1469-8986,0,,Physiology,"Neurosciences; Physiology; Psychology; Psychology, Biological; Psychology, Experimental",PSYCHOPHYSIOLOGY,37,13,48,48,35,11,2,121,0.7708333333333334,0.2708333333333333,0.396694214876033,0.7291666666666666,0.2291666666666666,0.0416666666666666
Psychophysiology,2015,1469-8986,0,,Physiology,"Neurosciences; Physiology; Psychology; Psychology, Biological; Psychology, Experimental",PSYCHOPHYSIOLOGY,59,16,69,69,53,10,6,160,0.855072463768116,0.2318840579710145,0.43125,0.7681159420289855,0.144927536231884,0.0869565217391304
Psychophysiology,2016,1469-8986,0,,Physiology,"Neurosciences; Physiology; Psychology; Psychology, Biological; Psychology, Experimental",PSYCHOPHYSIOLOGY,57,15,68,68,53,11,4,165,0.8382352941176471,0.2205882352941176,0.4121212121212121,0.7794117647058824,0.1617647058823529,0.0588235294117647
Psychophysiology,2017,1469-8986,0,,Physiology,"Neurosciences; Physiology; Psychology; Psychology, Biological; Psychology, Experimental",PSYCHOPHYSIOLOGY,70,19,81,81,62,11,8,158,0.8641975308641975,0.2345679012345679,0.5126582278481012,0.7654320987654321,0.1358024691358024,0.0987654320987654
Psychophysiology,2018,1469-8986,0,,Physiology,"Neurosciences; Physiology; Psychology; Psychology, Biological; Psychology, Experimental",PSYCHOPHYSIOLOGY,54,18,65,65,47,11,7,137,0.8307692307692308,0.2769230769230769,0.4744525547445255,0.7230769230769231,0.1692307692307692,0.1076923076923077
Psychophysiology,2019,1469-8986,0,,Physiology,"Neurosciences; Physiology; Psychology; Psychology, Biological; Psychology, Experimental",PSYCHOPHYSIOLOGY,50,27,70,70,43,20,7,147,0.7142857142857143,0.3857142857142857,0.4761904761904761,0.6142857142857143,0.2857142857142857,0.1
Psychophysiology,2020,1469-8986,0,,Physiology,"Neurosciences; Physiology; Psychology; Psychology, Biological; Psychology, Experimental",PSYCHOPHYSIOLOGY,76,39,101,101,62,25,14,191,0.7524752475247525,0.3861386138613861,0.5287958115183246,0.6138613861386139,0.2475247524752475,0.1386138613861386
Psychophysiology,2021,1469-8986,0,,Physiology,"Neurosciences; Physiology; Psychology; Psychology, Biological; Psychology, Experimental",PSYCHOPHYSIOLOGY,83,48,116,116,68,33,15,207,0.7155172413793104,0.4137931034482758,0.5603864734299517,0.5862068965517241,0.2844827586206896,0.1293103448275862
Psychophysiology,2022,1469-8986,0,,Physiology,"Neurosciences; Physiology; Psychology; Psychology, Biological; Psychology, Experimental",PSYCHOPHYSIOLOGY,63,45,93,93,48,30,15,175,0.6774193548387096,0.4838709677419355,0.5314285714285715,0.5161290322580645,0.3225806451612903,0.1612903225806451
Psychophysiology,2023,1469-8986,0,,Physiology,"Neurosciences; Physiology; Psychology; Psychology, Biological; Psychology, Experimental",PSYCHOPHYSIOLOGY,73,94,148,148,54,75,19,237,0.4932432432432432,0.6351351351351351,0.6244725738396625,0.3648648648648648,0.5067567567567568,0.1283783783783783
Psychophysiology,2024,1469-8986,0,,Physiology,"Neurosciences; Physiology; Psychology; Psychology, Biological; Psychology, Experimental",PSYCHOPHYSIOLOGY,53,96,134,134,38,81,15,235,0.3955223880597014,0.7164179104477612,0.5702127659574469,0.2835820895522388,0.6044776119402985,0.1119402985074626
Psychophysiology,2025,1469-8986,0,,Physiology,"Neurosciences; Physiology; Psychology; Psychology, Biological; Psychology, Experimental",PSYCHOPHYSIOLOGY,69,118,159,159,41,90,28,261,0.4339622641509434,0.7421383647798742,0.6091954022988506,0.2578616352201258,0.5660377358490566,0.1761006289308176
Rheumatology,2010,1462-0332,0,,Rheumatology,Rheumatology,RHEUMATOLOGY,53,56,93,93,37,40,16,227,0.5698924731182796,0.6021505376344086,0.4096916299559471,0.3978494623655914,0.4301075268817204,0.1720430107526881
Rheumatology,2011,1462-0332,0,,Rheumatology,Rheumatology,RHEUMATOLOGY,40,51,78,78,27,38,13,221,0.5128205128205128,0.6538461538461539,0.3529411764705882,0.3461538461538461,0.4871794871794871,0.1666666666666666
Rheumatology,2012,1462-0332,0,,Rheumatology,Rheumatology,RHEUMATOLOGY,42,55,81,81,26,39,16,211,0.5185185185185185,0.6790123456790124,0.3838862559241706,0.3209876543209876,0.4814814814814814,0.1975308641975308
Rheumatology,2013,1462-0332,0,,Rheumatology,Rheumatology,RHEUMATOLOGY,40,48,72,72,24,32,16,213,0.5555555555555556,0.6666666666666666,0.3380281690140845,0.3333333333333333,0.4444444444444444,0.2222222222222222
Rheumatology,2014,1462-0332,0,,Rheumatology,Rheumatology,RHEUMATOLOGY,46,49,77,77,28,31,18,210,0.5974025974025974,0.6363636363636364,0.3666666666666666,0.3636363636363636,0.4025974025974026,0.2337662337662337
Rheumatology,2015,1462-0332,0,,Rheumatology,Rheumatology,RHEUMATOLOGY,40,50,72,72,22,32,18,220,0.5555555555555556,0.6944444444444444,0.3272727272727272,0.3055555555555556,0.4444444444444444,0.25
Rheumatology,2016,1462-0332,0,,Rheumatology,Rheumatology,RHEUMATOLOGY,37,47,72,72,25,35,12,203,0.5138888888888888,0.6527777777777778,0.354679802955665,0.3472222222222222,0.4861111111111111,0.1666666666666666
Rheumatology,2017,1462-0332,0,,Rheumatology,Rheumatology,RHEUMATOLOGY,40,46,67,67,21,27,19,195,0.5970149253731343,0.6865671641791045,0.3435897435897436,0.3134328358208955,0.4029850746268656,0.2835820895522388
Rheumatology,2018,1462-0332,0,,Rheumatology,Rheumatology,RHEUMATOLOGY,42,40,68,68,28,26,14,197,0.6176470588235294,0.5882352941176471,0.3451776649746192,0.4117647058823529,0.3823529411764705,0.2058823529411764
Rheumatology,2019,1462-0332,0,,Rheumatology,Rheumatology,RHEUMATOLOGY,38,57,77,77,20,39,18,195,0.4935064935064935,0.7402597402597403,0.3948717948717948,0.2597402597402597,0.5064935064935064,0.2337662337662337
Rheumatology,2020,1462-0332,0,,Rheumatology,Rheumatology,RHEUMATOLOGY,53,86,116,116,30,63,23,344,0.4568965517241379,0.7413793103448276,0.3372093023255814,0.2586206896551724,0.5431034482758621,0.1982758620689655
Rheumatology,2021,1462-0332,0,,Rheumatology,Rheumatology,RHEUMATOLOGY,75,143,188,188,45,113,30,547,0.3989361702127659,0.7606382978723404,0.3436928702010969,0.2393617021276596,0.601063829787234,0.1595744680851064
Rheumatology,2022,1462-0332,0,,Rheumatology,Rheumatology,RHEUMATOLOGY,69,135,177,177,42,108,27,468,0.3898305084745763,0.7627118644067796,0.3782051282051282,0.2372881355932203,0.6101694915254238,0.1525423728813559
Rheumatology,2023,1462-0332,0,,Rheumatology,Rheumatology,RHEUMATOLOGY,62,115,156,156,41,94,21,373,0.3974358974358974,0.7371794871794872,0.4182305630026809,0.2628205128205128,0.6025641025641025,0.1346153846153846
Rheumatology,2024,1462-0332,0,,Rheumatology,Rheumatology,RHEUMATOLOGY,45,91,115,115,24,70,21,351,0.391304347826087,0.7913043478260869,0.3276353276353276,0.208695652173913,0.6086956521739131,0.1826086956521739
Rheumatology,2025,1462-0332,0,,Rheumatology,Rheumatology,RHEUMATOLOGY,69,208,251,251,43,182,26,792,0.2749003984063745,0.8286852589641435,0.3169191919191919,0.1713147410358565,0.7250996015936255,0.1035856573705179
Scandinavian Journal of Rheumatology,2010,1502-7732,0,,Rheumatology,Rheumatology,SCAND J RHEUMATOL,8,14,20,20,6,12,2,65,0.4,0.7,0.3076923076923077,0.3,0.6,0.1
Scandinavian Journal of Rheumatology,2011,1502-7732,0,,Rheumatology,Rheumatology,SCAND J RHEUMATOL,15,14,25,25,11,10,4,67,0.6,0.56,0.373134328358209,0.44,0.4,0.16
Scandinavian Journal of Rheumatology,2012,1502-7732,0,,Rheumatology,Rheumatology,SCAND J RHEUMATOL,9,8,16,16,8,7,1,65,0.5625,0.5,0.2461538461538461,0.5,0.4375,0.0625
Scandinavian Journal of Rheumatology,2013,1502-7732,0,,Rheumatology,Rheumatology,SCAND J RHEUMATOL,12,23,31,31,8,19,4,72,0.3870967741935484,0.7419354838709677,0.4305555555555556,0.2580645161290322,0.6129032258064516,0.1290322580645161
Scandinavian Journal of Rheumatology,2014,1502-7732,0,,Rheumatology,Rheumatology,SCAND J RHEUMATOL,10,16,25,25,9,15,1,67,0.4,0.64,0.373134328358209,0.36,0.6,0.04
Scandinavian Journal of Rheumatology,2015,1502-7732,0,,Rheumatology,Rheumatology,SCAND J RHEUMATOL,12,18,27,27,9,15,3,72,0.4444444444444444,0.6666666666666666,0.375,0.3333333333333333,0.5555555555555556,0.1111111111111111
Scandinavian Journal of Rheumatology,2016,1502-7732,0,,Rheumatology,Rheumatology,SCAND J RHEUMATOL,8,16,19,19,3,11,5,67,0.4210526315789473,0.8421052631578947,0.2835820895522388,0.1578947368421052,0.5789473684210527,0.2631578947368421
Scandinavian Journal of Rheumatology,2017,1502-7732,0,,Rheumatology,Rheumatology,SCAND J RHEUMATOL,7,15,21,21,6,14,1,60,0.3333333333333333,0.7142857142857143,0.35,0.2857142857142857,0.6666666666666666,0.0476190476190476
Scandinavian Journal of Rheumatology,2018,1502-7732,0,,Rheumatology,Rheumatology,SCAND J RHEUMATOL,7,11,17,17,6,10,1,54,0.4117647058823529,0.6470588235294118,0.3148148148148148,0.3529411764705882,0.5882352941176471,0.0588235294117647
Scandinavian Journal of Rheumatology,2019,1502-7732,0,,Rheumatology,Rheumatology,SCAND J RHEUMATOL,8,17,24,24,7,16,1,56,0.3333333333333333,0.7083333333333334,0.4285714285714285,0.2916666666666667,0.6666666666666666,0.0416666666666666
Scandinavian Journal of Rheumatology,2020,1502-7732,0,,Rheumatology,Rheumatology,SCAND J RHEUMATOL,13,10,22,22,12,9,1,55,0.5909090909090909,0.4545454545454545,0.4,0.5454545454545454,0.4090909090909091,0.0454545454545454
Scandinavian Journal of Rheumatology,2021,1502-7732,0,,Rheumatology,Rheumatology,SCAND J RHEUMATOL,4,13,16,16,3,12,1,56,0.25,0.8125,0.2857142857142857,0.1875,0.75,0.0625
Scandinavian Journal of Rheumatology,2022,1502-7732,0,,Rheumatology,Rheumatology,SCAND J RHEUMATOL,3,14,17,17,3,14,0,53,0.1764705882352941,0.8235294117647058,0.320754716981132,0.1764705882352941,0.8235294117647058,0.0
Scandinavian Journal of Rheumatology,2023,1502-7732,0,,Rheumatology,Rheumatology,SCAND J RHEUMATOL,5,18,22,22,4,17,1,66,0.2272727272727272,0.8181818181818182,0.3333333333333333,0.1818181818181818,0.7727272727272727,0.0454545454545454
Scandinavian Journal of Rheumatology,2024,1502-7732,0,,Rheumatology,Rheumatology,SCAND J RHEUMATOL,4,14,17,17,3,13,1,43,0.2352941176470588,0.8235294117647058,0.3953488372093023,0.1764705882352941,0.7647058823529411,0.0588235294117647
Scandinavian Journal of Rheumatology,2025,1502-7732,0,,Rheumatology,Rheumatology,SCAND J RHEUMATOL,9,17,23,23,6,14,3,62,0.391304347826087,0.7391304347826086,0.3709677419354839,0.2608695652173913,0.6086956521739131,0.1304347826086956
Stroke,2010,1524-4628,1,2019,Clinical Neurology,Clinical Neurology; Peripheral Vascular Disease,STROKE,94,45,123,123,78,29,16,383,0.7642276422764228,0.3658536585365853,0.3211488250652741,0.6341463414634146,0.2357723577235772,0.1300813008130081
Stroke,2011,1524-4628,1,2019,Clinical Neurology,Clinical Neurology; Peripheral Vascular Disease,STROKE,114,66,162,162,96,48,18,459,0.7037037037037037,0.4074074074074074,0.3529411764705882,0.5925925925925926,0.2962962962962963,0.1111111111111111
Stroke,2012,1524-4628,1,2019,Clinical Neurology,Clinical Neurology; Peripheral Vascular Disease,STROKE,105,57,145,145,88,40,17,414,0.7241379310344828,0.3931034482758621,0.3502415458937198,0.6068965517241379,0.2758620689655172,0.1172413793103448
Stroke,2013,1524-4628,1,2019,Clinical Neurology,Clinical Neurology; Peripheral Vascular Disease,STROKE,111,50,145,145,95,34,16,398,0.7655172413793103,0.3448275862068966,0.364321608040201,0.6551724137931034,0.2344827586206896,0.1103448275862069
Stroke,2014,1524-4628,1,2019,Clinical Neurology,Clinical Neurology; Peripheral Vascular Disease,STROKE,98,67,143,143,76,45,22,407,0.6853146853146853,0.4685314685314685,0.3513513513513513,0.5314685314685315,0.3146853146853147,0.1538461538461538
Stroke,2015,1524-4628,1,2019,Clinical Neurology,Clinical Neurology; Peripheral Vascular Disease,STROKE,110,68,150,150,82,40,28,409,0.7333333333333333,0.4533333333333333,0.3667481662591687,0.5466666666666666,0.2666666666666666,0.1866666666666666
Stroke,2016,1524-4628,1,2019,Clinical Neurology,Clinical Neurology; Peripheral Vascular Disease,STROKE,68,65,114,114,49,46,19,387,0.5964912280701754,0.5701754385964912,0.2945736434108527,0.4298245614035088,0.4035087719298245,0.1666666666666666
Stroke,2017,1524-4628,1,2019,Clinical Neurology,Clinical Neurology; Peripheral Vascular Disease,STROKE,90,78,142,142,64,52,26,434,0.6338028169014085,0.5492957746478874,0.3271889400921659,0.4507042253521127,0.3661971830985915,0.1830985915492957
Stroke,2018,1524-4628,1,2019,Clinical Neurology,Clinical Neurology; Peripheral Vascular Disease,STROKE,72,81,124,124,43,52,29,338,0.5806451612903226,0.6532258064516129,0.3668639053254438,0.3467741935483871,0.4193548387096774,0.2338709677419354
Stroke,2019,1524-4628,1,2019,Clinical Neurology,Clinical Neurology; Peripheral Vascular Disease,STROKE,45,68,98,98,30,53,15,340,0.4591836734693877,0.6938775510204082,0.288235294117647,0.3061224489795918,0.5408163265306123,0.1530612244897959
Stroke,2020,1524-4628,1,2019,Clinical Neurology,Clinical Neurology; Peripheral Vascular Disease,STROKE,46,75,104,104,29,58,17,354,0.4423076923076923,0.7211538461538461,0.2937853107344633,0.2788461538461538,0.5576923076923077,0.1634615384615384
Stroke,2021,1524-4628,1,2019,Clinical Neurology,Clinical Neurology; Peripheral Vascular Disease,STROKE,31,82,101,101,19,70,12,364,0.3069306930693069,0.8118811881188119,0.2774725274725275,0.1881188118811881,0.693069306930693,0.1188118811881188
Stroke,2022,1524-4628,1,2019,Clinical Neurology,Clinical Neurology; Peripheral Vascular Disease,STROKE,26,74,91,91,17,65,9,301,0.2857142857142857,0.8131868131868132,0.3023255813953488,0.1868131868131868,0.7142857142857143,0.0989010989010989
Stroke,2023,1524-4628,1,2019,Clinical Neurology,Clinical Neurology; Peripheral Vascular Disease,STROKE,24,77,91,91,14,67,10,240,0.2637362637362637,0.8461538461538461,0.3791666666666666,0.1538461538461538,0.7362637362637363,0.1098901098901098
Stroke,2024,1524-4628,1,2019,Clinical Neurology,Clinical Neurology; Peripheral Vascular Disease,STROKE,21,53,67,67,14,46,7,215,0.3134328358208955,0.7910447761194029,0.3116279069767442,0.208955223880597,0.6865671641791045,0.1044776119402985
Stroke,2025,1524-4628,1,2019,Clinical Neurology,Clinical Neurology; Peripheral Vascular Disease,STROKE,18,81,91,91,10,73,8,287,0.1978021978021978,0.8901098901098901,0.3170731707317073,0.1098901098901098,0.8021978021978022,0.0879120879120879
Theoretical and Applied Genetics,2010,1432-2242,0,,Genetics & Heredity,Agronomy; Genetics & Heredity; Horticulture; Plant Sciences,THEOR APPL GENET,51,71,104,104,33,53,18,251,0.4903846153846153,0.6826923076923077,0.4143426294820717,0.3173076923076923,0.5096153846153846,0.173076923076923
Theoretical and Applied Genetics,2011,1432-2242,0,,Genetics & Heredity,Agronomy; Genetics & Heredity; Horticulture; Plant Sciences,THEOR APPL GENET,65,71,111,111,40,46,25,254,0.5855855855855856,0.6396396396396397,0.437007874015748,0.3603603603603603,0.4144144144144144,0.2252252252252252
Theoretical and Applied Genetics,2012,1432-2242,0,,Genetics & Heredity,Agronomy; Genetics & Heredity; Horticulture; Plant Sciences,THEOR APPL GENET,46,71,102,102,31,56,15,257,0.4509803921568627,0.696078431372549,0.3968871595330739,0.3039215686274509,0.5490196078431373,0.1470588235294117
Theoretical and Applied Genetics,2013,1432-2242,0,,Genetics & Heredity,Agronomy; Genetics & Heredity; Horticulture; Plant Sciences,THEOR APPL GENET,65,72,118,118,46,53,19,232,0.5508474576271186,0.6101694915254238,0.5086206896551724,0.3898305084745763,0.4491525423728814,0.1610169491525423
Theoretical and Applied Genetics,2014,1432-2242,0,,Genetics & Heredity,Agronomy; Genetics & Heredity; Horticulture; Plant Sciences,THEOR APPL GENET,39,58,90,90,32,51,7,192,0.4333333333333333,0.6444444444444445,0.46875,0.3555555555555555,0.5666666666666667,0.0777777777777777
Theoretical and Applied Genetics,2015,1432-2242,0,,Genetics & Heredity,Agronomy; Genetics & Heredity; Horticulture; Plant Sciences,THEOR APPL GENET,37,61,86,86,25,49,12,182,0.4302325581395348,0.7093023255813954,0.4725274725274725,0.2906976744186046,0.5697674418604651,0.1395348837209302
Theoretical and Applied Genetics,2016,1432-2242,0,,Genetics & Heredity,Agronomy; Genetics & Heredity; Horticulture; Plant Sciences,THEOR APPL GENET,41,53,85,85,32,44,9,164,0.4823529411764706,0.6235294117647059,0.5182926829268293,0.3764705882352941,0.5176470588235295,0.1058823529411764
Theoretical and Applied Genetics,2017,1432-2242,0,,Genetics & Heredity,Agronomy; Genetics & Heredity; Horticulture; Plant Sciences,THEOR APPL GENET,49,74,112,112,38,63,11,183,0.4375,0.6607142857142857,0.6120218579234973,0.3392857142857143,0.5625,0.0982142857142857
Theoretical and Applied Genetics,2018,1432-2242,0,,Genetics & Heredity,Agronomy; Genetics & Heredity; Horticulture; Plant Sciences,THEOR APPL GENET,63,83,125,125,42,62,21,192,0.504,0.664,0.6510416666666666,0.336,0.496,0.168
Theoretical and Applied Genetics,2019,1432-2242,0,,Genetics & Heredity,Agronomy; Genetics & Heredity; Horticulture; Plant Sciences,THEOR APPL GENET,69,89,134,134,45,65,24,210,0.5149253731343284,0.664179104477612,0.638095238095238,0.3358208955223881,0.4850746268656716,0.1791044776119403
Theoretical and Applied Genetics,2020,1432-2242,0,,Genetics & Heredity,Agronomy; Genetics & Heredity; Horticulture; Plant Sciences,THEOR APPL GENET,69,97,133,133,36,64,33,200,0.518796992481203,0.7293233082706767,0.665,0.2706766917293233,0.4812030075187969,0.2481203007518796
Theoretical and Applied Genetics,2021,1432-2242,0,,Genetics & Heredity,Agronomy; Genetics & Heredity; Horticulture; Plant Sciences,THEOR APPL GENET,92,110,166,166,56,74,36,225,0.5542168674698795,0.6626506024096386,0.7377777777777778,0.3373493975903614,0.4457831325301205,0.216867469879518
Theoretical and Applied Genetics,2022,1432-2242,0,,Genetics & Heredity,Agronomy; Genetics & Heredity; Horticulture; Plant Sciences,THEOR APPL GENET,122,138,207,207,69,85,53,253,0.5893719806763285,0.6666666666666666,0.8181818181818182,0.3333333333333333,0.4106280193236715,0.2560386473429952
Theoretical and Applied Genetics,2023,1432-2242,0,,Genetics & Heredity,Agronomy; Genetics & Heredity; Horticulture; Plant Sciences,THEOR APPL GENET,130,141,192,192,51,62,79,248,0.6770833333333334,0.734375,0.7741935483870968,0.265625,0.3229166666666667,0.4114583333333333
Theoretical and Applied Genetics,2024,1432-2242,0,,Genetics & Heredity,Agronomy; Genetics & Heredity; Horticulture; Plant Sciences,THEOR APPL GENET,122,171,219,219,48,97,74,258,0.5570776255707762,0.7808219178082192,0.8488372093023255,0.2191780821917808,0.4429223744292237,0.3378995433789954
Theoretical and Applied Genetics,2025,1432-2242,0,,Genetics & Heredity,Agronomy; Genetics & Heredity; Horticulture; Plant Sciences,THEOR APPL GENET,147,200,251,251,51,104,96,284,0.5856573705179283,0.796812749003984,0.8838028169014085,0.2031872509960159,0.4143426294820717,0.3824701195219123
Therapeutic Advances in Medical Oncology,2010,1758-8359,0,,Oncology,Oncology,THER ADV MED ONCOL,1,0,1,1,1,0,0,24,1.0,0.0,0.0416666666666666,1.0,0.0,0.0
Therapeutic Advances in Medical Oncology,2014,1758-8359,0,,Oncology,Oncology,THER ADV MED ONCOL,2,0,2,2,2,0,0,3,1.0,0.0,0.6666666666666666,1.0,0.0,0.0
Therapeutic Advances in Medical Oncology,2015,1758-8359,0,,Oncology,Oncology,THER ADV MED ONCOL,0,1,1,1,0,1,0,6,0.0,1.0,0.1666666666666666,0.0,1.0,0.0
Therapeutic Advances in Medical Oncology,2017,1758-8359,0,,Oncology,Oncology,THER ADV MED ONCOL,6,3,7,7,4,1,2,13,0.8571428571428571,0.4285714285714285,0.5384615384615384,0.5714285714285714,0.1428571428571428,0.2857142857142857
Therapeutic Advances in Medical Oncology,2018,1758-8359,0,,Oncology,Oncology,THER ADV MED ONCOL,9,8,12,12,4,3,5,25,0.75,0.6666666666666666,0.48,0.3333333333333333,0.25,0.4166666666666667
Therapeutic Advances in Medical Oncology,2019,1758-8359,0,,Oncology,Oncology,THER ADV MED ONCOL,26,26,33,33,7,7,19,67,0.7878787878787878,0.7878787878787878,0.4925373134328358,0.2121212121212121,0.2121212121212121,0.5757575757575758
Therapeutic Advances in Medical Oncology,2020,1758-8359,0,,Oncology,Oncology,THER ADV MED ONCOL,31,28,40,40,12,9,19,157,0.775,0.7,0.2547770700636942,0.3,0.225,0.475
Therapeutic Advances in Medical Oncology,2021,1758-8359,0,,Oncology,Oncology,THER ADV MED ONCOL,10,18,24,24,6,14,4,97,0.4166666666666667,0.75,0.2474226804123711,0.25,0.5833333333333334,0.1666666666666666
Therapeutic Advances in Medical Oncology,2022,1758-8359,0,,Oncology,Oncology,THER ADV MED ONCOL,9,25,33,33,8,24,1,117,0.2727272727272727,0.7575757575757576,0.282051282051282,0.2424242424242424,0.7272727272727273,0.0303030303030303
Therapeutic Advances in Medical Oncology,2023,1758-8359,0,,Oncology,Oncology,THER ADV MED ONCOL,6,22,26,26,4,20,2,90,0.2307692307692307,0.8461538461538461,0.2888888888888888,0.1538461538461538,0.7692307692307693,0.0769230769230769
Therapeutic Advances in Medical Oncology,2024,1758-8359,0,,Oncology,Oncology,THER ADV MED ONCOL,17,24,36,36,12,19,5,159,0.4722222222222222,0.6666666666666666,0.2264150943396226,0.3333333333333333,0.5277777777777778,0.1388888888888889
Therapeutic Advances in Medical Oncology,2025,1758-8359,0,,Oncology,Oncology,THER ADV MED ONCOL,13,26,35,35,9,22,4,187,0.3714285714285714,0.7428571428571429,0.1871657754010695,0.2571428571428571,0.6285714285714286,0.1142857142857142
Thyroid,2010,1557-9077,0,,Endocrinology & Metabolism,Endocrinology & Metabolism,THYROID,30,15,39,39,24,9,6,98,0.7692307692307693,0.3846153846153846,0.3979591836734694,0.6153846153846154,0.2307692307692307,0.1538461538461538
Thyroid,2011,1557-9077,0,,Endocrinology & Metabolism,Endocrinology & Metabolism,THYROID,24,9,31,31,22,7,2,108,0.7741935483870968,0.2903225806451613,0.287037037037037,0.7096774193548387,0.2258064516129032,0.064516129032258
Thyroid,2012,1557-9077,0,,Endocrinology & Metabolism,Endocrinology & Metabolism,THYROID,35,24,53,53,29,18,6,121,0.660377358490566,0.4528301886792453,0.4380165289256198,0.5471698113207547,0.3396226415094339,0.1132075471698113
Thyroid,2013,1557-9077,0,,Endocrinology & Metabolism,Endocrinology & Metabolism,THYROID,33,26,57,57,31,24,2,147,0.5789473684210527,0.4561403508771929,0.3877551020408163,0.543859649122807,0.4210526315789473,0.0350877192982456
Thyroid,2014,1557-9077,0,,Endocrinology & Metabolism,Endocrinology & Metabolism,THYROID,40,30,61,61,31,21,9,156,0.6557377049180327,0.4918032786885246,0.391025641025641,0.5081967213114754,0.3442622950819672,0.1475409836065573
Thyroid,2015,1557-9077,0,,Endocrinology & Metabolism,Endocrinology & Metabolism,THYROID,31,26,49,49,23,18,8,129,0.6326530612244898,0.5306122448979592,0.3798449612403101,0.4693877551020408,0.3673469387755102,0.1632653061224489
Thyroid,2016,1557-9077,0,,Endocrinology & Metabolism,Endocrinology & Metabolism,THYROID,32,30,55,55,25,23,7,157,0.5818181818181818,0.5454545454545454,0.3503184713375796,0.4545454545454545,0.4181818181818181,0.1272727272727272
Thyroid,2017,1557-9077,0,,Endocrinology & Metabolism,Endocrinology & Metabolism,THYROID,34,26,49,49,23,15,11,148,0.6938775510204082,0.5306122448979592,0.3310810810810811,0.4693877551020408,0.3061224489795918,0.2244897959183673
Thyroid,2018,1557-9077,0,,Endocrinology & Metabolism,Endocrinology & Metabolism,THYROID,40,34,62,62,28,22,12,144,0.6451612903225806,0.5483870967741935,0.4305555555555556,0.4516129032258064,0.3548387096774194,0.1935483870967742
Thyroid,2019,1557-9077,0,,Endocrinology & Metabolism,Endocrinology & Metabolism,THYROID,47,44,73,73,29,26,18,159,0.6438356164383562,0.6027397260273972,0.4591194968553459,0.3972602739726027,0.3561643835616438,0.2465753424657534
Thyroid,2020,1557-9077,0,,Endocrinology & Metabolism,Endocrinology & Metabolism,THYROID,30,37,54,54,17,24,13,152,0.5555555555555556,0.6851851851851852,0.3552631578947368,0.3148148148148148,0.4444444444444444,0.2407407407407407
Thyroid,2021,1557-9077,0,,Endocrinology & Metabolism,Endocrinology & Metabolism,THYROID,43,38,68,68,30,25,13,146,0.6323529411764706,0.5588235294117647,0.4657534246575342,0.4411764705882353,0.3676470588235294,0.1911764705882352
Thyroid,2022,1557-9077,0,,Endocrinology & Metabolism,Endocrinology & Metabolism,THYROID,25,27,43,43,16,18,9,127,0.5813953488372093,0.627906976744186,0.3385826771653543,0.3720930232558139,0.4186046511627907,0.2093023255813953
Thyroid,2023,1557-9077,0,,Endocrinology & Metabolism,Endocrinology & Metabolism,THYROID,25,24,39,39,15,14,10,102,0.6410256410256411,0.6153846153846154,0.3823529411764705,0.3846153846153846,0.358974358974359,0.2564102564102564
Thyroid,2024,1557-9077,0,,Endocrinology & Metabolism,Endocrinology & Metabolism,THYROID,21,30,42,42,12,21,9,110,0.5,0.7142857142857143,0.3818181818181818,0.2857142857142857,0.5,0.2142857142857142
Thyroid,2025,1557-9077,0,,Endocrinology & Metabolism,Endocrinology & Metabolism,THYROID,18,34,41,41,7,23,11,103,0.4390243902439024,0.8292682926829268,0.3980582524271844,0.1707317073170731,0.5609756097560976,0.2682926829268293
Transplantation and Cellular Therapy,2010,2666-6367,0,,Immunology,Hematology; Transplantation; Immunology,TRANSPL CELL THER,24,29,48,48,19,24,5,154,0.5,0.6041666666666666,0.3116883116883117,0.3958333333333333,0.5,0.1041666666666666
Transplantation and Cellular Therapy,2011,2666-6367,0,,Immunology,Hematology; Transplantation; Immunology,TRANSPL CELL THER,32,34,56,56,22,24,10,190,0.5714285714285714,0.6071428571428571,0.2947368421052631,0.3928571428571428,0.4285714285714285,0.1785714285714285
Transplantation and Cellular Therapy,2012,2666-6367,0,,Immunology,Hematology; Transplantation; Immunology,TRANSPL CELL THER,38,35,62,62,27,24,11,190,0.6129032258064516,0.5645161290322581,0.3263157894736842,0.4354838709677419,0.3870967741935484,0.1774193548387097
Transplantation and Cellular Therapy,2013,2666-6367,0,,Immunology,Hematology; Transplantation; Immunology,TRANSPL CELL THER,39,41,64,64,23,25,16,205,0.609375,0.640625,0.3121951219512195,0.359375,0.390625,0.25
Transplantation and Cellular Therapy,2014,2666-6367,0,,Immunology,Hematology; Transplantation; Immunology,TRANSPL CELL THER,41,54,83,83,29,42,12,239,0.4939759036144578,0.6506024096385542,0.3472803347280335,0.3493975903614458,0.5060240963855421,0.144578313253012
Transplantation and Cellular Therapy,2015,2666-6367,0,,Immunology,Hematology; Transplantation; Immunology,TRANSPL CELL THER,37,40,63,63,23,26,14,229,0.5873015873015873,0.6349206349206349,0.2751091703056768,0.365079365079365,0.4126984126984127,0.2222222222222222
Transplantation and Cellular Therapy,2016,2666-6367,0,,Immunology,Hematology; Transplantation; Immunology,TRANSPL CELL THER,25,37,53,53,16,28,9,243,0.4716981132075472,0.6981132075471698,0.2181069958847736,0.3018867924528302,0.5283018867924528,0.1698113207547169
Transplantation and Cellular Therapy,2017,2666-6367,0,,Immunology,Hematology; Transplantation; Immunology,TRANSPL CELL THER,29,40,54,54,14,25,15,231,0.5370370370370371,0.7407407407407407,0.2337662337662337,0.2592592592592592,0.4629629629629629,0.2777777777777778
Transplantation and Cellular Therapy,2018,2666-6367,0,,Immunology,Hematology; Transplantation; Immunology,TRANSPL CELL THER,35,47,64,64,17,29,18,296,0.546875,0.734375,0.2162162162162162,0.265625,0.453125,0.28125
Transplantation and Cellular Therapy,2019,2666-6367,0,,Immunology,Hematology; Transplantation; Immunology,TRANSPL CELL THER,31,67,85,85,18,54,13,307,0.3647058823529411,0.788235294117647,0.2768729641693811,0.2117647058823529,0.6352941176470588,0.1529411764705882
Transplantation and Cellular Therapy,2020,2666-6367,0,,Immunology,Hematology; Transplantation; Immunology,TRANSPL CELL THER,27,64,80,80,16,53,11,288,0.3375,0.8,0.2777777777777778,0.2,0.6625,0.1375
Transplantation and Cellular Therapy,2021,2666-6367,0,,Immunology,Hematology; Transplantation; Immunology,TRANSPL CELL THER,28,49,66,66,17,38,11,270,0.4242424242424242,0.7424242424242424,0.2444444444444444,0.2575757575757575,0.5757575757575758,0.1666666666666666
Transplantation and Cellular Therapy,2022,2666-6367,0,,Immunology,Hematology; Transplantation; Immunology,TRANSPL CELL THER,18,57,66,66,9,48,9,242,0.2727272727272727,0.8636363636363636,0.2727272727272727,0.1363636363636363,0.7272727272727273,0.1363636363636363
Transplantation and Cellular Therapy,2023,2666-6367,0,,Immunology,Hematology; Transplantation; Immunology,TRANSPL CELL THER,23,64,79,79,15,56,8,250,0.2911392405063291,0.810126582278481,0.316,0.189873417721519,0.7088607594936709,0.1012658227848101
Transplantation and Cellular Therapy,2024,2666-6367,0,,Immunology,Hematology; Transplantation; Immunology,TRANSPL CELL THER,17,42,51,51,9,34,8,224,0.3333333333333333,0.8235294117647058,0.2276785714285714,0.1764705882352941,0.6666666666666666,0.1568627450980392
Transplantation and Cellular Therapy,2025,2666-6367,0,,Immunology,Hematology; Transplantation; Immunology,TRANSPL CELL THER,10,48,54,54,6,44,4,192,0.1851851851851851,0.8888888888888888,0.28125,0.1111111111111111,0.8148148148148148,0.074074074074074
Virulence,2010,2150-5608,0,,Immunology,Immunology; Infectious Diseases; Microbiology,VIRULENCE,12,6,14,14,8,2,4,53,0.8571428571428571,0.4285714285714285,0.2641509433962264,0.5714285714285714,0.1428571428571428,0.2857142857142857
Virulence,2011,2150-5608,0,,Immunology,Immunology; Infectious Diseases; Microbiology,VIRULENCE,12,5,13,13,8,1,4,34,0.9230769230769232,0.3846153846153846,0.3823529411764705,0.6153846153846154,0.0769230769230769,0.3076923076923077
Virulence,2012,2150-5608,0,,Immunology,Immunology; Infectious Diseases; Microbiology,VIRULENCE,14,6,15,15,9,1,5,33,0.9333333333333332,0.4,0.4545454545454545,0.6,0.0666666666666666,0.3333333333333333
Virulence,2013,2150-5608,0,,Immunology,Immunology; Infectious Diseases; Microbiology,VIRULENCE,13,3,16,16,13,3,0,24,0.8125,0.1875,0.6666666666666666,0.8125,0.1875,0.0
Virulence,2014,2150-5608,0,,Immunology,Immunology; Infectious Diseases; Microbiology,VIRULENCE,15,6,17,17,11,2,4,23,0.8823529411764706,0.3529411764705882,0.7391304347826086,0.6470588235294118,0.1176470588235294,0.2352941176470588
Virulence,2015,2150-5608,0,,Immunology,Immunology; Infectious Diseases; Microbiology,VIRULENCE,33,17,41,41,24,8,9,51,0.8048780487804879,0.4146341463414634,0.803921568627451,0.5853658536585366,0.1951219512195122,0.2195121951219512
Virulence,2016,2150-5608,0,,Immunology,Immunology; Infectious Diseases; Microbiology,VIRULENCE,29,17,34,34,17,5,12,46,0.8529411764705882,0.5,0.7391304347826086,0.5,0.1470588235294117,0.3529411764705882
Virulence,2017,2150-5608,0,,Immunology,Immunology; Infectious Diseases; Microbiology,VIRULENCE,61,37,66,66,29,5,32,75,0.9242424242424242,0.5606060606060606,0.88,0.4393939393939394,0.0757575757575757,0.4848484848484848
Virulence,2018,2150-5608,0,,Immunology,Immunology; Infectious Diseases; Microbiology,VIRULENCE,76,48,87,87,39,11,37,101,0.8735632183908046,0.5517241379310345,0.8613861386138614,0.4482758620689655,0.1264367816091954,0.425287356321839
Virulence,2019,2150-5608,0,,Immunology,Immunology; Infectious Diseases; Microbiology,VIRULENCE,49,29,54,54,25,5,24,56,0.9074074074074074,0.5370370370370371,0.9642857142857144,0.4629629629629629,0.0925925925925925,0.4444444444444444
Virulence,2020,2150-5608,0,,Immunology,Immunology; Infectious Diseases; Microbiology,VIRULENCE,79,51,89,89,38,10,41,109,0.8876404494382022,0.5730337078651685,0.8165137614678899,0.4269662921348314,0.1123595505617977,0.4606741573033708
Virulence,2021,2150-5608,0,,Immunology,Immunology; Infectious Diseases; Microbiology,VIRULENCE,127,76,144,144,68,17,59,165,0.8819444444444444,0.5277777777777778,0.8727272727272727,0.4722222222222222,0.1180555555555555,0.4097222222222222
Virulence,2022,2150-5608,0,,Immunology,Immunology; Infectious Diseases; Microbiology,VIRULENCE,78,57,96,96,39,18,39,107,0.8125,0.59375,0.897196261682243,0.40625,0.1875,0.40625
Virulence,2023,2150-5608,0,,Immunology,Immunology; Infectious Diseases; Microbiology,VIRULENCE,48,45,67,67,22,19,26,76,0.7164179104477612,0.6716417910447762,0.881578947368421,0.3283582089552239,0.2835820895522388,0.3880597014925373
Virulence,2024,2150-5608,0,,Immunology,Immunology; Infectious Diseases; Microbiology,VIRULENCE,91,69,113,113,44,22,47,121,0.8053097345132744,0.6106194690265486,0.9338842975206612,0.3893805309734513,0.1946902654867256,0.415929203539823
Virulence,2025,2150-5608,0,,Immunology,Immunology; Infectious Diseases; Microbiology,VIRULENCE,168,154,214,214,60,46,108,244,0.7850467289719626,0.719626168224299,0.8770491803278688,0.2803738317757009,0.2149532710280373,0.5046728971962616
World Journal of Mens Health,2012,2287-4690,0,,Urology & Nephrology,Andrology; Urology & Nephrology,WORLD J MENS HEALTH,3,0,3,3,3,0,0,13,1.0,0.0,0.2307692307692307,1.0,0.0,0.0
World Journal of Mens Health,2013,2287-4690,0,,Urology & Nephrology,Andrology; Urology & Nephrology,WORLD J MENS HEALTH,5,0,5,5,5,0,0,22,1.0,0.0,0.2272727272727272,1.0,0.0,0.0
World Journal of Mens Health,2014,2287-4690,0,,Urology & Nephrology,Andrology; Urology & Nephrology,WORLD J MENS HEALTH,4,1,5,5,4,1,0,20,0.8,0.2,0.25,0.8,0.2,0.0
World Journal of Mens Health,2015,2287-4690,0,,Urology & Nephrology,Andrology; Urology & Nephrology,WORLD J MENS HEALTH,3,0,3,3,3,0,0,17,1.0,0.0,0.1764705882352941,1.0,0.0,0.0
World Journal of Mens Health,2016,2287-4690,0,,Urology & Nephrology,Andrology; Urology & Nephrology,WORLD J MENS HEALTH,7,0,7,7,7,0,0,15,1.0,0.0,0.4666666666666667,1.0,0.0,0.0
World Journal of Mens Health,2017,2287-4690,0,,Urology & Nephrology,Andrology; Urology & Nephrology,WORLD J MENS HEALTH,6,1,7,7,6,1,0,16,0.8571428571428571,0.1428571428571428,0.4375,0.8571428571428571,0.1428571428571428,0.0
World Journal of Mens Health,2018,2287-4690,0,,Urology & Nephrology,Andrology; Urology & Nephrology,WORLD J MENS HEALTH,7,3,10,10,7,3,0,15,0.7,0.3,0.6666666666666666,0.7,0.3,0.0
World Journal of Mens Health,2019,2287-4690,0,,Urology & Nephrology,Andrology; Urology & Nephrology,WORLD J MENS HEALTH,7,1,8,8,7,1,0,20,0.875,0.125,0.4,0.875,0.125,0.0
World Journal of Mens Health,2020,2287-4690,0,,Urology & Nephrology,Andrology; Urology & Nephrology,WORLD J MENS HEALTH,11,3,13,13,10,2,1,28,0.8461538461538461,0.2307692307692307,0.4642857142857143,0.7692307692307693,0.1538461538461538,0.0769230769230769
World Journal of Mens Health,2021,2287-4690,0,,Urology & Nephrology,Andrology; Urology & Nephrology,WORLD J MENS HEALTH,13,8,20,20,12,7,1,44,0.65,0.4,0.4545454545454545,0.6,0.35,0.05
World Journal of Mens Health,2022,2287-4690,0,,Urology & Nephrology,Andrology; Urology & Nephrology,WORLD J MENS HEALTH,4,7,10,10,3,6,1,36,0.4,0.7,0.2777777777777778,0.3,0.6,0.1
World Journal of Mens Health,2023,2287-4690,0,,Urology & Nephrology,Andrology; Urology & Nephrology,WORLD J MENS HEALTH,14,10,21,21,11,7,3,47,0.6666666666666666,0.4761904761904761,0.4468085106382978,0.5238095238095238,0.3333333333333333,0.1428571428571428
World Journal of Mens Health,2024,2287-4690,0,,Urology & Nephrology,Andrology; Urology & Nephrology,WORLD J MENS HEALTH,10,10,16,16,6,6,4,41,0.625,0.625,0.3902439024390244,0.375,0.375,0.25
World Journal of Mens Health,2025,2287-4690,0,,Urology & Nephrology,Andrology; Urology & Nephrology,WORLD J MENS HEALTH,20,20,32,32,12,12,8,77,0.625,0.625,0.4155844155844156,0.375,0.375,0.25
